0	3	20	 0.01131, 0.01044, 0.00631, 0.00645, 0.00716, 0.00685,
0	4	20	 0.01126, 0.00931, 0.00596, 0.00572, 0.00629, 0.00600,
0	5	20	 0.01120, 0.00955, 0.00625, 0.00638, 0.00609, 0.00609,
0	6	20	 0.01135, 0.00984, 0.00622, 0.00604, 0.00593, 0.00631,
0	7	20	 0.01108, 0.00900, 0.00564, 0.00614, 0.00696, 0.00595,
0	8	20	 0.01100, 0.01024, 0.00600, 0.00598, 0.00607, 0.00607,
20	3	20	 0.01141, 0.00929, 0.00591, 0.00614, 0.00639, 0.00738,
20	4	20	 0.01164, 0.00926, 0.00608, 0.00640, 0.00712, 0.00657,
20	5	20	 0.01173, 0.01045, 0.00594, 0.00639, 0.00689, 0.00637,
20	6	20	 0.01120, 0.00887, 0.00564, 0.00628, 0.00598, 0.00574,
20	7	20	 0.01177, 0.00927, 0.00662, 0.00616, 0.00640, 0.00625,
20	8	20	 0.01134, 0.00920, 0.00602, 0.00603, 0.00665, 0.00678,
40	3	20	 0.01179, 0.00981, 0.00651, 0.00601, 0.00612, 0.00601,
40	4	20	 0.01093, 0.00911, 0.00566, 0.00576, 0.00595, 0.00660,
40	5	20	 0.01131, 0.00919, 0.00580, 0.00574, 0.00597, 0.00673,
40	6	20	 0.01149, 0.00899, 0.00578, 0.00579, 0.00596, 0.00645,
40	7	20	 0.01109, 0.00888, 0.00575, 0.00620, 0.00566, 0.00604,
40	8	20	 0.01208, 0.00946, 0.00619, 0.00603, 0.00616, 0.00659,
60	3	20	 0.01149, 0.00927, 0.00674, 0.00565, 0.00570, 0.00570,
60	4	20	 0.01120, 0.00900, 0.00570, 0.00576, 0.00612, 0.00708,
60	5	20	 0.01138, 0.00920, 0.00603, 0.00643, 0.00733, 0.00664,
60	6	20	 0.01167, 0.00942, 0.00602, 0.00634, 0.00718, 0.00672,
60	7	20	 0.01149, 0.00919, 0.00595, 0.00615, 0.00708, 0.00691,
60	8	20	 0.01175, 0.00936, 0.00613, 0.00661, 0.00756, 0.00736,
80	3	20	 0.01154, 0.01003, 0.00699, 0.00624, 0.00610, 0.00630,
80	4	20	 0.01123, 0.00934, 0.00574, 0.00576, 0.00575, 0.00586,
80	5	20	 0.01128, 0.00948, 0.00631, 0.00658, 0.00598, 0.00601,
80	6	20	 0.01115, 0.00982, 0.00623, 0.00594, 0.00595, 0.00573,
80	7	20	 0.01154, 0.01052, 0.00641, 0.00641, 0.00598, 0.00604,
80	8	20	 0.01169, 0.00903, 0.00584, 0.00607, 0.00581, 0.00575,
0	3	40	 0.01129, 0.00977, 0.00593, 0.00604, 0.00572, 0.00663,
0	4	40	 0.01116, 0.00971, 0.00574, 0.00572, 0.00578, 0.00592,
0	5	40	 0.01175, 0.00981, 0.00676, 0.00608, 0.00614, 0.00602,
0	6	40	 0.01067, 0.00905, 0.00575, 0.00576, 0.00592, 0.00671,
0	7	40	 0.01123, 0.00985, 0.00595, 0.00613, 0.00589, 0.00587,
0	8	40	 0.01160, 0.00959, 0.00640, 0.00727, 0.00677, 0.00632,
20	3	40	 0.01150, 0.00913, 0.00610, 0.00619, 0.00638, 0.00635,
20	4	40	 0.01137, 0.00947, 0.00650, 0.00584, 0.00573, 0.00584,
20	5	40	 0.01180, 0.00956, 0.00579, 0.00588, 0.00573, 0.00567,
20	6	40	 0.01141, 0.00953, 0.00637, 0.00679, 0.00632, 0.00622,
20	7	40	 0.01129, 0.00923, 0.00587, 0.00646, 0.00716, 0.00658,
20	8	40	 0.01147, 0.00937, 0.00596, 0.00605, 0.00623, 0.00638,
40	3	40	 0.01111, 0.01006, 0.00611, 0.00573, 0.00576, 0.00579,
40	4	40	 0.01132, 0.00934, 0.00569, 0.00603, 0.00616, 0.00583,
40	5	40	 0.01136, 0.01000, 0.00571, 0.00571, 0.00577, 0.00581,
40	6	40	 0.01163, 0.00993, 0.00674, 0.00566, 0.00571, 0.00568,
40	7	40	 0.01143, 0.00898, 0.00574, 0.00597, 0.00678, 0.00606,
40	8	40	 0.01145, 0.00937, 0.00598, 0.00597, 0.00583, 0.00689,
60	3	40	 0.01107, 0.00952, 0.00610, 0.00603, 0.00570, 0.00584,
60	4	40	 0.01121, 0.00961, 0.00634, 0.00570, 0.00573, 0.00588,
60	5	40	 0.01128, 0.00987, 0.00664, 0.00640, 0.00624, 0.00609,
60	6	40	 0.01171, 0.00946, 0.00614, 0.00567, 0.00572, 0.00566,
60	7	40	 0.01140, 0.00992, 0.00659, 0.00595, 0.00569, 0.00572,
60	8	40	 0.01162, 0.00892, 0.00561, 0.00625, 0.00569, 0.00565,
80	3	40	 0.01163, 0.00971, 0.00624, 0.00599, 0.00628, 0.00671,
80	4	40	 0.01085, 0.00913, 0.00565, 0.00588, 0.00624, 0.00594,
80	5	40	 0.01138, 0.00973, 0.00598, 0.00618, 0.00659, 0.00764,
80	6	40	 0.01069, 0.00974, 0.00570, 0.00588, 0.00580, 0.00595,
80	7	40	 0.01139, 0.00914, 0.00581, 0.00600, 0.00567, 0.00578,
80	8	40	 0.01153, 0.00957, 0.00644, 0.00721, 0.00581, 0.00575,
0	3	60	 0.01156, 0.00884, 0.00564, 0.00589, 0.00576, 0.00560,
0	4	60	 0.01171, 0.00909, 0.00632, 0.00612, 0.00671, 0.00575,
0	5	60	 0.01110, 0.00913, 0.00571, 0.00582, 0.00604, 0.00666,
0	6	60	 0.01190, 0.01018, 0.00712, 0.00654, 0.00696, 0.00582,
0	7	60	 0.01125, 0.00939, 0.00600, 0.00636, 0.00710, 0.00667,
0	8	60	 0.01133, 0.00899, 0.00571, 0.00634, 0.00586, 0.00575,
20	3	60	 0.01098, 0.00930, 0.00566, 0.00573, 0.00574, 0.00594,
20	4	60	 0.01179, 0.00983, 0.00653, 0.00712, 0.00606, 0.00577,
20	5	60	 0.01124, 0.00947, 0.00602, 0.00638, 0.00730, 0.00602,
20	6	60	 0.01144, 0.00922, 0.00578, 0.00569, 0.00570, 0.00598,
20	7	60	 0.01146, 0.00932, 0.00599, 0.00572, 0.00578, 0.00594,
20	8	60	 0.01111, 0.00905, 0.00582, 0.00573, 0.00588, 0.00664,
40	3	60	 0.01165, 0.01014, 0.00695, 0.00574, 0.00580, 0.00575,
40	4	60	 0.01146, 0.00954, 0.00594, 0.00713, 0.00652, 0.00608,
40	5	60	 0.01183, 0.00927, 0.00601, 0.00640, 0.00695, 0.00588,
40	6	60	 0.01136, 0.00891, 0.00567, 0.00622, 0.00673, 0.00567,
40	7	60	 0.01113, 0.00889, 0.00602, 0.00654, 0.00642, 0.00678,
40	8	60	 0.01191, 0.00889, 0.00562, 0.00600, 0.00575, 0.00570,
60	3	60	 0.01115, 0.00984, 0.00596, 0.00596, 0.00606, 0.00642,
60	4	60	 0.01143, 0.00986, 0.00617, 0.00605, 0.00605, 0.00605,
60	5	60	 0.01147, 0.01016, 0.00712, 0.00574, 0.00567, 0.00581,
60	6	60	 0.01154, 0.00971, 0.00573, 0.00569, 0.00572, 0.00589,
60	7	60	 0.01158, 0.00896, 0.00622, 0.00620, 0.00671, 0.00582,
60	8	60	 0.01166, 0.00984, 0.00680, 0.00597, 0.00570, 0.00573,
80	3	60	 0.01137, 0.00969, 0.00657, 0.00665, 0.00654, 0.00610,
80	4	60	 0.01100, 0.00950, 0.00557, 0.00579, 0.00594, 0.00602,
80	5	60	 0.01153, 0.00903, 0.00569, 0.00595, 0.00574, 0.00566,
80	6	60	 0.01125, 0.00908, 0.00596, 0.00613, 0.00578, 0.00586,
80	7	60	 0.01164, 0.00944, 0.00699, 0.00605, 0.00661, 0.00649,
80	8	60	 0.01133, 0.00934, 0.00609, 0.00617, 0.00667, 0.00715,
0	3	80	 0.01138, 0.00903, 0.00572, 0.00610, 0.00577, 0.00576,
0	4	80	 0.01117, 0.00906, 0.00588, 0.00566, 0.00592, 0.00600,
0	5	80	 0.01137, 0.00902, 0.00568, 0.00578, 0.00588, 0.00608,
0	6	80	 0.01144, 0.00910, 0.00604, 0.00629, 0.00675, 0.00575,
0	7	80	 0.01143, 0.00952, 0.00603, 0.00571, 0.00568, 0.00578,
0	8	80	 0.01129, 0.00963, 0.00613, 0.00571, 0.00575, 0.00598,
20	3	80	 0.01127, 0.00967, 0.00673, 0.00571, 0.00579, 0.00572,
20	4	80	 0.01141, 0.00987, 0.00737, 0.00643, 0.00576, 0.00585,
20	5	80	 0.01114, 0.00931, 0.00563, 0.00578, 0.00579, 0.00623,
20	6	80	 0.01099, 0.00904, 0.00568, 0.00572, 0.00575, 0.00599,
20	7	80	 0.01141, 0.00902, 0.00575, 0.00669, 0.00584, 0.00576,
20	8	80	 0.01162, 0.01008, 0.00701, 0.00655, 0.00608, 0.00608,
40	3	80	 0.01123, 0.00902, 0.00657, 0.00565, 0.00561, 0.00650,
40	4	80	 0.01170, 0.00931, 0.00593, 0.00617, 0.00661, 0.00701,
40	5	80	 0.01147, 0.00970, 0.00610, 0.00602, 0.00569, 0.00610,
40	6	80	 0.01147, 0.00898, 0.00578, 0.00615, 0.00586, 0.00588,
40	7	80	 0.01157, 0.00921, 0.00584, 0.00619, 0.00639, 0.00585,
40	8	80	 0.01090, 0.00981, 0.00610, 0.00603, 0.00605, 0.00623,
60	3	80	 0.01221, 0.00942, 0.00652, 0.00641, 0.00618, 0.00636,
60	4	80	 0.01152, 0.00942, 0.00619, 0.00609, 0.00589, 0.00610,
60	5	80	 0.01139, 0.00935, 0.00611, 0.00642, 0.00724, 0.00682,
60	6	80	 0.01161, 0.00986, 0.00714, 0.00622, 0.00636, 0.00606,
60	7	80	 0.01109, 0.01012, 0.00616, 0.00636, 0.00613, 0.00628,
60	8	80	 0.01129, 0.01019, 0.00634, 0.00609, 0.00617, 0.00608,
80	3	80	 0.01108, 0.00945, 0.00633, 0.00587, 0.00579, 0.00617,
80	4	80	 0.01088, 0.01016, 0.00578, 0.00575, 0.00577, 0.00595,
80	5	80	 0.01111, 0.00898, 0.00572, 0.00586, 0.00588, 0.00616,
80	6	80	 0.01163, 0.00954, 0.00585, 0.00592, 0.00619, 0.00649,
80	7	80	 0.01139, 0.00884, 0.00588, 0.00619, 0.00615, 0.00578,
80	8	80	 0.01085, 0.00907, 0.00560, 0.00572, 0.00589, 0.00674,
0	3	100	 0.01098, 0.00954, 0.00566, 0.00574, 0.00598, 0.00670,
0	4	100	 0.01120, 0.01033, 0.00599, 0.00596, 0.00598, 0.00604,
0	5	100	 0.01119, 0.00932, 0.00563, 0.00566, 0.00576, 0.00620,
0	6	100	 0.01070, 0.00907, 0.00559, 0.00574, 0.00586, 0.00673,
0	7	100	 0.01151, 0.00958, 0.00666, 0.00575, 0.00570, 0.00576,
0	8	100	 0.01150, 0.00913, 0.00578, 0.00593, 0.00583, 0.00585,
20	3	100	 0.01126, 0.00994, 0.00625, 0.00572, 0.00570, 0.00592,
20	4	100	 0.01154, 0.00933, 0.00607, 0.00638, 0.00734, 0.00674,
20	5	100	 0.01194, 0.00942, 0.00612, 0.00608, 0.00608, 0.00583,
20	6	100	 0.01185, 0.00955, 0.00616, 0.00625, 0.00674, 0.00585,
20	7	100	 0.01129, 0.00887, 0.00557, 0.00601, 0.00610, 0.00574,
20	8	100	 0.01126, 0.00997, 0.00645, 0.00616, 0.00596, 0.00584,
40	3	100	 0.01127, 0.01042, 0.00598, 0.00599, 0.00617, 0.00611,
40	4	100	 0.01150, 0.00951, 0.00607, 0.00668, 0.00621, 0.00572,
40	5	100	 0.01146, 0.00937, 0.00605, 0.00614, 0.00645, 0.00721,
40	6	100	 0.01110, 0.01095, 0.00604, 0.00575, 0.00577, 0.00576,
40	7	100	 0.01132, 0.00906, 0.00569, 0.00578, 0.00707, 0.00677,
40	8	100	 0.01172, 0.00943, 0.00595, 0.00617, 0.00569, 0.00583,
60	3	100	 0.01155, 0.00927, 0.00654, 0.00577, 0.00571, 0.00568,
60	4	100	 0.01162, 0.00945, 0.00583, 0.00616, 0.00693, 0.00708,
60	5	100	 0.01143, 0.00924, 0.00591, 0.00594, 0.00624, 0.00589,
60	6	100	 0.01128, 0.00945, 0.00607, 0.00601, 0.00618, 0.00672,
60	7	100	 0.01153, 0.00912, 0.00665, 0.00568, 0.00573, 0.00571,
60	8	100	 0.01147, 0.00975, 0.00707, 0.00611, 0.00602, 0.00597,
80	3	100	 0.01113, 0.00916, 0.00593, 0.00615, 0.00641, 0.00647,
80	4	100	 0.01167, 0.00902, 0.00565, 0.00645, 0.00584, 0.00582,
80	5	100	 0.01180, 0.00988, 0.00664, 0.00612, 0.00586, 0.00584,
80	6	100	 0.01119, 0.00971, 0.00620, 0.00610, 0.00629, 0.00622,
80	7	100	 0.01098, 0.00915, 0.00555, 0.00572, 0.00606, 0.00693,
80	8	100	 0.01153, 0.00963, 0.00659, 0.00575, 0.00574, 0.00576,
0	3	20	 0.01165, 0.00995, 0.00675, 0.00567, 0.00574, 0.00603,
0	4	20	 0.01161, 0.00988, 0.00709, 0.00601, 0.00703, 0.00684,
0	5	20	 0.01142, 0.00936, 0.00572, 0.00572, 0.00574, 0.00594,
0	6	20	 0.01081, 0.00954, 0.00591, 0.00600, 0.00729, 0.00607,
0	7	20	 0.01110, 0.00910, 0.00573, 0.00581, 0.00592, 0.00659,
0	8	20	 0.01102, 0.00911, 0.00596, 0.00631, 0.00715, 0.00577,
20	3	20	 0.01136, 0.00923, 0.00575, 0.00641, 0.00595, 0.00587,
20	4	20	 0.01143, 0.00956, 0.00620, 0.00565, 0.00575, 0.00573,
20	5	20	 0.01157, 0.01003, 0.00653, 0.00584, 0.00566, 0.00575,
20	6	20	 0.01123, 0.00889, 0.00567, 0.00580, 0.00600, 0.00593,
20	7	20	 0.01122, 0.00890, 0.00557, 0.00567, 0.00586, 0.00598,
20	8	20	 0.01148, 0.00917, 0.00605, 0.00613, 0.00646, 0.00694,
40	3	20	 0.01139, 0.00897, 0.00566, 0.00589, 0.00563, 0.00567,
40	4	20	 0.01168, 0.00896, 0.00571, 0.00616, 0.00581, 0.00573,
40	5	20	 0.01176, 0.00933, 0.00611, 0.00673, 0.00577, 0.00573,
40	6	20	 0.01171, 0.00942, 0.00595, 0.00632, 0.00631, 0.00685,
40	7	20	 0.01182, 0.01028, 0.00688, 0.00573, 0.00564, 0.00567,
40	8	20	 0.01121, 0.00895, 0.00688, 0.00651, 0.00629, 0.00619,
60	3	20	 0.01221, 0.00946, 0.00623, 0.00632, 0.00601, 0.00670,
60	4	20	 0.01169, 0.00988, 0.00642, 0.00572, 0.00565, 0.00571,
60	5	20	 0.01164, 0.00940, 0.00599, 0.00641, 0.00714, 0.00670,
60	6	20	 0.01174, 0.00925, 0.00594, 0.00644, 0.00707, 0.00662,
60	7	20	 0.01185, 0.00983, 0.00632, 0.00733, 0.00652, 0.00609,
60	8	20	 0.01168, 0.00936, 0.00591, 0.00632, 0.00700, 0.00628,
80	3	20	 0.01129, 0.00954, 0.01081, 0.00735, 0.00897, 0.00789,
80	4	20	 0.01168, 0.00941, 0.00616, 0.00569, 0.00617, 0.00644,
80	5	20	 0.01112, 0.00936, 0.00619, 0.00615, 0.00634, 0.00612,
80	6	20	 0.01126, 0.00897, 0.00563, 0.00615, 0.00578, 0.00570,
80	7	20	 0.01126, 0.00925, 0.00599, 0.00637, 0.00704, 0.00681,
80	8	20	 0.01171, 0.00951, 0.00604, 0.00657, 0.00711, 0.00770,
0	3	40	 0.01165, 0.00921, 0.00580, 0.00614, 0.00579, 0.00566,
0	4	40	 0.01127, 0.01012, 0.00672, 0.00614, 0.00592, 0.00631,
0	5	40	 0.01149, 0.00951, 0.00641, 0.00664, 0.00609, 0.00614,
0	6	40	 0.01152, 0.00953, 0.00617, 0.00665, 0.00610, 0.00590,
0	7	40	 0.01139, 0.00955, 0.00615, 0.00616, 0.00596, 0.00646,
0	8	40	 0.01133, 0.00969, 0.00638, 0.00577, 0.00578, 0.00585,
20	3	40	 0.01157, 0.00934, 0.00575, 0.00615, 0.00642, 0.00718,
20	4	40	 0.01116, 0.00965, 0.00635, 0.00601, 0.00626, 0.00610,
20	5	40	 0.01130, 0.00944, 0.00600, 0.00581, 0.00573, 0.00582,
20	6	40	 0.01168, 0.01000, 0.00630, 0.00580, 0.00583, 0.00578,
20	7	40	 0.01127, 0.00900, 0.00566, 0.00597, 0.00574, 0.00581,
20	8	40	 0.01149, 0.00935, 0.00615, 0.00685, 0.00571, 0.00573,
40	3	40	 0.01162, 0.00988, 0.00743, 0.00604, 0.00596, 0.00606,
40	4	40	 0.01122, 0.00901, 0.00566, 0.00593, 0.00596, 0.00562,
40	5	40	 0.01135, 0.00946, 0.00590, 0.00570, 0.00571, 0.00565,
40	6	40	 0.01135, 0.00893, 0.00562, 0.00660, 0.00600, 0.00561,
40	7	40	 0.01125, 0.00911, 0.00571, 0.00574, 0.00571, 0.00571,
40	8	40	 0.01140, 0.01012, 0.00576, 0.00575, 0.00585, 0.00594,
60	3	40	 0.01142, 0.00984, 0.00630, 0.00710, 0.00583, 0.00569,
60	4	40	 0.01143, 0.00948, 0.00618, 0.00585, 0.00562, 0.00574,
60	5	40	 0.01181, 0.00974, 0.00614, 0.00568, 0.00574, 0.00608,
60	6	40	 0.01093, 0.00895, 0.00564, 0.00576, 0.00592, 0.00632,
60	7	40	 0.01212, 0.00980, 0.00651, 0.00571, 0.00577, 0.00571,
60	8	40	 0.01159, 0.00900, 0.00561, 0.00608, 0.00573, 0.00571,
80	3	40	 0.01159, 0.00922, 0.00626, 0.00625, 0.00679, 0.00592,
80	4	40	 0.01158, 0.00923, 0.00600, 0.00611, 0.00576, 0.00585,
80	5	40	 0.01103, 0.00910, 0.00561, 0.00572, 0.00588, 0.00615,
80	6	40	 0.01082, 0.00980, 0.00616, 0.00639, 0.00606, 0.00606,
80	7	40	 0.01107, 0.00951, 0.00566, 0.00577, 0.00580, 0.00590,
80	8	40	 0.01133, 0.00952, 0.00686, 0.00598, 0.00614, 0.00597,
0	3	60	 0.01154, 0.00900, 0.00574, 0.00618, 0.00594, 0.00591,
0	4	60	 0.01113, 0.00903, 0.00563, 0.00585, 0.00596, 0.00696,
0	5	60	 0.01148, 0.00934, 0.00594, 0.00631, 0.00717, 0.00638,
0	6	60	 0.01181, 0.00888, 0.00574, 0.00598, 0.00602, 0.00568,
0	7	60	 0.01185, 0.00942, 0.00593, 0.00607, 0.00617, 0.00570,
0	8	60	 0.01146, 0.00941, 0.00591, 0.00608, 0.00561, 0.00585,
20	3	60	 0.01171, 0.00900, 0.00569, 0.00590, 0.00574, 0.00564,
20	4	60	 0.01169, 0.00990, 0.00680, 0.00571, 0.00569, 0.00574,
20	5	60	 0.01145, 0.00950, 0.00573, 0.00583, 0.00595, 0.00612,
20	6	60	 0.01163, 0.00953, 0.00607, 0.00649, 0.00638, 0.00579,
20	7	60	 0.01151, 0.00916, 0.00680, 0.00571, 0.00569, 0.00577,
20	8	60	 0.01095, 0.00981, 0.00615, 0.00605, 0.00615, 0.00607,
40	3	60	 0.01134, 0.00893, 0.00582, 0.00616, 0.00612, 0.00613,
40	4	60	 0.01128, 0.00945, 0.00569, 0.00582, 0.00597, 0.00656,
40	5	60	 0.01171, 0.00975, 0.00646, 0.00640, 0.00576, 0.00572,
40	6	60	 0.01174, 0.01012, 0.00644, 0.00626, 0.00570, 0.00571,
40	7	60	 0.01177, 0.01026, 0.00715, 0.00592, 0.00572, 0.00579,
40	8	60	 0.01166, 0.00925, 0.00599, 0.00643, 0.00698, 0.00572,
60	3	60	 0.01155, 0.00925, 0.00588, 0.00625, 0.00639, 0.00696,
60	4	60	 0.01145, 0.00989, 0.00630, 0.00603, 0.00630, 0.00631,
60	5	60	 0.01171, 0.00958, 0.00619, 0.00748, 0.00828, 0.00775,
60	6	60	 0.01133, 0.00947, 0.00572, 0.00579, 0.00586, 0.00622,
60	7	60	 0.01095, 0.00954, 0.00590, 0.00603, 0.00585, 0.00593,
60	8	60	 0.01162, 0.00953, 0.00582, 0.00597, 0.00641, 0.00592,
80	3	60	 0.01166, 0.00984, 0.00735, 0.00591, 0.00569, 0.00572,
80	4	60	 0.01151, 0.01025, 0.00589, 0.00612, 0.00641, 0.00705,
80	5	60	 0.01132, 0.00943, 0.00624, 0.00576, 0.00575, 0.00587,
80	6	60	 0.01094, 0.00889, 0.00561, 0.00605, 0.00591, 0.00644,
80	7	60	 0.01133, 0.00973, 0.00603, 0.00595, 0.00579, 0.00598,
80	8	60	 0.01160, 0.00939, 0.00591, 0.00615, 0.00580, 0.00591,
0	3	80	 0.01291, 0.01108, 0.00723, 0.00782, 0.00739, 0.00712,
0	4	80	 0.01352, 0.01127, 0.00690, 0.00699, 0.00702, 0.00691,
0	5	80	 0.01369, 0.01161, 0.00790, 0.00809, 0.00752, 0.00784,
0	6	80	 0.01530, 0.01419, 0.00973, 0.01005, 0.01021, 0.00975,
0	7	80	 0.01460, 0.01211, 0.00767, 0.00817, 0.00784, 0.00788,
0	8	80	 0.01535, 0.01300, 0.00772, 0.00787, 0.00791, 0.00909,
20	3	80	 0.01374, 0.01165, 0.00750, 0.00745, 0.00727, 0.00707,
20	4	80	 0.01239, 0.01140, 0.00704, 0.00694, 0.00750, 0.00710,
20	5	80	 0.01333, 0.01255, 0.00899, 0.00859, 0.00867, 0.00780,
20	6	80	 0.01354, 0.01175, 0.00822, 0.00863, 0.00846, 0.00810,
20	7	80	 0.01312, 0.01075, 0.00680, 0.00704, 0.00731, 0.00705,
20	8	80	 0.01231, 0.01070, 0.00700, 0.00728, 0.00794, 0.00741,
40	3	80	 0.01330, 0.01071, 0.00677, 0.00682, 0.00675, 0.00675,
40	4	80	 0.01246, 0.01084, 0.00678, 0.00681, 0.00700, 0.00713,
40	5	80	 0.01523, 0.01324, 0.00925, 0.00792, 0.00771, 0.00815,
40	6	80	 0.01240, 0.01144, 0.00778, 0.00821, 0.00810, 0.00858,
40	7	80	 0.01475, 0.01125, 0.00708, 0.00727, 0.00717, 0.00709,
40	8	80	 0.01362, 0.01173, 0.00806, 0.00790, 0.00815, 0.00860,
60	3	80	 0.01478, 0.01207, 0.00852, 0.00827, 0.00775, 0.00798,
60	4	80	 0.01304, 0.01424, 0.00916, 0.00809, 0.00798, 0.00855,
60	5	80	 0.01318, 0.01176, 0.00751, 0.00784, 0.00743, 0.00741,
60	6	80	 0.01334, 0.01121, 0.00768, 0.00698, 0.00680, 0.00698,
60	7	80	 0.01253, 0.01099, 0.00710, 0.00730, 0.00685, 0.00686,
60	8	80	 0.01289, 0.01105, 0.00723, 0.00732, 0.00675, 0.00689,
80	3	80	 0.01334, 0.01147, 0.00773, 0.00819, 0.00841, 0.00860,
80	4	80	 0.01274, 0.01083, 0.00687, 0.00711, 0.00706, 0.00713,
80	5	80	 0.01254, 0.01085, 0.00677, 0.00684, 0.00698, 0.00737,
80	6	80	 0.01743, 0.01535, 0.00960, 0.01002, 0.00937, 0.00912,
80	7	80	 0.01227, 0.01025, 0.00692, 0.00742, 0.00694, 0.00710,
80	8	80	 0.01266, 0.01081, 0.00695, 0.00713, 0.00709, 0.00678,
0	3	100	 0.01198, 0.01082, 0.00722, 0.00683, 0.00657, 0.00745,
0	4	100	 0.01216, 0.00985, 0.00636, 0.00661, 0.00661, 0.00642,
0	5	100	 0.01243, 0.01042, 0.00668, 0.00628, 0.00635, 0.00644,
0	6	100	 0.01252, 0.01071, 0.00679, 0.00705, 0.00709, 0.00658,
0	7	100	 0.01349, 0.01076, 0.00692, 0.00724, 0.00671, 0.00638,
0	8	100	 0.01157, 0.01012, 0.00641, 0.00658, 0.00659, 0.00647,
20	3	100	 0.01272, 0.01047, 0.00636, 0.00663, 0.00711, 0.00705,
20	4	100	 0.01240, 0.01077, 0.00687, 0.00631, 0.00633, 0.00625,
20	5	100	 0.01239, 0.01017, 0.00651, 0.00674, 0.00672, 0.00750,
20	6	100	 0.01218, 0.01000, 0.00624, 0.00662, 0.00669, 0.00633,
20	7	100	 0.01250, 0.01036, 0.00648, 0.00630, 0.00636, 0.00657,
20	8	100	 0.01251, 0.01026, 0.00673, 0.00669, 0.00681, 0.00672,
40	3	100	 0.01212, 0.00995, 0.00656, 0.00614, 0.00621, 0.00627,
40	4	100	 0.01248, 0.01047, 0.00714, 0.00686, 0.00669, 0.00672,
40	5	100	 0.01234, 0.00999, 0.00618, 0.00631, 0.00637, 0.00639,
40	6	100	 0.01200, 0.00976, 0.00624, 0.00639, 0.00657, 0.00664,
40	7	100	 0.01228, 0.01159, 0.00800, 0.00730, 0.00685, 0.00638,
40	8	100	 0.01385, 0.01376, 0.00768, 0.00959, 0.00832, 0.00793,
60	3	100	 0.01253, 0.01048, 0.00668, 0.00660, 0.00669, 0.00660,
60	4	100	 0.01255, 0.01054, 0.00689, 0.00674, 0.00638, 0.00633,
60	5	100	 0.01241, 0.01041, 0.00635, 0.00643, 0.00679, 0.00678,
60	6	100	 0.01178, 0.01037, 0.00621, 0.00633, 0.00639, 0.00624,
60	7	100	 0.01212, 0.01012, 0.00655, 0.00625, 0.00639, 0.00646,
60	8	100	 0.01242, 0.00985, 0.00621, 0.00637, 0.00648, 0.00660,
80	3	100	 0.01250, 0.01041, 0.00657, 0.00661, 0.00665, 0.00661,
80	4	100	 0.01236, 0.01035, 0.00657, 0.00700, 0.00646, 0.00669,
80	5	100	 0.01218, 0.01000, 0.00601, 0.00675, 0.00764, 0.00661,
80	6	100	 0.01238, 0.00973, 0.00610, 0.00620, 0.00634, 0.00641,
80	7	100	 0.01176, 0.00993, 0.00607, 0.00618, 0.00624, 0.00629,
80	8	100	 0.01216, 0.01054, 0.00601, 0.00617, 0.00625, 0.00656,
 0.02299, 0.02079, 0.01130, 0.01144, 0.01159, 0.01167,
 0.01149, 0.00986, 0.00648, 0.00619, 0.00641, 0.00626,




10	10	10	27.483202375177257	-0.730235323021619	1428.083451536455	-0.14343330639491580	3	20	27.483202375177257	-0.730235323021619	1428.083451536455	-0.14343330639491580	4	20	27.483202375177257	-0.730235323021619	1428.083451536455	-0.14343330639491580	5	20	27.483202375177257	-0.730235323021619	1428.083451536455	-0.14343330639491580	6	20	27.483202375177257	-0.730235323021619	1428.083451536455	-0.14343330639491580	7	20	27.483202375177257	-0.730235323021619	1428.083451536455	-0.14343330639491580	8	20	27.483202375177257	-0.730235323021619	1428.083451536455	-0.143433306394915820	3	20	27.483202375177257	-0.730235323021619	1428.083451536455	-0.143433306394915820	4	20	27.483202375177257	-0.730235323021619	1428.083451536455	-0.143433306394915820	5	20	27.483202375177257	-0.730235323021619	1428.083451536455	-0.143433306394915820	6	20	27.483202375177257	-0.730235323021619	1428.083451536455	-0.143433306394915820	7	20	27.483202375177257	-0.730235323021619	1428.083451536455	-0.143433306394915820	8	20	27.483202375177257	-0.730235323021619	1428.083451536455	-0.143433306394915840	3	20	27.483202375177257	-0.730235323021619	1428.083451536455	-0.143433306394915840	4	20	27.483202375177257	-0.730235323021619	1428.083451536455	-0.143433306394915840	5	20	27.483202375177257	-0.730235323021619	1428.083451536455	-0.143433306394915840	6	20	27.483202375177257	-0.730235323021619	1428.083451536455	-0.143433306394915840	7	20	27.483202375177257	-0.730235323021619	1428.083451536455	-0.143433306394915840	8	20	27.483202375177257	-0.730235323021619	1428.083451536455	-0.143433306394915860	3	20	27.483202375177257	-0.730235323021619	1428.083451536455	-0.143433306394915860	4	20	27.483202375177257	-0.730235323021619	1428.083451536455	-0.143433306394915860	5	20	27.483202375177257	-0.730235323021619	1428.083451536455	-0.143433306394915860	6	20	27.483202375177257	-0.730235323021619	1428.083451536455	-0.143433306394915860	7	20	27.483202375177257	-0.730235323021619	1428.083451536455	-0.143433306394915860	8	20	27.483202375177257	-0.730235323021619	1428.083451536455	-0.143433306394915880	3	20	27.483202375177257	-0.730235323021619	1428.083451536455	-0.143433306394915880	4	20	27.483202375177257	-0.730235323021619	1428.083451536455	-0.143433306394915880	5	20	27.483202375177257	-0.730235323021619	1428.083451536455	-0.143433306394915880	6	20	27.483202375177257	-0.730235323021619	1428.083451536455	-0.143433306394915880	7	20	27.483202375177257	-0.730235323021619	1428.083451536455	-0.143433306394915880	8	20	27.483202375177257	-0.730235323021619	1428.083451536455	-0.14343330639491580	3	20	27.483202375177257	-0.730235323021619	1428.083451536455	-0.14343330639491580	4	20	27.483202375177257	-0.730235323021619	1428.083451536455	-0.14343330639491580	5	20	27.483202375177257	-0.730235323021619	1428.083451536455	-0.14343330639491580	6	20	27.483202375177257	-0.730235323021619	1428.083451536455	-0.14343330639491580	7	20	27.483202375177257	-0.730235323021619	1428.083451536455	-0.14343330639491580	8	20	27.483202375177257	-0.730235323021619	1428.083451536455	-0.143433306394915820	3	20	27.483202375177257	-0.730235323021619	1428.083451536455	-0.143433306394915820	4	20	27.483202375177257	-0.730235323021619	1428.083451536455	-0.143433306394915820	5	20	27.483202375177257	-0.730235323021619	1428.083451536455	-0.143433306394915820	6	20	27.483202375177257	-0.730235323021619	1428.083451536455	-0.143433306394915820	7	20	27.483202375177257	-0.730235323021619	1428.083451536455	-0.143433306394915820	8	20	27.483202375177257	-0.730235323021619	1428.083451536455	-0.143433306394915840	3	20	27.483202375177257	-0.730235323021619	1428.083451536455	-0.143433306394915840	4	20	27.483202375177257	-0.730235323021619	1428.083451536455	-0.143433306394915840	5	20	27.483202375177257	-0.730235323021619	1428.083451536455	-0.143433306394915840	6	20	27.483202375177257	-0.730235323021619	1428.083451536455	-0.143433306394915840	7	20	27.483202375177257	-0.730235323021619	1428.083451536455	-0.143433306394915840	8	20	27.483202375177257	-0.730235323021619	1428.083451536455	-0.143433306394915860	3	20	27.483202375177257	-0.730235323021619	1428.083451536455	-0.143433306394915860	4	20	27.483202375177257	-0.730235323021619	1428.083451536455	-0.143433306394915860	5	20	27.483202375177257	-0.730235323021619	1428.083451536455	-0.143433306394915860	6	20	27.483202375177257	-0.730235323021619	1428.083451536455	-0.143433306394915860	7	20	27.483202375177257	-0.730235323021619	1428.083451536455	-0.143433306394915860	8	20	27.483202375177257	-0.730235323021619	1428.083451536455	-0.143433306394915880	3	20	27.483202375177257	-0.730235323021619	1428.083451536455	-0.143433306394915880	4	20	27.483202375177257	-0.730235323021619	1428.083451536455	-0.143433306394915880	5	20	27.483202375177257	-0.730235323021619	1428.083451536455	-0.143433306394915880	6	20	27.483202375177257	-0.730235323021619	1428.083451536455	-0.143433306394915880	7	20	27.483202375177257	-0.730235323021619	1428.083451536455	-0.143433306394915880	8	20	27.483202375177257	-0.730235323021619	1428.083451536455	-0.14343330639491580	3	20	27.483202375177257	-0.730235323021619	1428.083451536455	-0.14343330639491580	4	20	27.483202375177257	-0.730235323021619	1428.083451536455	-0.14343330639491580	5	20	27.483202375177257	-0.730235323021619	1428.083451536455	-0.14343330639491580	6	20	27.483202375177257	-0.730235323021619	1428.083451536455	-0.14343330639491580	7	20	27.483202375177257	-0.730235323021619	1428.083451536455	-0.14343330639491580	8	20	27.483202375177257	-0.730235323021619	1428.083451536455	-0.143433306394915820	3	20	27.483202375177257	-0.730235323021619	1428.083451536455	-0.143433306394915820	4	20	27.483202375177257	-0.730235323021619	1428.083451536455	-0.143433306394915820	5	20	27.483202375177257	-0.730235323021619	1428.083451536455	-0.143433306394915820	6	20	27.483202375177257	-0.730235323021619	1428.083451536455	-0.143433306394915820	7	20	27.483202375177257	-0.730235323021619	1428.083451536455	-0.143433306394915820	8	20	27.483202375177257	-0.730235323021619	1428.083451536455	-0.1434333063949158
0	3	20	27.483202375177257	-0.730235323021619	1428.083451536455	-0.1434333063949158 0.01379, 0.01412, 0.00895, 0.00869, 0.00894, 0.00861,
0	4	20	27.483202375177257	-0.730235323021619	1428.083451536455	-0.1434333063949158 0.01356, 0.01326, 0.00822, 0.00812, 0.00822, 0.00793,
0	5	20	27.483202375177257	-0.730235323021619	1428.083451536455	-0.1434333063949158 0.01356, 0.01207, 0.00764, 0.00902, 0.00814, 0.00798,
0	6	20	27.483202375177257	-0.730235323021619	1428.083451536455	-0.1434333063949158 0.01408, 0.01227, 0.00820, 0.00832, 0.00820, 0.00883,
0	7	20	27.483202375177257	-0.730235323021619	1428.083451536455	-0.1434333063949158 0.01377, 0.01176, 0.00765, 0.00797, 0.00728, 0.00734,
0	8	20	27.483202375177257	-0.730235323021619	1428.083451536455	-0.1434333063949158 0.01379, 0.01194, 0.00856, 0.00857, 0.00817, 0.00754,
20	3	20	27.483202375177257	-0.730235323021619	1428.083451536455	-0.1434333063949158 0.01701, 0.01480, 0.00888, 0.00926, 0.00940, 0.00883,
20	4	20	27.483202375177257	-0.730235323021619	1428.083451536455	-0.1434333063949158 0.01523, 0.01278, 0.00762, 0.00809, 0.00862, 0.00899,
20	5	20	27.483202375177257	-0.730235323021619	1428.083451536455	-0.1434333063949158 0.01430, 0.01213, 0.00751, 0.00847, 0.00880, 0.00813,
20	6	20	27.483202375177257	-0.730235323021619	1428.083451536455	-0.1434333063949158 0.01413, 0.01197, 0.00769, 0.00765, 0.00734, 0.00828,
20	7	20	27.483202375177257	-0.730235323021619	1428.083451536455	-0.1434333063949158 0.01393, 0.01199, 0.00760, 0.00875, 0.00755, 0.00758,
20	8	20	27.483202375177257	-0.730235323021619	1428.083451536455	-0.1434333063949158 0.01770, 0.01547, 0.00842, 0.00819, 0.00810, 0.00778,
40	3	20	27.483202375177257	-0.730235323021619	1428.083451536455	-0.1434333063949158 0.01487, 0.01278, 0.00832, 0.00846, 0.00861, 0.00940,
40	4	20	27.483202375177257	-0.730235323021619	1428.083451536455	-0.1434333063949158 0.01545, 0.01436, 0.00829, 0.00781, 0.00790, 0.00763,
40	5	20	27.483202375177257	-0.730235323021619	1428.083451536455	-0.1434333063949158 0.01299, 0.01141, 0.00877, 0.00915, 0.00888, 0.00856,
40	6	20	27.483202375177257	-0.730235323021619	1428.083451536455	-0.1434333063949158 0.01370, 0.01299, 0.00828, 0.00790, 0.00785, 0.00909,
40	7	20	27.483202375177257	-0.730235323021619	1428.083451536455	-0.1434333063949158 0.01655, 0.01405, 0.01000, 0.00976, 0.00909, 0.00833,
40	8	20	27.483202375177257	-0.730235323021619	1428.083451536455	-0.1434333063949158 0.01355, 0.01150, 0.00760, 0.00750, 0.00780, 0.00793,
60	3	20	27.483202375177257	-0.730235323021619	1428.083451536455	-0.1434333063949158 0.01354, 0.01231, 0.00804, 0.00820, 0.00804, 0.00864,
60	4	20	27.483202375177257	-0.730235323021619	1428.083451536455	-0.1434333063949158 0.01463, 0.01324, 0.00925, 0.01010, 0.00963, 0.00910,
60	5	20	27.483202375177257	-0.730235323021619	1428.083451536455	-0.1434333063949158 0.01306, 0.01178, 0.00808, 0.00828, 0.00851, 0.00847,
60	6	20	27.483202375177257	-0.730235323021619	1428.083451536455	-0.1434333063949158 0.01280, 0.01143, 0.00764, 0.00780, 0.00770, 0.00756,
60	7	20	27.483202375177257	-0.730235323021619	1428.083451536455	-0.1434333063949158 0.01331, 0.01143, 0.00762, 0.00765, 0.00791, 0.00795,
60	8	20	27.483202375177257	-0.730235323021619	1428.083451536455	-0.1434333063949158 0.01526, 0.01281, 0.00884, 0.00904, 0.00902, 0.00841,
80	3	20	27.483202375177257	-0.730235323021619	1428.083451536455	-0.1434333063949158 0.01319, 0.01130, 0.00731, 0.00753, 0.00777, 0.00819,
80	4	20	27.483202375177257	-0.730235323021619	1428.083451536455	-0.1434333063949158 0.01282, 0.01133, 0.00749, 0.00776, 0.00797, 0.00794,
80	5	20	27.483202375177257	-0.730235323021619	1428.083451536455	-0.1434333063949158 0.01424, 0.01212, 0.00815, 0.00840, 0.00794, 0.00775,
80	6	20	27.483202375177257	-0.730235323021619	1428.083451536455	-0.1434333063949158 0.01490, 0.01286, 0.00873, 0.00895, 0.00898, 0.00887,
80	7	20	27.483202375177257	-0.730235323021619	1428.083451536455	-0.1434333063949158 0.01233, 0.01093, 0.00725, 0.00741, 0.00752, 0.00757,
80	8	20	27.483202375177257	-0.730235323021619	1428.083451536455	-0.1434333063949158 0.01519, 0.01242, 0.00829, 0.00816, 0.00766, 0.00741,
0	3	20	27.483202375177257	-0.730235323021619	1428.083451536455	-0.1434333063949158 0.01326, 0.01139, 0.00771, 0.00781, 0.00789, 0.00811,
0	4	20	27.483202375177257	-0.730235323021619	1428.083451536455	-0.1434333063949158 0.01337, 0.01158, 0.00819, 0.00800, 0.00789, 0.00756,
0	5	20	27.483202375177257	-0.730235323021619	1428.083451536455	-0.1434333063949158 0.01269, 0.01102, 0.00758, 0.00769, 0.00760, 0.00870,
0	6	20	27.483202375177257	-0.730235323021619	1428.083451536455	-0.1434333063949158 0.01527, 0.01408, 0.00919, 0.00956, 0.00969, 0.01746,
0	7	20	27.483202375177257	-0.730235323021619	1428.083451536455	-0.1434333063949158 0.01518, 0.01322, 0.00929, 0.00954, 0.00968, 0.00889,
0	8	20	27.483202375177257	-0.730235323021619	1428.083451536455	-0.1434333063949158 0.01282, 0.01108, 0.00755, 0.00865, 0.00852, 0.00853,
20	3	20	27.483202375177257	-0.730235323021619	1428.083451536455	-0.1434333063949158 0.01300, 0.01100, 0.00731, 0.00750, 0.00730, 0.00717,
20	4	20	27.483202375177257	-0.730235323021619	1428.083451536455	-0.1434333063949158 0.01336, 0.01157, 0.00801, 0.00783, 0.00860, 0.00867,
20	5	20	27.483202375177257	-0.730235323021619	1428.083451536455	-0.1434333063949158 0.01325, 0.01157, 0.00761, 0.00779, 0.00782, 0.00805,
20	6	20	27.483202375177257	-0.730235323021619	1428.083451536455	-0.1434333063949158 0.01307, 0.01166, 0.00762, 0.00795, 0.00781, 0.00838,
20	7	20	27.483202375177257	-0.730235323021619	1428.083451536455	-0.1434333063949158 0.01300, 0.01132, 0.00730, 0.00742, 0.00755, 0.00746,
20	8	20	27.483202375177257	-0.730235323021619	1428.083451536455	-0.1434333063949158 0.01320, 0.01147, 0.00757, 0.00760, 0.00787, 0.00767,
40	3	20	27.483202375177257	-0.730235323021619	1428.083451536455	-0.1434333063949158 0.01291, 0.01131, 0.00766, 0.00786, 0.00796, 0.00796,
40	4	20	27.483202375177257	-0.730235323021619	1428.083451536455	-0.1434333063949158 0.01430, 0.01348, 0.00834, 0.00848, 0.00774, 0.00771,
40	5	20	27.483202375177257	-0.730235323021619	1428.083451536455	-0.1434333063949158 0.01280, 0.01141, 0.00773, 0.00764, 0.00803, 0.00788,
40	6	20	27.483202375177257	-0.730235323021619	1428.083451536455	-0.1434333063949158 0.01436, 0.01162, 0.00822, 0.00805, 0.00816, 0.00793,
40	7	20	27.483202375177257	-0.730235323021619	1428.083451536455	-0.1434333063949158 0.01301, 0.01121, 0.00760, 0.00788, 0.00751, 0.00755,
40	8	20	27.483202375177257	-0.730235323021619	1428.083451536455	-0.1434333063949158 0.01325, 0.01165, 0.00779, 0.00797, 0.00894, 0.00793,
60	3	20	27.483202375177257	-0.730235323021619	1428.083451536455	-0.1434333063949158 0.01306, 0.01111, 0.00719, 0.00728, 0.00723, 0.00809,
60	4	20	27.483202375177257	-0.730235323021619	1428.083451536455	-0.1434333063949158 0.01356, 0.01300, 0.00874, 0.00912, 0.00920, 0.00918,
60	5	20	27.483202375177257	-0.730235323021619	1428.083451536455	-0.1434333063949158 0.01296, 0.01142, 0.00778, 0.00778, 0.00790, 0.00730,
60	6	20	27.483202375177257	-0.730235323021619	1428.083451536455	-0.1434333063949158 0.01313, 0.01167, 0.00767, 0.00789, 0.00798, 0.00775,
60	7	20	27.483202375177257	-0.730235323021619	1428.083451536455	-0.1434333063949158 0.01278, 0.01212, 0.00810, 0.00788, 0.00758, 0.00760,
60	8	20	27.483202375177257	-0.730235323021619	1428.083451536455	-0.1434333063949158 0.01296, 0.01153, 0.00782, 0.00799, 0.00789, 0.00765,
80	3	20	27.483202375177257	-0.730235323021619	1428.083451536455	-0.1434333063949158 0.01288, 0.01169, 0.00756, 0.00792, 0.00780, 0.00787,
80	4	20	27.483202375177257	-0.730235323021619	1428.083451536455	-0.1434333063949158 0.01417, 0.01259, 0.00806, 0.00805, 0.00819, 0.00963,
80	5	20	27.483202375177257	-0.730235323021619	1428.083451536455	-0.1434333063949158 0.01283, 0.01127, 0.00813, 0.00827, 0.00799, 0.00832,
80	6	20	27.483202375177257	-0.730235323021619	1428.083451536455	-0.1434333063949158 0.01258, 0.01116, 0.00755, 0.00768, 0.00775, 0.00762,
80	7	20	27.483202375177257	-0.730235323021619	1428.083451536455	-0.1434333063949158 0.01313, 0.01234, 0.00815, 0.00918, 0.00824, 0.00812,
80	8	20	27.483202375177257	-0.730235323021619	1428.083451536455	-0.1434333063949158 0.01240, 0.01106, 0.00769, 0.00782, 0.00756, 0.00752,
0	3	20	27.483202375177257	-0.730235323021619	1428.083451536455	-0.1434333063949158 0.01288, 0.01353, 0.00765, 0.00736, 0.00722, 0.00728,
0	4	20	27.483202375177257	-0.730235323021619	1428.083451536455	-0.1434333063949158 0.01295, 0.01161, 0.00764, 0.00776, 0.00794, 0.00769,
0	5	20	27.483202375177257	-0.730235323021619	1428.083451536455	-0.1434333063949158 0.01682, 0.01534, 0.00998, 0.01072, 0.01119, 0.01179,
0	6	20	27.483202375177257	-0.730235323021619	1428.083451536455	-0.1434333063949158 0.01507, 0.01403, 0.00875, 0.00864, 0.00878, 0.00772,
0	7	20	27.483202375177257	-0.730235323021619	1428.083451536455	-0.1434333063949158 0.01407, 0.01330, 0.00860, 0.00809, 0.00794, 0.00818,
0	8	20	27.483202375177257	-0.730235323021619	1428.083451536455	-0.1434333063949158 0.01255, 0.01107, 0.00798, 0.00800, 0.00810, 0.00750,
20	3	20	27.483202375177257	-0.730235323021619	1428.083451536455	-0.1434333063949158 0.01271, 0.01114, 0.00751, 0.00775, 0.00774, 0.00762,
20	4	20	27.483202375177257	-0.730235323021619	1428.083451536455	-0.1434333063949158 0.01251, 0.01150, 0.00792, 0.00797, 0.00790, 0.00810,
20	5	20	27.483202375177257	-0.730235323021619	1428.083451536455	-0.1434333063949158 0.01266, 0.01115, 0.00730, 0.00732, 0.00803, 0.00929,
20	6	20	27.483202375177257	-0.730235323021619	1428.083451536455	-0.1434333063949158 0.01446, 0.01300, 0.00878, 0.00912, 0.00872, 0.00862,
20	7	20	27.483202375177257	-0.730235323021619	1428.083451536455	-0.1434333063949158 0.01665, 0.01526, 0.01017, 0.01021, 0.01014, 0.01025,
20	8	20	27.483202375177257	-0.730235323021619	1428.083451536455	-0.1434333063949158 0.01270, 0.01234, 0.00811, 0.00800, 0.00777, 0.00800,
40	3	20	27.483202375177257	-0.730235323021619	1428.083451536455	-0.1434333063949158 0.01315, 0.01117, 0.00742, 0.00738, 0.00730, 0.00725,
40	4	20	27.483202375177257	-0.730235323021619	1428.083451536455	-0.1434333063949158 0.01259, 0.01119, 0.00851, 0.00787, 0.00745, 0.00732,
40	5	20	27.483202375177257	-0.730235323021619	1428.083451536455	-0.1434333063949158 0.01291, 0.01107, 0.00757, 0.00781, 0.00760, 0.00745,
40	6	20	27.483202375177257	-0.730235323021619	1428.083451536455	-0.1434333063949158 0.01288, 0.01231, 0.00900, 0.00888, 0.00826, 0.00816,
40	7	20	27.483202375177257	-0.730235323021619	1428.083451536455	-0.1434333063949158 0.01435, 0.01150, 0.00828, 0.00773, 0.00902, 0.00803,
40	8	20	27.483202375177257	-0.730235323021619	1428.083451536455	-0.1434333063949158 0.01284, 0.01137, 0.00769, 0.00767, 0.00733, 0.00737,
60	3	20	27.483202375177257	-0.730235323021619	1428.083451536455	-0.1434333063949158 0.01264, 0.01083, 0.00758, 0.00778, 0.00741, 0.00748,
60	4	20	27.483202375177257	-0.730235323021619	1428.083451536455	-0.1434333063949158 0.01444, 0.01165, 0.00789, 0.00786, 0.00769, 0.00801,
60	5	20	27.483202375177257	-0.730235323021619	1428.083451536455	-0.1434333063949158 0.01279, 0.01141, 0.00749, 0.00752, 0.00763, 0.00761,
60	6	20	27.483202375177257	-0.730235323021619	1428.083451536455	-0.1434333063949158 0.01383, 0.01172, 0.00804, 0.00789, 0.00788, 0.00787,
60	7	20	27.483202375177257	-0.730235323021619	1428.083451536455	-0.1434333063949158 0.01278, 0.01141, 0.00778, 0.00779, 0.00732, 0.00760,
60	8	20	27.483202375177257	-0.730235323021619	1428.083451536455	-0.1434333063949158 0.01314, 0.01203, 0.00797, 0.00813, 0.00838, 0.00848,
80	3	20	27.483202375177257	-0.730235323021619	1428.083451536455	-0.1434333063949158 0.01340, 0.01293, 0.00804, 0.00769, 0.00746, 0.00749,
80	4	20	27.483202375177257	-0.730235323021619	1428.083451536455	-0.1434333063949158 0.01354, 0.01133, 0.00747, 0.00779, 0.00753, 0.00722,
80	5	20	27.483202375177257	-0.730235323021619	1428.083451536455	-0.1434333063949158 0.01879, 0.01711, 0.01134, 0.01050, 0.00880, 0.00797,
80	6	20	27.483202375177257	-0.730235323021619	1428.083451536455	-0.1434333063949158 0.01224, 0.01068, 0.00717, 0.00738, 0.00786, 0.00758,
80	7	20	27.483202375177257	-0.730235323021619	1428.083451536455	-0.1434333063949158 0.01360, 0.01177, 0.00827, 0.00773, 0.00834, 0.00851,
80	8	20	27.483202375177257	-0.730235323021619	1428.083451536455	-0.1434333063949158 0.01277, 0.01088, 0.00734, 0.00809, 0.00777, 0.00788,
0	3	20	27.483202375177257	-0.730235323021619	1428.083451536455	-0.1434333063949158 0.01319, 0.01126, 0.00778, 0.00772, 0.00782, 0.00750,
0	4	20	27.483202375177257	-0.730235323021619	1428.083451536455	-0.1434333063949158 0.01218, 0.01057, 0.00717, 0.00752, 0.00747, 0.00852,
0	5	20	27.483202375177257	-0.730235323021619	1428.083451536455	-0.1434333063949158 0.01293, 0.01122, 0.00897, 0.00832, 0.00869, 0.00764,
0	6	20	27.483202375177257	-0.730235323021619	1428.083451536455	-0.1434333063949158 0.01238, 0.01105, 0.00728, 0.00746, 0.00771, 0.00721,
0	7	20	27.483202375177257	-0.730235323021619	1428.083451536455	-0.1434333063949158 0.01761, 0.01646, 0.01059, 0.00948, 0.00895, 0.00837,
0	8	20	27.483202375177257	-0.730235323021619	1428.083451536455	-0.1434333063949158 0.01419, 0.01302, 0.00865, 0.00861, 0.00862, 0.00952,
20	3	20	27.483202375177257	-0.730235323021619	1428.083451536455	-0.1434333063949158 0.01378, 0.01179, 0.00770, 0.00769, 0.00737, 0.00723,
20	4	20	27.483202375177257	-0.730235323021619	1428.083451536455	-0.1434333063949158 0.01408, 0.01201, 0.00834, 0.00902, 0.00909, 0.01032,
20	5	20	27.483202375177257	-0.730235323021619	1428.083451536455	-0.1434333063949158 0.01313, 0.01217, 0.00887, 0.01120, 0.01058, 0.01014,
20	6	20	27.483202375177257	-0.730235323021619	1428.083451536455	-0.1434333063949158 0.01243, 0.01099, 0.00811, 0.00893, 0.01078, 0.00961,
20	7	20	27.483202375177257	-0.730235323021619	1428.083451536455	-0.1434333063949158 0.01236, 0.01103, 0.00777, 0.00787, 0.00740, 0.00739,
20	8	20	27.483202375177257	-0.730235323021619	1428.083451536455	-0.1434333063949158 0.01248, 0.01133, 0.00760, 0.00778, 0.00764, 0.00759,
40	3	20	27.483202375177257	-0.730235323021619	1428.083451536455	-0.1434333063949158 0.01282, 0.01187, 0.00788, 0.00788, 0.00778, 0.00772,
40	4	20	27.483202375177257	-0.730235323021619	1428.083451536455	-0.1434333063949158 0.01253, 0.01084, 0.00743, 0.00760, 0.00777, 0.00761,
40	5	20	27.483202375177257	-0.730235323021619	1428.083451536455	-0.1434333063949158 0.01333, 0.01280, 0.00888, 0.00826, 0.00815, 0.00811,
40	6	20	27.483202375177257	-0.730235323021619	1428.083451536455	-0.1434333063949158 0.01312, 0.01163, 0.00782, 0.00784, 0.00811, 0.00811,
40	7	20	27.483202375177257	-0.730235323021619	1428.083451536455	-0.1434333063949158 0.01250, 0.01097, 0.00754, 0.00774, 0.00880, 0.00991,
40	8	20	27.483202375177257	-0.730235323021619	1428.083451536455	-0.1434333063949158 0.01305, 0.01113, 0.00764, 0.00771, 0.00716, 0.00745,
60	3	20	27.483202375177257	-0.730235323021619	1428.083451536455	-0.1434333063949158 0.01183, 0.01062, 0.00714, 0.00740, 0.00760, 0.00830,
60	4	20	27.483202375177257	-0.730235323021619	1428.083451536455	-0.1434333063949158 0.01342, 0.01149, 0.00800, 0.00787, 0.00730, 0.00728,
60	5	20	27.483202375177257	-0.730235323021619	1428.083451536455	-0.1434333063949158 0.01240, 0.01109, 0.00767, 0.00761, 0.00757, 0.00789,
60	6	20	27.483202375177257	-0.730235323021619	1428.083451536455	-0.1434333063949158 0.01432, 0.01266, 0.00854, 0.00883, 0.00881, 0.00797,
60	7	20	27.483202375177257	-0.730235323021619	1428.083451536455	-0.1434333063949158 0.01482, 0.01298, 0.00842, 0.00802, 0.00745, 0.00799,
60	8	20	27.483202375177257	-0.730235323021619	1428.083451536455	-0.1434333063949158 0.01511, 0.01328, 0.00898, 0.00912, 0.00915, 0.00904,
80	3	20	27.483202375177257	-0.730235323021619	1428.083451536455	-0.1434333063949158 0.01261, 0.01121, 0.00792, 0.00786, 0.00780, 0.00789,
80	4	20	27.483202375177257	-0.730235323021619	1428.083451536455	-0.1434333063949158 0.01314, 0.01134, 0.00792, 0.00787, 0.00757, 0.00754,
80	5	20	27.483202375177257	-0.730235323021619	1428.083451536455	-0.1434333063949158 0.01300, 0.01149, 0.00800, 0.00810, 0.00833, 0.00812,
80	6	20	27.483202375177257	-0.730235323021619	1428.083451536455	-0.1434333063949158 0.01253, 0.01304, 0.00781, 0.00745, 0.00755, 0.00755,
80	7	20	27.483202375177257	-0.730235323021619	1428.083451536455	-0.1434333063949158 0.01266, 0.01208, 0.00799, 0.00794, 0.00883, 0.00830,
80	8	20	27.483202375177257	-0.730235323021619	1428.083451536455	-0.1434333063949158 0.01268, 0.01105, 0.00721, 0.00856, 0.00768, 0.00822,
0	3	20	27.483202375177257	-0.730235323021619	1428.083451536455	-0.1434333063949158 0.01379, 0.01116, 0.00734, 0.00756, 0.00748, 0.00834,
0	4	20	27.483202375177257	-0.730235323021619	1428.083451536455	-0.1434333063949158 0.01237, 0.01141, 0.00761, 0.00931, 0.00835, 0.00819,
0	5	20	27.483202375177257	-0.730235323021619	1428.083451536455	-0.1434333063949158 0.01297, 0.01328, 0.00820, 0.00828, 0.00912, 0.00795,
0	6	20	27.483202375177257	-0.730235323021619	1428.083451536455	-0.1434333063949158 0.01359, 0.01164, 0.00770, 0.00784, 0.00784, 0.00752,
0	7	20	27.483202375177257	-0.730235323021619	1428.083451536455	-0.1434333063949158 0.01335, 0.01210, 0.00964, 0.00932, 0.00902, 0.00886,
0	8	20	27.483202375177257	-0.730235323021619	1428.083451536455	-0.1434333063949158 0.01264, 0.01202, 0.00789, 0.00815, 0.00771, 0.00749,
20	3	20	27.483202375177257	-0.730235323021619	1428.083451536455	-0.1434333063949158 0.01408, 0.01237, 0.00778, 0.00772, 0.00775, 0.00809,
20	4	20	27.483202375177257	-0.730235323021619	1428.083451536455	-0.1434333063949158 0.01931, 0.01539, 0.01031, 0.01004, 0.00994, 0.01004,
20	5	20	27.483202375177257	-0.730235323021619	1428.083451536455	-0.1434333063949158 0.01233, 0.01095, 0.00778, 0.00767, 0.00829, 0.00825,
20	6	20	27.483202375177257	-0.730235323021619	1428.083451536455	-0.1434333063949158 0.01307, 0.01120, 0.00729, 0.00759, 0.00754, 0.00747,
20	7	20	27.483202375177257	-0.730235323021619	1428.083451536455	-0.1434333063949158 0.01442, 0.01196, 0.00797, 0.00835, 0.00807, 0.00785,
20	8	20	27.483202375177257	-0.730235323021619	1428.083451536455	-0.1434333063949158 0.01274, 0.01145, 0.00774, 0.00886, 0.00793, 0.00761,
40	3	20	27.483202375177257	-0.730235323021619	1428.083451536455	-0.1434333063949158 0.01291, 0.01105, 0.00833, 0.00850, 0.00805, 0.00746,
40	4	20	27.483202375177257	-0.730235323021619	1428.083451536455	-0.1434333063949158 0.01234, 0.01124, 0.00748, 0.00732, 0.00734, 0.00737,
40	5	20	27.483202375177257	-0.730235323021619	1428.083451536455	-0.1434333063949158 0.01261, 0.01132, 0.00766, 0.00729, 0.00738, 0.00733,
40	6	20	27.483202375177257	-0.730235323021619	1428.083451536455	-0.1434333063949158 0.01369, 0.01338, 0.00896, 0.00870, 0.00774, 0.00765,
40	7	20	27.483202375177257	-0.730235323021619	1428.083451536455	-0.1434333063949158 0.01330, 0.01229, 0.00813, 0.00865, 0.00830, 0.00830,
40	8	20	27.483202375177257	-0.730235323021619	1428.083451536455	-0.1434333063949158 0.01380, 0.01334, 0.00865, 0.00832, 0.00806, 0.00811,
60	3	20	27.483202375177257	-0.730235323021619	1428.083451536455	-0.1434333063949158 0.01380, 0.01229, 0.00868, 0.00829, 0.00807, 0.00741,
60	4	20	27.483202375177257	-0.730235323021619	1428.083451536455	-0.1434333063949158 0.01280, 0.01445, 0.00820, 0.00807, 0.00828, 0.00793,
60	5	20	27.483202375177257	-0.730235323021619	1428.083451536455	-0.1434333063949158 0.01262, 0.01118, 0.00773, 0.00771, 0.00864, 0.00809,
60	6	20	27.483202375177257	-0.730235323021619	1428.083451536455	-0.1434333063949158 0.01253, 0.01120, 0.00730, 0.00747, 0.00753, 0.00766,
60	7	20	27.483202375177257	-0.730235323021619	1428.083451536455	-0.1434333063949158 0.01429, 0.01183, 0.00833, 0.00781, 0.00786, 0.00786,
60	8	20	27.483202375177257	-0.730235323021619	1428.083451536455	-0.1434333063949158 0.01249, 0.01129, 0.00735, 0.00763, 0.00784, 0.00766,
80	3	20	27.483202375177257	-0.730235323021619	1428.083451536455	-0.1434333063949158 0.01293, 0.01103, 0.00741, 0.00772, 0.00767, 0.00721,
80	4	20	27.483202375177257	-0.730235323021619	1428.083451536455	-0.1434333063949158 0.01235, 0.01135, 0.00847, 0.00809, 0.00799, 0.00772,
80	5	20	27.483202375177257	-0.730235323021619	1428.083451536455	-0.1434333063949158 0.01386, 0.01153, 0.00747, 0.00750, 0.00745, 0.00801,
80	6	20	27.483202375177257	-0.730235323021619	1428.083451536455	-0.1434333063949158 0.01258, 0.01131, 0.00746, 0.00743, 0.00750, 0.00748,
80	7	20	27.483202375177257	-0.730235323021619	1428.083451536455	-0.1434333063949158 0.01251, 0.01133, 0.00758, 0.00777, 0.00780, 0.00775,
80	8	20	27.483202375177257	-0.730235323021619	1428.083451536455	-0.1434333063949158 0.01266, 0.01119, 0.00764, 0.00774, 0.00774, 0.00780,
0	3	20	27.483202375177257	-0.730235323021619	1428.083451536455	-0.1434333063949158 0.01684, 0.01687, 0.01540, 0.01497, 0.01096, 0.00934,
0	4	20	27.483202375177257	-0.730235323021619	1428.083451536455	-0.1434333063949158 0.01243, 0.01089, 0.00713, 0.00732, 0.00728, 0.00760,
0	5	20	27.483202375177257	-0.730235323021619	1428.083451536455	-0.1434333063949158 0.01500, 0.01217, 0.00805, 0.00830, 0.00805, 0.00800,
0	6	20	27.483202375177257	-0.730235323021619	1428.083451536455	-0.1434333063949158 0.01258, 0.01122, 0.00721, 0.00730, 0.00780, 0.00764,
0	7	20	27.483202375177257	-0.730235323021619	1428.083451536455	-0.1434333063949158 0.01249, 0.01179, 0.00748, 0.00772, 0.00770, 0.00864,
0	8	20	27.483202375177257	-0.730235323021619	1428.083451536455	-0.1434333063949158 0.01306, 0.01216, 0.00771, 0.00781, 0.00835, 0.00774,
20	3	20	27.483202375177257	-0.730235323021619	1428.083451536455	-0.1434333063949158 0.01366, 0.01266, 0.00752, 0.00754, 0.00734, 0.00751,
20	4	20	27.483202375177257	-0.730235323021619	1428.083451536455	-0.1434333063949158 0.01182, 0.01055, 0.00720, 0.00789, 0.00951, 0.00808,
20	5	20	27.483202375177257	-0.730235323021619	1428.083451536455	-0.1434333063949158 0.01284, 0.01122, 0.00738, 0.00778, 0.00753, 0.00804,
20	6	20	27.483202375177257	-0.730235323021619	1428.083451536455	-0.1434333063949158 0.01224, 0.01143, 0.00782, 0.00780, 0.00798, 0.00797,
20	7	20	27.483202375177257	-0.730235323021619	1428.083451536455	-0.1434333063949158 0.01503, 0.01370, 0.00848, 0.00924, 0.00860, 0.00810,
20	8	20	27.483202375177257	-0.730235323021619	1428.083451536455	-0.1434333063949158 0.01292, 0.01147, 0.00801, 0.00809, 0.00800, 0.00774,
40	3	20	27.483202375177257	-0.730235323021619	1428.083451536455	-0.1434333063949158 0.01453, 0.01239, 0.00830, 0.00804, 0.00767, 0.00761,
40	4	20	27.483202375177257	-0.730235323021619	1428.083451536455	-0.1434333063949158 0.01393, 0.01359, 0.00887, 0.00849, 0.00913, 0.00796,
40	5	20	27.483202375177257	-0.730235323021619	1428.083451536455	-0.1434333063949158 0.01228, 0.01089, 0.00762, 0.00768, 0.00764, 0.00774,
40	6	20	27.483202375177257	-0.730235323021619	1428.083451536455	-0.1434333063949158 0.01250, 0.01089, 0.00779, 0.00780, 0.00777, 0.00789,
40	7	20	27.483202375177257	-0.730235323021619	1428.083451536455	-0.1434333063949158 0.01328, 0.01213, 0.00798, 0.00834, 0.00949, 0.00845,
40	8	20	27.483202375177257	-0.730235323021619	1428.083451536455	-0.1434333063949158 0.01272, 0.01135, 0.00754, 0.00777, 0.00800, 0.00906,
60	3	20	27.483202375177257	-0.730235323021619	1428.083451536455	-0.1434333063949158 0.01294, 0.01125, 0.00751, 0.00763, 0.00774, 0.00749,
60	4	20	27.483202375177257	-0.730235323021619	1428.083451536455	-0.1434333063949158 0.01240, 0.01107, 0.00819, 0.00829, 0.00783, 0.00746,
60	5	20	27.483202375177257	-0.730235323021619	1428.083451536455	-0.1434333063949158 0.01367, 0.01240, 0.00791, 0.00799, 0.00794, 0.00787,
60	6	20	27.483202375177257	-0.730235323021619	1428.083451536455	-0.1434333063949158 0.01402, 0.01363, 0.00886, 0.01051, 0.00960, 0.00941,
60	7	20	27.483202375177257	-0.730235323021619	1428.083451536455	-0.1434333063949158 0.01270, 0.01101, 0.00759, 0.00772, 0.00872, 0.00857,
60	8	20	27.483202375177257	-0.730235323021619	1428.083451536455	-0.1434333063949158 0.01227, 0.01090, 0.00777, 0.00827, 0.00820, 0.00805,
80	3	20	27.483202375177257	-0.730235323021619	1428.083451536455	-0.1434333063949158 0.01358, 0.01126, 0.00761, 0.00746, 0.00728, 0.00741,
80	4	20	27.483202375177257	-0.730235323021619	1428.083451536455	-0.1434333063949158 0.01272, 0.01220, 0.00826, 0.00803, 0.00830, 0.00831,
80	5	20	27.483202375177257	-0.730235323021619	1428.083451536455	-0.1434333063949158 0.01239, 0.01160, 0.00839, 0.00828, 0.00843, 0.00872,
80	6	20	27.483202375177257	-0.730235323021619	1428.083451536455	-0.1434333063949158 0.01414, 0.01167, 0.00912, 0.00884, 0.00827, 0.00789,
80	7	20	27.483202375177257	-0.730235323021619	1428.083451536455	-0.1434333063949158 0.01362, 0.01170, 0.00761, 0.00784, 0.00784, 0.00765,
80	8	20	27.483202375177257	-0.730235323021619	1428.083451536455	-0.1434333063949158 0.01240, 0.01095, 0.00774, 0.00768, 0.00760, 0.00814,
0	3	20	27.483202375177257	-0.730235323021619	1428.083451536455	-0.1434333063949158 0.01224, 0.01132, 0.00797, 0.00844, 0.00891, 0.00978,
0	4	20	27.483202375177257	-0.730235323021619	1428.083451536455	-0.1434333063949158 0.01285, 0.01266, 0.00901, 0.00879, 0.00854, 0.00867,
0	5	20	27.483202375177257	-0.730235323021619	1428.083451536455	-0.1434333063949158 0.01137, 0.00961, 0.00688, 0.00687, 0.00699, 0.00669,
0	6	20	27.483202375177257	-0.730235323021619	1428.083451536455	-0.1434333063949158 0.01206, 0.01019, 0.00649, 0.00663, 0.00660, 0.00683,
0	7	20	27.483202375177257	-0.730235323021619	1428.083451536455	-0.1434333063949158 0.01049, 0.00904, 0.00648, 0.00655, 0.00644, 0.00654,
0	8	20	27.483202375177257	-0.730235323021619	1428.083451536455	-0.1434333063949158 0.01014, 0.00959, 0.00667, 0.00716, 0.00718, 0.00695,
20	3	20	27.483202375177257	-0.730235323021619	1428.083451536455	-0.1434333063949158 0.00982, 0.00893, 0.00625, 0.00655, 0.00619, 0.00595,
20	4	20	27.483202375177257	-0.730235323021619	1428.083451536455	-0.1434333063949158 0.00954, 0.00860, 0.00601, 0.00604, 0.00612, 0.00642,
20	5	20	27.483202375177257	-0.730235323021619	1428.083451536455	-0.1434333063949158 0.00930, 0.00833, 0.00560, 0.00574, 0.00591, 0.00588,
20	6	20	27.483202375177257	-0.730235323021619	1428.083451536455	-0.1434333063949158 0.01136, 0.01081, 0.00625, 0.00640, 0.00651, 0.00606,
20	7	20	27.483202375177257	-0.730235323021619	1428.083451536455	-0.1434333063949158 0.01074, 0.00993, 0.00704, 0.00696, 0.00834, 0.00730,
20	8	20	27.483202375177257	-0.730235323021619	1428.083451536455	-0.1434333063949158 0.00977, 0.00921, 0.00648, 0.00669, 0.00679, 0.00665,
40	3	20	27.483202375177257	-0.730235323021619	1428.083451536455	-0.1434333063949158 0.01037, 0.00910, 0.00635, 0.00630, 0.00614, 0.00633,
40	4	20	27.483202375177257	-0.730235323021619	1428.083451536455	-0.1434333063949158 0.01164, 0.01023, 0.00674, 0.00714, 0.00681, 0.00692,
40	5	20	27.483202375177257	-0.730235323021619	1428.083451536455	-0.1434333063949158 0.01108, 0.00964, 0.00647, 0.00656, 0.00664, 0.00661,
40	6	20	27.483202375177257	-0.730235323021619	1428.083451536455	-0.1434333063949158 0.01110, 0.01001, 0.00694, 0.00721, 0.00719, 0.00706,
40	7	20	27.483202375177257	-0.730235323021619	1428.083451536455	-0.1434333063949158 0.01210, 0.01050, 0.00746, 0.00758, 0.00745, 0.00768,
40	8	20	27.483202375177257	-0.730235323021619	1428.083451536455	-0.1434333063949158 0.01478, 0.01194, 0.00893, 0.00925, 0.00775, 0.00894,
60	3	20	27.483202375177257	-0.730235323021619	1428.083451536455	-0.1434333063949158 0.01455, 0.01251, 0.00805, 0.00800, 0.00779, 0.00791,
60	4	20	27.483202375177257	-0.730235323021619	1428.083451536455	-0.1434333063949158 0.01235, 0.01094, 0.00763, 0.00773, 0.00771, 0.00762,
60	5	20	27.483202375177257	-0.730235323021619	1428.083451536455	-0.1434333063949158 0.01250, 0.01120, 0.00805, 0.00794, 0.00797, 0.00852,
60	6	20	27.483202375177257	-0.730235323021619	1428.083451536455	-0.1434333063949158 0.01189, 0.01080, 0.00738, 0.00758, 0.00742, 0.00758,
60	7	20	27.483202375177257	-0.730235323021619	1428.083451536455	-0.1434333063949158 0.01247, 0.01093, 0.00726, 0.00721, 0.00727, 0.00718,
60	8	20	27.483202375177257	-0.730235323021619	1428.083451536455	-0.1434333063949158 0.01238, 0.01082, 0.00728, 0.00749, 0.00751, 0.00718,
80	3	20	27.483202375177257	-0.730235323021619	1428.083451536455	-0.1434333063949158 0.01206, 0.01059, 0.00711, 0.00721, 0.00712, 0.00722,
80	4	20	27.483202375177257	-0.730235323021619	1428.083451536455	-0.1434333063949158 0.01256, 0.01098, 0.00765, 0.00899, 0.00851, 0.00805,
80	5	20	27.483202375177257	-0.730235323021619	1428.083451536455	-0.1434333063949158 0.01232, 0.01147, 0.00758, 0.00770, 0.00792, 0.00814,
80	6	20	27.483202375177257	-0.730235323021619	1428.083451536455	-0.1434333063949158 0.01239, 0.01113, 0.00776, 0.00771, 0.00793, 0.00781,
80	7	20	27.483202375177257	-0.730235323021619	1428.083451536455	-0.1434333063949158 0.01203, 0.01099, 0.00760, 0.00745, 0.00700, 0.00713,
80	8	20	27.483202375177257	-0.730235323021619	1428.083451536455	-0.1434333063949158 0.01225, 0.01120, 0.00772, 0.00789, 0.00777, 0.00764,
0	3	20	27.483202375177257	-0.730235323021619	1428.083451536455	-0.1434333063949158 0.01366, 0.01169, 0.00725, 0.00747, 0.00747, 0.00732,
0	4	20	27.483202375177257	-0.730235323021619	1428.083451536455	-0.1434333063949158 0.01232, 0.01121, 0.00727, 0.00806, 0.00729, 0.00765,
0	5	20	27.483202375177257	-0.730235323021619	1428.083451536455	-0.1434333063949158 0.01290, 0.01132, 0.00764, 0.00787, 0.00781, 0.00761,
0	6	20	27.483202375177257	-0.730235323021619	1428.083451536455	-0.1434333063949158 0.01246, 0.01176, 0.00750, 0.00824, 0.00817, 0.00807,
0	7	20	27.483202375177257	-0.730235323021619	1428.083451536455	-0.1434333063949158 0.01272, 0.01298, 0.00794, 0.00779, 0.00769, 0.00727,
0	8	20	27.483202375177257	-0.730235323021619	1428.083451536455	-0.1434333063949158 0.01352, 0.01185, 0.00764, 0.00760, 0.00779, 0.00779,
20	3	20	27.483202375177257	-0.730235323021619	1428.083451536455	-0.1434333063949158 0.01221, 0.01132, 0.00856, 0.00801, 0.00794, 0.00804,
20	4	20	27.483202375177257	-0.730235323021619	1428.083451536455	-0.1434333063949158 0.01326, 0.01155, 0.00779, 0.00766, 0.00821, 0.00990,
20	5	20	27.483202375177257	-0.730235323021619	1428.083451536455	-0.1434333063949158 0.01385, 0.01287, 0.00882, 0.00864, 0.00973, 0.00889,
20	6	20	27.483202375177257	-0.730235323021619	1428.083451536455	-0.1434333063949158 0.01367, 0.01343, 0.00918, 0.00828, 0.00872, 0.00849,
20	7	20	27.483202375177257	-0.730235323021619	1428.083451536455	-0.1434333063949158 0.01272, 0.01194, 0.00767, 0.00754, 0.00732, 0.00767,
20	8	20	27.483202375177257	-0.730235323021619	1428.083451536455	-0.1434333063949158 0.01354, 0.01211, 0.00777, 0.00780, 0.00783, 0.00800,
40	3	20	27.483202375177257	-0.730235323021619	1428.083451536455	-0.1434333063949158 0.01376, 0.01107, 0.00756, 0.00762, 0.00733, 0.00790,
40	4	20	27.483202375177257	-0.730235323021619	1428.083451536455	-0.1434333063949158 0.01411, 0.01291, 0.00822, 0.00866, 0.00857, 0.00845,
40	5	20	27.483202375177257	-0.730235323021619	1428.083451536455	-0.1434333063949158 0.01578, 0.01389, 0.00914, 0.00916, 0.00883, 0.00982,
40	6	20	27.483202375177257	-0.730235323021619	1428.083451536455	-0.1434333063949158 0.01515, 0.01429, 0.00876, 0.00867, 0.00817, 0.00991,
40	7	20	27.483202375177257	-0.730235323021619	1428.083451536455	-0.1434333063949158 0.01493, 0.01479, 0.00845, 0.00842, 0.00948, 0.00818,
40	8	20	27.483202375177257	-0.730235323021619	1428.083451536455	-0.1434333063949158 0.01515, 0.01216, 0.00793, 0.00789, 0.00778, 0.00843,
60	3	20	27.483202375177257	-0.730235323021619	1428.083451536455	-0.1434333063949158 0.01669, 0.01349, 0.00904, 0.00858, 0.00825, 0.00874,
60	4	20	27.483202375177257	-0.730235323021619	1428.083451536455	-0.1434333063949158 0.01476, 0.01160, 0.00759, 0.00838, 0.00767, 0.00891,
60	5	20	27.483202375177257	-0.730235323021619	1428.083451536455	-0.1434333063949158 0.01482, 0.01157, 0.00714, 0.00813, 0.00748, 0.00841,
60	6	20	27.483202375177257	-0.730235323021619	1428.083451536455	-0.1434333063949158 0.01578, 0.01383, 0.00877, 0.01004, 0.00851, 0.00836,
60	7	20	27.483202375177257	-0.730235323021619	1428.083451536455	-0.1434333063949158 0.01414, 0.01157, 0.00754, 0.00764, 0.00846, 0.00769,
60	8	20	27.483202375177257	-0.730235323021619	1428.083451536455	-0.1434333063949158 0.01505, 0.01230, 0.00837, 0.00809, 0.00802, 0.00890,
80	3	20	27.483202375177257	-0.730235323021619	1428.083451536455	-0.1434333063949158 0.01419, 0.01219, 0.00806, 0.00820, 0.00810, 0.00825,
80	4	20	27.483202375177257	-0.730235323021619	1428.083451536455	-0.1434333063949158 0.01392, 0.01266, 0.00749, 0.00869, 0.00767, 0.00765,
80	5	20	27.483202375177257	-0.730235323021619	1428.083451536455	-0.1434333063949158 0.01400, 0.01223, 0.00861, 0.00818, 0.00786, 0.00807,
80	6	20	27.483202375177257	-0.730235323021619	1428.083451536455	-0.1434333063949158 0.01408, 0.01212, 0.00791, 0.00811, 0.00809, 0.00852,
80	7	20	27.483202375177257	-0.730235323021619	1428.083451536455	-0.1434333063949158 0.01570, 0.01384, 0.00905, 0.00865, 0.00862, 0.00817,
80	8	20	27.483202375177257	-0.730235323021619	1428.083451536455	-0.1434333063949158 0.01482, 0.01260, 0.00806, 0.00803, 0.00829, 0.00915,
0	3	20	27.483202375177257	-0.730235323021619	1428.083451536455	-0.1434333063949158 0.01392, 0.01199, 0.00784, 0.00792, 0.00799, 0.00797,
0	4	20	27.483202375177257	-0.730235323021619	1428.083451536455	-0.1434333063949158 0.01539, 0.01358, 0.00934, 0.00881, 0.00865, 0.00941,
0	5	20	27.483202375177257	-0.730235323021619	1428.083451536455	-0.1434333063949158 0.01643, 0.01371, 0.00841, 0.00893, 0.00878, 0.00943,
0	6	20	27.483202375177257	-0.730235323021619	1428.083451536455	-0.1434333063949158 0.01489, 0.01299, 0.00838, 0.00851, 0.00819, 0.00838,
0	7	20	27.483202375177257	-0.730235323021619	1428.083451536455	-0.1434333063949158 0.01469, 0.01366, 0.00803, 0.00800, 0.00821, 0.00789,
0	8	20	27.483202375177257	-0.730235323021619	1428.083451536455	-0.1434333063949158 0.01488, 0.01266, 0.00825, 0.00919, 0.00827, 0.00880,
20	3	20	27.483202375177257	-0.730235323021619	1428.083451536455	-0.1434333063949158 0.01490, 0.01213, 0.00817, 0.00965, 0.00869, 0.00923,
20	4	20	27.483202375177257	-0.730235323021619	1428.083451536455	-0.1434333063949158 0.01396, 0.01208, 0.00887, 0.00947, 0.00921, 0.00944,
20	5	20	27.483202375177257	-0.730235323021619	1428.083451536455	-0.1434333063949158 0.01512, 0.01301, 0.00812, 0.00803, 0.00837, 0.00970,
20	6	20	27.483202375177257	-0.730235323021619	1428.083451536455	-0.1434333063949158 0.01355, 0.01246, 0.00838, 0.00902, 0.00806, 0.00807,
20	7	20	27.483202375177257	-0.730235323021619	1428.083451536455	-0.1434333063949158 0.01481, 0.01207, 0.00775, 0.00788, 0.00771, 0.00772,
20	8	20	27.483202375177257	-0.730235323021619	1428.083451536455	-0.1434333063949158 0.01394, 0.01207, 0.00769, 0.00829, 0.00853, 0.00994,
40	3	20	27.483202375177257	-0.730235323021619	1428.083451536455	-0.1434333063949158 0.01363, 0.01277, 0.00801, 0.00901, 0.00819, 0.00796,
40	4	20	27.483202375177257	-0.730235323021619	1428.083451536455	-0.1434333063949158 0.01434, 0.01222, 0.00858, 0.00817, 0.00785, 0.00789,
40	5	20	27.483202375177257	-0.730235323021619	1428.083451536455	-0.1434333063949158 0.01392, 0.01299, 0.00794, 0.00798, 0.00794, 0.00788,
40	6	20	27.483202375177257	-0.730235323021619	1428.083451536455	-0.1434333063949158 0.01351, 0.01306, 0.00792, 0.00826, 0.00778, 0.00762,
40	7	20	27.483202375177257	-0.730235323021619	1428.083451536455	-0.1434333063949158 0.01360, 0.01163, 0.00745, 0.00753, 0.00759, 0.00778,
40	8	20	27.483202375177257	-0.730235323021619	1428.083451536455	-0.1434333063949158 0.01366, 0.01181, 0.00761, 0.00786, 0.00777, 0.00782,
60	3	20	27.483202375177257	-0.730235323021619	1428.083451536455	-0.1434333063949158 0.01464, 0.01282, 0.00772, 0.00783, 0.00781, 0.00759,
60	4	20	27.483202375177257	-0.730235323021619	1428.083451536455	-0.1434333063949158 0.01559, 0.01242, 0.00751, 0.00754, 0.00738, 0.00741,
60	5	20	27.483202375177257	-0.730235323021619	1428.083451536455	-0.1434333063949158 0.01434, 0.01206, 0.00748, 0.00738, 0.00723, 0.00744,
60	6	20	27.483202375177257	-0.730235323021619	1428.083451536455	-0.1434333063949158 0.01301, 0.01146, 0.00744, 0.00763, 0.00759, 0.00740,
60	7	20	27.483202375177257	-0.730235323021619	1428.083451536455	-0.1434333063949158 0.01456, 0.01257, 0.00846, 0.00888, 0.00876, 0.00872,
60	8	20	27.483202375177257	-0.730235323021619	1428.083451536455	-0.1434333063949158 0.01461, 0.01241, 0.00778, 0.00797, 0.00782, 0.00766,
80	3	20	27.483202375177257	-0.730235323021619	1428.083451536455	-0.1434333063949158 0.01378, 0.01195, 0.00868, 0.00871, 0.00833, 0.00835,
80	4	20	27.483202375177257	-0.730235323021619	1428.083451536455	-0.1434333063949158 0.01370, 0.01145, 0.00791, 0.00765, 0.00748, 0.00727,
80	5	20	27.483202375177257	-0.730235323021619	1428.083451536455	-0.1434333063949158 0.01424, 0.01200, 0.00748, 0.00771, 0.00835, 0.00782,
80	6	20	27.483202375177257	-0.730235323021619	1428.083451536455	-0.1434333063949158 0.01412, 0.01307, 0.00814, 0.00793, 0.00778, 0.00783,
80	7	20	27.483202375177257	-0.730235323021619	1428.083451536455	-0.1434333063949158 0.01415, 0.01231, 0.00793, 0.00798, 0.00826, 0.00875,
80	8	20	27.483202375177257	-0.730235323021619	1428.083451536455	-0.1434333063949158 0.01340, 0.01164, 0.00787, 0.00781, 0.00802, 0.00802,
0	3	20	27.483202375177257	-0.730235323021619	1428.083451536455	-0.1434333063949158 0.01487, 0.01221, 0.00787, 0.00784, 0.00778, 0.00766,
0	4	20	27.483202375177257	-0.730235323021619	1428.083451536455	-0.1434333063949158 0.01396, 0.01221, 0.00828, 0.00805, 0.00794, 0.00794,
0	5	20	27.483202375177257	-0.730235323021619	1428.083451536455	-0.1434333063949158 0.01650, 0.01498, 0.00825, 0.00830, 0.00808, 0.00836,
0	6	20	27.483202375177257	-0.730235323021619	1428.083451536455	-0.1434333063949158 0.01573, 0.01250, 0.00788, 0.00772, 0.00759, 0.00835,
0	7	20	27.483202375177257	-0.730235323021619	1428.083451536455	-0.1434333063949158 0.01489, 0.01262, 0.00889, 0.00870, 0.00886, 0.00822,
0	8	20	27.483202375177257	-0.730235323021619	1428.083451536455	-0.1434333063949158 0.01369, 0.01221, 0.00744, 0.00754, 0.00745, 0.00734,
20	3	20	27.483202375177257	-0.730235323021619	1428.083451536455	-0.1434333063949158 0.01514, 0.01205, 0.00765, 0.00742, 0.00840, 0.00768,
20	4	20	27.483202375177257	-0.730235323021619	1428.083451536455	-0.1434333063949158 0.01822, 0.01495, 0.00997, 0.01039, 0.00952, 0.01024,
20	5	20	27.483202375177257	-0.730235323021619	1428.083451536455	-0.1434333063949158 0.01425, 0.01245, 0.00788, 0.00755, 0.00734, 0.00731,
20	6	20	27.483202375177257	-0.730235323021619	1428.083451536455	-0.1434333063949158 0.01409, 0.01201, 0.00878, 0.00839, 0.00857, 0.00888,
20	7	20	27.483202375177257	-0.730235323021619	1428.083451536455	-0.1434333063949158 0.01362, 0.01231, 0.00982, 0.00882, 0.00822, 0.00798,
20	8	20	27.483202375177257	-0.730235323021619	1428.083451536455	-0.1434333063949158 0.01538, 0.01536, 0.01014, 0.00986, 0.01040, 0.01083,
40	3	20	27.483202375177257	-0.730235323021619	1428.083451536455	-0.1434333063949158 0.01570, 0.01415, 0.00986, 0.00926, 0.00920, 0.00941,
40	4	20	27.483202375177257	-0.730235323021619	1428.083451536455	-0.1434333063949158 0.01489, 0.01405, 0.00934, 0.00933, 0.00893, 0.00801,
40	5	20	27.483202375177257	-0.730235323021619	1428.083451536455	-0.1434333063949158 0.01743, 0.01517, 0.01093, 0.01106, 0.01027, 0.01066,
40	6	20	27.483202375177257	-0.730235323021619	1428.083451536455	-0.1434333063949158 0.01421, 0.01224, 0.00776, 0.00894, 0.00820, 0.00816,
40	7	20	27.483202375177257	-0.730235323021619	1428.083451536455	-0.1434333063949158 0.01420, 0.01256, 0.00857, 0.00787, 0.00774, 0.00783,
40	8	20	27.483202375177257	-0.730235323021619	1428.083451536455	-0.1434333063949158 0.02097, 0.01641, 0.01147, 0.01219, 0.01108, 0.01082,
60	3	20	27.483202375177257	-0.730235323021619	1428.083451536455	-0.1434333063949158 0.01357, 0.01163, 0.00766, 0.00783, 0.00787, 0.00783,
60	4	20	27.483202375177257	-0.730235323021619	1428.083451536455	-0.1434333063949158 0.01670, 0.01290, 0.00852, 0.00869, 0.00854, 0.00886,
60	5	20	27.483202375177257	-0.730235323021619	1428.083451536455	-0.1434333063949158 0.01530, 0.01232, 0.00846, 0.00804, 0.00858, 0.00889,
60	6	20	27.483202375177257	-0.730235323021619	1428.083451536455	-0.1434333063949158 0.01381, 0.01133, 0.00741, 0.00864, 0.00790, 0.00813,
60	7	20	27.483202375177257	-0.730235323021619	1428.083451536455	-0.1434333063949158 0.01401, 0.01238, 0.00932, 0.00906, 0.00922, 0.00857,
60	8	20	27.483202375177257	-0.730235323021619	1428.083451536455	-0.1434333063949158 0.01336, 0.01266, 0.00818, 0.00829, 0.00818, 0.00788,
80	3	20	27.483202375177257	-0.730235323021619	1428.083451536455	-0.1434333063949158 0.01466, 0.01189, 0.00771, 0.00753, 0.00783, 0.00931,
80	4	20	27.483202375177257	-0.730235323021619	1428.083451536455	-0.1434333063949158 0.01422, 0.01145, 0.00883, 0.00908, 0.00819, 0.00803,
80	5	20	27.483202375177257	-0.730235323021619	1428.083451536455	-0.1434333063949158 0.01394, 0.01205, 0.00775, 0.00781, 0.00814, 0.00805,
80	6	20	27.483202375177257	-0.730235323021619	1428.083451536455	-0.1434333063949158 0.01383, 0.01366, 0.00854, 0.00837, 0.00768, 0.00795,
80	7	20	27.483202375177257	-0.730235323021619	1428.083451536455	-0.1434333063949158 0.01386, 0.01190, 0.00790, 0.00780, 0.00780, 0.00806,
80	8	20	27.483202375177257	-0.730235323021619	1428.083451536455	-0.1434333063949158 0.01391, 0.01263, 0.00738, 0.00786, 0.00873, 0.00789,


0	3	20	27.483202375177257	-0.730235323021619	1428.083451536455	-0.1434333063949158 0.01331, 0.01274, 0.00753, 0.00746, 0.00837, 0.00827,
0	4	20	27.483202375177257	-0.730235323021619	1428.083451536455	-0.1434333063949158 0.01483, 0.01244, 0.00751, 0.00717, 0.00712, 0.00698,
0	5	20	27.483202375177257	-0.730235323021619	1428.083451536455	-0.1434333063949158 0.01452, 0.01110, 0.00685, 0.00705, 0.00752, 0.00791,
0	6	20	27.483202375177257	-0.730235323021619	1428.083451536455	-0.1434333063949158 0.01450, 0.01225, 0.00740, 0.00718, 0.00713, 0.00713,
0	7	20	27.483202375177257	-0.730235323021619	1428.083451536455	-0.1434333063949158 0.01372, 0.01131, 0.00687, 0.00702, 0.00712, 0.00704,
0	8	20	27.483202375177257	-0.730235323021619	1428.083451536455	-0.1434333063949158 0.01446, 0.01218, 0.00778, 0.00784, 0.00740, 0.00757,
20	3	20	27.483202375177257	-0.730235323021619	1428.083451536455	-0.1434333063949158 0.01473, 0.01235, 0.00763, 0.00780, 0.00769, 0.00777,
20	4	20	27.483202375177257	-0.730235323021619	1428.083451536455	-0.1434333063949158 0.01458, 0.01243, 0.00771, 0.00795, 0.00797, 0.00777,
20	5	20	27.483202375177257	-0.730235323021619	1428.083451536455	-0.1434333063949158 0.01483, 0.01302, 0.00862, 0.00837, 0.00865, 0.00817,
20	6	20	27.483202375177257	-0.730235323021619	1428.083451536455	-0.1434333063949158 0.01380, 0.01184, 0.00752, 0.00768, 0.00788, 0.00760,
20	7	20	27.483202375177257	-0.730235323021619	1428.083451536455	-0.1434333063949158 0.01488, 0.01228, 0.00745, 0.00768, 0.00773, 0.00751,
20	8	20	27.483202375177257	-0.730235323021619	1428.083451536455	-0.1434333063949158 0.01482, 0.01263, 0.00809, 0.00770, 0.00766, 0.00805,
40	3	20	27.483202375177257	-0.730235323021619	1428.083451536455	-0.1434333063949158 0.01467, 0.01229, 0.00738, 0.00753, 0.00741, 0.00741,
40	4	20	27.483202375177257	-0.730235323021619	1428.083451536455	-0.1434333063949158 0.01545, 0.01301, 0.00885, 0.00847, 0.00817, 0.00784,
40	5	20	27.483202375177257	-0.730235323021619	1428.083451536455	-0.1434333063949158 0.01437, 0.01207, 0.00774, 0.00781, 0.00783, 0.00770,
40	6	20	27.483202375177257	-0.730235323021619	1428.083451536455	-0.1434333063949158 0.01549, 0.01214, 0.00757, 0.00765, 0.00783, 0.00764,
40	7	20	27.483202375177257	-0.730235323021619	1428.083451536455	-0.1434333063949158 0.01370, 0.01204, 0.00875, 0.00819, 0.00785, 0.00773,
40	8	20	27.483202375177257	-0.730235323021619	1428.083451536455	-0.1434333063949158 0.01475, 0.01234, 0.00810, 0.00793, 0.00787, 0.00807,
60	3	20	27.483202375177257	-0.730235323021619	1428.083451536455	-0.1434333063949158 0.01492, 0.01238, 0.00837, 0.00839, 0.00798, 0.00883,
60	4	20	27.483202375177257	-0.730235323021619	1428.083451536455	-0.1434333063949158 0.01467, 0.01270, 0.00764, 0.00785, 0.00777, 0.00778,
60	5	20	27.483202375177257	-0.730235323021619	1428.083451536455	-0.1434333063949158 0.01474, 0.01325, 0.00911, 0.00869, 0.00887, 0.00839,
60	6	20	27.483202375177257	-0.730235323021619	1428.083451536455	-0.1434333063949158 0.01494, 0.01172, 0.00718, 0.00748, 0.00763, 0.00768,
60	7	20	27.483202375177257	-0.730235323021619	1428.083451536455	-0.1434333063949158 0.01372, 0.01204, 0.00779, 0.00879, 0.00846, 0.00820,
60	8	20	27.483202375177257	-0.730235323021619	1428.083451536455	-0.1434333063949158 0.01494, 0.01205, 0.00771, 0.00760, 0.00755, 0.00775,
80	3	20	27.483202375177257	-0.730235323021619	1428.083451536455	-0.1434333063949158 0.01664, 0.01354, 0.00933, 0.00817, 0.00775, 0.00746,
80	4	20	27.483202375177257	-0.730235323021619	1428.083451536455	-0.1434333063949158 0.01500, 0.01227, 0.00800, 0.00855, 0.00832, 0.00842,
80	5	20	27.483202375177257	-0.730235323021619	1428.083451536455	-0.1434333063949158 0.01511, 0.01246, 0.00851, 0.00856, 0.00820, 0.00791,
80	6	20	27.483202375177257	-0.730235323021619	1428.083451536455	-0.1434333063949158 0.01455, 0.01261, 0.00741, 0.00749, 0.00726, 0.00779,
80	7	20	27.483202375177257	-0.730235323021619	1428.083451536455	-0.1434333063949158 0.01348, 0.01182, 0.00768, 0.00786, 0.00780, 0.00757,
80	8	20	27.483202375177257	-0.730235323021619	1428.083451536455	-0.1434333063949158 0.01426, 0.01192, 0.00769, 0.00775, 0.00786, 0.00877,
0	3	20	27.483202375177257	-0.730235323021619	1428.083451536455	-0.1434333063949158 0.01388, 0.01150, 0.00726, 0.00737, 0.00755, 0.00745,
0	4	20	27.483202375177257	-0.730235323021619	1428.083451536455	-0.1434333063949158 0.01364, 0.01182, 0.00781, 0.00747, 0.00718, 0.00701,
0	5	20	27.483202375177257	-0.730235323021619	1428.083451536455	-0.1434333063949158 0.01470, 0.01186, 0.00754, 0.00833, 0.00795, 0.00751,
0	6	20	27.483202375177257	-0.730235323021619	1428.083451536455	-0.1434333063949158 0.01370, 0.01185, 0.00784, 0.00762, 0.00726, 0.00739,
0	7	20	27.483202375177257	-0.730235323021619	1428.083451536455	-0.1434333063949158 0.01466, 0.01305, 0.00833, 0.00823, 0.00775, 0.00787,
0	8	20	27.483202375177257	-0.730235323021619	1428.083451536455	-0.1434333063949158 0.01423, 0.01217, 0.00763, 0.00761, 0.00747, 0.00743,
20	3	20	27.483202375177257	-0.730235323021619	1428.083451536455	-0.1434333063949158 0.01476, 0.01213, 0.00751, 0.00766, 0.00777, 0.00798,
20	4	20	27.483202375177257	-0.730235323021619	1428.083451536455	-0.1434333063949158 0.01501, 0.01247, 0.00797, 0.00814, 0.00816, 0.00874,
20	5	20	27.483202375177257	-0.730235323021619	1428.083451536455	-0.1434333063949158 0.01416, 0.01235, 0.00761, 0.00790, 0.00776, 0.00734,
20	6	20	27.483202375177257	-0.730235323021619	1428.083451536455	-0.1434333063949158 0.01492, 0.01233, 0.00770, 0.00760, 0.00736, 0.00749,
20	7	20	27.483202375177257	-0.730235323021619	1428.083451536455	-0.1434333063949158 0.01453, 0.01208, 0.00748, 0.00760, 0.00770, 0.00776,
20	8	20	27.483202375177257	-0.730235323021619	1428.083451536455	-0.1434333063949158 0.01507, 0.01240, 0.00813, 0.00783, 0.00847, 0.00835,
40	3	20	27.483202375177257	-0.730235323021619	1428.083451536455	-0.1434333063949158 0.01548, 0.01296, 0.00772, 0.00801, 0.00772, 0.00781,
40	4	20	27.483202375177257	-0.730235323021619	1428.083451536455	-0.1434333063949158 0.01409, 0.01338, 0.00774, 0.00780, 0.00783, 0.00775,
40	5	20	27.483202375177257	-0.730235323021619	1428.083451536455	-0.1434333063949158 0.01481, 0.01230, 0.00778, 0.00739, 0.00728, 0.00740,
40	6	20	27.483202375177257	-0.730235323021619	1428.083451536455	-0.1434333063949158 0.01474, 0.01217, 0.00806, 0.00818, 0.00839, 0.00792,
40	7	20	27.483202375177257	-0.730235323021619	1428.083451536455	-0.1434333063949158 0.01478, 0.01227, 0.00742, 0.00768, 0.00772, 0.00716,
40	8	20	27.483202375177257	-0.730235323021619	1428.083451536455	-0.1434333063949158 0.01474, 0.01247, 0.00790, 0.00805, 0.00814, 0.00818,
60	3	20	27.483202375177257	-0.730235323021619	1428.083451536455	-0.1434333063949158 0.01532, 0.01346, 0.00799, 0.00787, 0.00797, 0.00797,
60	4	20	27.483202375177257	-0.730235323021619	1428.083451536455	-0.1434333063949158 0.01633, 0.01299, 0.00833, 0.00882, 0.00910, 0.00832,
60	5	20	27.483202375177257	-0.730235323021619	1428.083451536455	-0.1434333063949158 0.01462, 0.01313, 0.00810, 0.00835, 0.00801, 0.00784,
60	6	20	27.483202375177257	-0.730235323021619	1428.083451536455	-0.1434333063949158 0.01425, 0.01193, 0.00753, 0.00749, 0.00737, 0.00871,
60	7	20	27.483202375177257	-0.730235323021619	1428.083451536455	-0.1434333063949158 0.01406, 0.01218, 0.00765, 0.00787, 0.00765, 0.00739,
60	8	20	27.483202375177257	-0.730235323021619	1428.083451536455	-0.1434333063949158 0.01441, 0.01166, 0.00726, 0.00775, 0.00823, 0.00816,
80	3	20	27.483202375177257	-0.730235323021619	1428.083451536455	-0.1434333063949158 0.01448, 0.01214, 0.00827, 0.00842, 0.00792, 0.00776,
80	4	20	27.483202375177257	-0.730235323021619	1428.083451536455	-0.1434333063949158 0.01609, 0.01289, 0.00774, 0.00785, 0.00765, 0.00772,
80	5	20	27.483202375177257	-0.730235323021619	1428.083451536455	-0.1434333063949158 0.01480, 0.01267, 0.00822, 0.00833, 0.00806, 0.00771,
80	6	20	27.483202375177257	-0.730235323021619	1428.083451536455	-0.1434333063949158 0.01550, 0.01309, 0.00771, 0.00763, 0.00782, 0.00751,
80	7	20	27.483202375177257	-0.730235323021619	1428.083451536455	-0.1434333063949158 0.01473, 0.01225, 0.00760, 0.00785, 0.00779, 0.00850,
80	8	20	27.483202375177257	-0.730235323021619	1428.083451536455	-0.1434333063949158 0.01471, 0.01285, 0.00763, 0.00765, 0.00718, 0.00726,
0	3	20	27.483202375177257	-0.730235323021619	1428.083451536455	-0.1434333063949158 0.01491, 0.01204, 0.00794, 0.00782, 0.00811, 0.00822,
0	4	20	27.483202375177257	-0.730235323021619	1428.083451536455	-0.1434333063949158 0.01351, 0.01179, 0.00754, 0.00764, 0.00788, 0.00722,
0	5	20	27.483202375177257	-0.730235323021619	1428.083451536455	-0.1434333063949158 0.01438, 0.01182, 0.00844, 0.00824, 0.00854, 0.00796,
0	6	20	27.483202375177257	-0.730235323021619	1428.083451536455	-0.1434333063949158 0.01391, 0.01133, 0.00778, 0.00780, 0.00788, 0.00797,
0	7	20	27.483202375177257	-0.730235323021619	1428.083451536455	-0.1434333063949158 0.01525, 0.01210, 0.00738, 0.00787, 0.00778, 0.00759,
0	8	20	27.483202375177257	-0.730235323021619	1428.083451536455	-0.1434333063949158 0.01407, 0.01251, 0.00730, 0.00762, 0.00755, 0.00747,
20	3	20	27.483202375177257	-0.730235323021619	1428.083451536455	-0.1434333063949158 0.01457, 0.01224, 0.00751, 0.00768, 0.00787, 0.00796,
20	4	20	27.483202375177257	-0.730235323021619	1428.083451536455	-0.1434333063949158 0.01368, 0.01303, 0.00848, 0.00795, 0.00806, 0.00769,
20	5	20	27.483202375177257	-0.730235323021619	1428.083451536455	-0.1434333063949158 0.01520, 0.01244, 0.00719, 0.00741, 0.00748, 0.00760,
20	6	20	27.483202375177257	-0.730235323021619	1428.083451536455	-0.1434333063949158 0.01503, 0.01260, 0.00798, 0.00794, 0.00807, 0.00765,
20	7	20	27.483202375177257	-0.730235323021619	1428.083451536455	-0.1434333063949158 0.01354, 0.01191, 0.00730, 0.00734, 0.00742, 0.00768,
20	8	20	27.483202375177257	-0.730235323021619	1428.083451536455	-0.1434333063949158 0.01437, 0.01223, 0.00747, 0.00767, 0.00894, 0.00809,
40	3	20	27.483202375177257	-0.730235323021619	1428.083451536455	-0.1434333063949158 0.01360, 0.01176, 0.00832, 0.00833, 0.00842, 0.00788,
40	4	20	27.483202375177257	-0.730235323021619	1428.083451536455	-0.1434333063949158 0.01493, 0.01251, 0.00889, 0.00917, 0.00872, 0.00816,
40	5	20	27.483202375177257	-0.730235323021619	1428.083451536455	-0.1434333063949158 0.01554, 0.01274, 0.00780, 0.00798, 0.00787, 0.00768,
40	6	20	27.483202375177257	-0.730235323021619	1428.083451536455	-0.1434333063949158 0.01436, 0.01197, 0.00807, 0.00828, 0.00855, 0.00801,
40	7	20	27.483202375177257	-0.730235323021619	1428.083451536455	-0.1434333063949158 0.01496, 0.01191, 0.00759, 0.00762, 0.00766, 0.00733,
40	8	20	27.483202375177257	-0.730235323021619	1428.083451536455	-0.1434333063949158 0.01500, 0.01179, 0.00724, 0.00733, 0.00738, 0.00745,
60	3	20	27.483202375177257	-0.730235323021619	1428.083451536455	-0.1434333063949158 0.01490, 0.01222, 0.00799, 0.00757, 0.00739, 0.00749,
60	4	20	27.483202375177257	-0.730235323021619	1428.083451536455	-0.1434333063949158 0.01462, 0.01313, 0.00786, 0.00786, 0.00788, 0.00822,
60	5	20	27.483202375177257	-0.730235323021619	1428.083451536455	-0.1434333063949158 0.01530, 0.01206, 0.00796, 0.00807, 0.00773, 0.00815,
60	6	20	27.483202375177257	-0.730235323021619	1428.083451536455	-0.1434333063949158 0.01417, 0.01194, 0.00765, 0.00793, 0.00797, 0.00828,
60	7	20	27.483202375177257	-0.730235323021619	1428.083451536455	-0.1434333063949158 0.01397, 0.01175, 0.00727, 0.00749, 0.00760, 0.00767,
60	8	20	27.483202375177257	-0.730235323021619	1428.083451536455	-0.1434333063949158 0.01348, 0.01198, 0.00782, 0.00818, 0.00824, 0.00788,
80	3	20	27.483202375177257	-0.730235323021619	1428.083451536455	-0.1434333063949158 0.01381, 0.01167, 0.00745, 0.00693, 0.00743, 0.00766,
80	4	20	27.483202375177257	-0.730235323021619	1428.083451536455	-0.1434333063949158 0.01367, 0.01122, 0.00687, 0.00707, 0.00713, 0.00697,
80	5	20	27.483202375177257	-0.730235323021619	1428.083451536455	-0.1434333063949158 0.01359, 0.01233, 0.00753, 0.00731, 0.00727, 0.00707,
80	6	20	27.483202375177257	-0.730235323021619	1428.083451536455	-0.1434333063949158 0.01348, 0.01088, 0.00704, 0.00696, 0.00810, 0.00769,
80	7	20	27.483202375177257	-0.730235323021619	1428.083451536455	-0.1434333063949158 0.01366, 0.01139, 0.00706, 0.00721, 0.00723, 0.00716,
80	8	20	27.483202375177257	-0.730235323021619	1428.083451536455	-0.1434333063949158 0.01405, 0.01110, 0.00732, 0.00728, 0.00741, 0.00737,
0	3	20	27.483202375177257	-0.730235323021619	1428.083451536455	-0.1434333063949158 0.01431, 0.01175, 0.00721, 0.00724, 0.00738, 0.00744,
0	4	20	27.483202375177257	-0.730235323021619	1428.083451536455	-0.1434333063949158 0.01465, 0.01170, 0.00732, 0.00748, 0.00761, 0.00738,
0	5	20	27.483202375177257	-0.730235323021619	1428.083451536455	-0.1434333063949158 0.01514, 0.01261, 0.00779, 0.00809, 0.00767, 0.00744,
0	6	20	27.483202375177257	-0.730235323021619	1428.083451536455	-0.1434333063949158 0.01431, 0.01229, 0.00760, 0.00760, 0.00752, 0.00745,
0	7	20	27.483202375177257	-0.730235323021619	1428.083451536455	-0.1434333063949158 0.01473, 0.01230, 0.00756, 0.00767, 0.00738, 0.00734,
0	8	20	27.483202375177257	-0.730235323021619	1428.083451536455	-0.1434333063949158 0.01402, 0.01150, 0.00780, 0.00792, 0.00749, 0.00778,
20	3	20	27.483202375177257	-0.730235323021619	1428.083451536455	-0.1434333063949158 0.01382, 0.01143, 0.00733, 0.00727, 0.00731, 0.00784,
20	4	20	27.483202375177257	-0.730235323021619	1428.083451536455	-0.1434333063949158 0.01333, 0.01161, 0.00769, 0.00779, 0.00780, 0.00737,
20	5	20	27.483202375177257	-0.730235323021619	1428.083451536455	-0.1434333063949158 0.01315, 0.01125, 0.00759, 0.00708, 0.00698, 0.00702,
20	6	20	27.483202375177257	-0.730235323021619	1428.083451536455	-0.1434333063949158 0.01294, 0.01166, 0.00714, 0.00733, 0.00732, 0.00702,
20	7	20	27.483202375177257	-0.730235323021619	1428.083451536455	-0.1434333063949158 0.01580, 0.01320, 0.00813, 0.00809, 0.00781, 0.00773,
20	8	20	27.483202375177257	-0.730235323021619	1428.083451536455	-0.1434333063949158 0.01306, 0.01112, 0.00745, 0.00723, 0.00725, 0.00740,
40	3	20	27.483202375177257	-0.730235323021619	1428.083451536455	-0.1434333063949158 0.01373, 0.01137, 0.00726, 0.00750, 0.00719, 0.00745,
40	4	20	27.483202375177257	-0.730235323021619	1428.083451536455	-0.1434333063949158 0.01418, 0.01159, 0.00742, 0.00771, 0.00724, 0.00734,
40	5	20	27.483202375177257	-0.730235323021619	1428.083451536455	-0.1434333063949158 0.01247, 0.01097, 0.00712, 0.00739, 0.00760, 0.00716,
40	6	20	27.483202375177257	-0.730235323021619	1428.083451536455	-0.1434333063949158 0.01397, 0.01171, 0.00737, 0.00751, 0.00727, 0.00734,
40	7	20	27.483202375177257	-0.730235323021619	1428.083451536455	-0.1434333063949158 0.01381, 0.01162, 0.00766, 0.00760, 0.00760, 0.00782,
40	8	20	27.483202375177257	-0.730235323021619	1428.083451536455	-0.1434333063949158 0.01422, 0.01176, 0.00745, 0.00781, 0.00792, 0.00760,
60	3	20	27.483202375177257	-0.730235323021619	1428.083451536455	-0.1434333063949158 0.01282, 0.01138, 0.00781, 0.00761, 0.00703, 0.00699,
60	4	20	27.483202375177257	-0.730235323021619	1428.083451536455	-0.1434333063949158 0.01379, 0.01160, 0.00769, 0.00795, 0.00735, 0.00713,
60	5	20	27.483202375177257	-0.730235323021619	1428.083451536455	-0.1434333063949158 0.01404, 0.01159, 0.00795, 0.00774, 0.00754, 0.00762,
60	6	20	27.483202375177257	-0.730235323021619	1428.083451536455	-0.1434333063949158 0.01367, 0.01183, 0.00709, 0.00727, 0.00748, 0.00745,
60	7	20	27.483202375177257	-0.730235323021619	1428.083451536455	-0.1434333063949158 0.01381, 0.01157, 0.00717, 0.00736, 0.00743, 0.00733,
60	8	20	27.483202375177257	-0.730235323021619	1428.083451536455	-0.1434333063949158 0.01357, 0.01093, 0.00685, 0.00712, 0.00699, 0.00692,
80	3	20	27.483202375177257	-0.730235323021619	1428.083451536455	-0.1434333063949158 0.01289, 0.01075, 0.00779, 0.00839, 0.00797, 0.00769,
80	4	20	27.483202375177257	-0.730235323021619	1428.083451536455	-0.1434333063949158 0.01333, 0.01105, 0.00713, 0.00805, 0.00804, 0.00751,
80	5	20	27.483202375177257	-0.730235323021619	1428.083451536455	-0.1434333063949158 0.01280, 0.01147, 0.00700, 0.00732, 0.00735, 0.00727,
80	6	20	27.483202375177257	-0.730235323021619	1428.083451536455	-0.1434333063949158 0.01391, 0.01098, 0.00687, 0.00702, 0.00707, 0.00725,
80	7	20	27.483202375177257	-0.730235323021619	1428.083451536455	-0.1434333063949158 0.01394, 0.01130, 0.00732, 0.00717, 0.00708, 0.00748,
80	8	20	27.483202375177257	-0.730235323021619	1428.083451536455	-0.1434333063949158 0.01356, 0.01120, 0.00770, 0.00754, 0.00778, 0.00784,
0	3	20	27.483202375177257	-0.730235323021619	1428.083451536455	-0.1434333063949158 0.01324, 0.01038, 0.00678, 0.00690, 0.00715, 0.00689,
0	4	20	27.483202375177257	-0.730235323021619	1428.083451536455	-0.1434333063949158 0.01302, 0.01133, 0.00745, 0.00755, 0.00746, 0.00768,
0	5	20	27.483202375177257	-0.730235323021619	1428.083451536455	-0.1434333063949158 0.01254, 0.01088, 0.00697, 0.00800, 0.00746, 0.00691,
0	6	20	27.483202375177257	-0.730235323021619	1428.083451536455	-0.1434333063949158 0.01267, 0.01069, 0.00701, 0.00689, 0.00673, 0.00663,
0	7	20	27.483202375177257	-0.730235323021619	1428.083451536455	-0.1434333063949158 0.01222, 0.01076, 0.00749, 0.00745, 0.00733, 0.00770,
0	8	20	27.483202375177257	-0.730235323021619	1428.083451536455	-0.1434333063949158 0.01316, 0.01168, 0.00745, 0.00742, 0.00718, 0.00791,
20	3	20	27.483202375177257	-0.730235323021619	1428.083451536455	-0.1434333063949158 0.01424, 0.01144, 0.00705, 0.00699, 0.00694, 0.00693,
20	4	20	27.483202375177257	-0.730235323021619	1428.083451536455	-0.1434333063949158 0.01211, 0.01052, 0.00670, 0.00662, 0.00665, 0.00656,
20	5	20	27.483202375177257	-0.730235323021619	1428.083451536455	-0.1434333063949158 0.01268, 0.01068, 0.00692, 0.00709, 0.00695, 0.00685,
20	6	20	27.483202375177257	-0.730235323021619	1428.083451536455	-0.1434333063949158 0.01321, 0.01062, 0.00702, 0.00677, 0.00674, 0.00661,
20	7	20	27.483202375177257	-0.730235323021619	1428.083451536455	-0.1434333063949158 0.01231, 0.01063, 0.00679, 0.00682, 0.00721, 0.00707,
20	8	20	27.483202375177257	-0.730235323021619	1428.083451536455	-0.1434333063949158 0.01239, 0.01081, 0.00697, 0.00728, 0.00717, 0.00708,
40	3	20	27.483202375177257	-0.730235323021619	1428.083451536455	-0.1434333063949158 0.01337, 0.01063, 0.00680, 0.00679, 0.00654, 0.00657,
40	4	20	27.483202375177257	-0.730235323021619	1428.083451536455	-0.1434333063949158 0.01271, 0.01047, 0.00687, 0.00781, 0.00722, 0.00684,
40	5	20	27.483202375177257	-0.730235323021619	1428.083451536455	-0.1434333063949158 0.01209, 0.01104, 0.00757, 0.00771, 0.00757, 0.00762,
40	6	20	27.483202375177257	-0.730235323021619	1428.083451536455	-0.1434333063949158 0.01242, 0.01055, 0.00721, 0.00702, 0.00687, 0.00677,
40	7	20	27.483202375177257	-0.730235323021619	1428.083451536455	-0.1434333063949158 0.01253, 0.01048, 0.00673, 0.00655, 0.00671, 0.00668,
40	8	20	27.483202375177257	-0.730235323021619	1428.083451536455	-0.1434333063949158 0.01302, 0.01052, 0.00758, 0.00758, 0.00683, 0.00664,
60	3	20	27.483202375177257	-0.730235323021619	1428.083451536455	-0.1434333063949158 0.01330, 0.01139, 0.00737, 0.00684, 0.00674, 0.00670,
60	4	20	27.483202375177257	-0.730235323021619	1428.083451536455	-0.1434333063949158 0.01400, 0.01171, 0.00820, 0.00785, 0.00752, 0.00742,
60	5	20	27.483202375177257	-0.730235323021619	1428.083451536455	-0.1434333063949158 0.01299, 0.01108, 0.00675, 0.00704, 0.00825, 0.00740,
60	6	20	27.483202375177257	-0.730235323021619	1428.083451536455	-0.1434333063949158 0.01317, 0.01015, 0.00702, 0.00685, 0.00678, 0.00671,
60	7	20	27.483202375177257	-0.730235323021619	1428.083451536455	-0.1434333063949158 0.01272, 0.01157, 0.00665, 0.00678, 0.00675, 0.00670,
60	8	20	27.483202375177257	-0.730235323021619	1428.083451536455	-0.1434333063949158 0.01431, 0.01157, 0.00775, 0.00746, 0.00731, 0.00717,
80	3	20	27.483202375177257	-0.730235323021619	1428.083451536455	-0.1434333063949158 0.01233, 0.01180, 0.00784, 0.00807, 0.00796, 0.00783,
80	4	20	27.483202375177257	-0.730235323021619	1428.083451536455	-0.1434333063949158 0.01249, 0.01075, 0.00696, 0.00697, 0.00655, 0.00650,
80	5	20	27.483202375177257	-0.730235323021619	1428.083451536455	-0.1434333063949158 0.01368, 0.01205, 0.00718, 0.00721, 0.00737, 0.00682,
80	6	20	27.483202375177257	-0.730235323021619	1428.083451536455	-0.1434333063949158 0.01389, 0.01091, 0.00677, 0.00714, 0.00712, 0.00716,
80	7	20	27.483202375177257	-0.730235323021619	1428.083451536455	-0.1434333063949158 0.01261, 0.01094, 0.00740, 0.00718, 0.00704, 0.00693,
80	8	20	27.483202375177257	-0.730235323021619	1428.083451536455	-0.1434333063949158 0.01217, 0.01030, 0.00679, 0.00688, 0.00682, 0.00652,
0	3	20	27.483202375177257	-0.730235323021619	1428.083451536455	-0.1434333063949158 0.01348, 0.01085, 0.00733, 0.00709, 0.00675, 0.00702,
0	4	20	27.483202375177257	-0.730235323021619	1428.083451536455	-0.1434333063949158 0.01203, 0.01042, 0.00679, 0.00700, 0.00710, 0.00676,
0	5	20	27.483202375177257	-0.730235323021619	1428.083451536455	-0.1434333063949158 0.01330, 0.01024, 0.00648, 0.00682, 0.00673, 0.00678,
0	6	20	27.483202375177257	-0.730235323021619	1428.083451536455	-0.1434333063949158 0.01205, 0.01089, 0.00705, 0.00734, 0.00733, 0.00709,
0	7	20	27.483202375177257	-0.730235323021619	1428.083451536455	-0.1434333063949158 0.01283, 0.01236, 0.00760, 0.00764, 0.00772, 0.00713,
0	8	20	27.483202375177257	-0.730235323021619	1428.083451536455	-0.1434333063949158 0.01382, 0.01113, 0.00646, 0.00664, 0.00667, 0.00681,
20	3	20	27.483202375177257	-0.730235323021619	1428.083451536455	-0.1434333063949158 0.01224, 0.01074, 0.00744, 0.00719, 0.00709, 0.00732,
20	4	20	27.483202375177257	-0.730235323021619	1428.083451536455	-0.1434333063949158 0.01238, 0.01025, 0.00672, 0.00679, 0.00651, 0.00655,
20	5	20	27.483202375177257	-0.730235323021619	1428.083451536455	-0.1434333063949158 0.01349, 0.01164, 0.00814, 0.00783, 0.00831, 0.00789,
20	6	20	27.483202375177257	-0.730235323021619	1428.083451536455	-0.1434333063949158 0.01228, 0.01015, 0.00657, 0.00711, 0.00703, 0.00697,
20	7	20	27.483202375177257	-0.730235323021619	1428.083451536455	-0.1434333063949158 0.01307, 0.01088, 0.00751, 0.00725, 0.00705, 0.00732,
20	8	20	27.483202375177257	-0.730235323021619	1428.083451536455	-0.1434333063949158 0.01255, 0.01045, 0.00689, 0.00691, 0.00646, 0.00678,
40	3	20	27.483202375177257	-0.730235323021619	1428.083451536455	-0.1434333063949158 0.01296, 0.01160, 0.00690, 0.00730, 0.00734, 0.00716,
40	4	20	27.483202375177257	-0.730235323021619	1428.083451536455	-0.1434333063949158 0.01355, 0.01050, 0.00706, 0.00689, 0.00681, 0.00689,
40	5	20	27.483202375177257	-0.730235323021619	1428.083451536455	-0.1434333063949158 0.01284, 0.01099, 0.00730, 0.00744, 0.00709, 0.00712,
40	6	20	27.483202375177257	-0.730235323021619	1428.083451536455	-0.1434333063949158 0.01365, 0.01043, 0.00646, 0.00656, 0.00657, 0.00663,
40	7	20	27.483202375177257	-0.730235323021619	1428.083451536455	-0.1434333063949158 0.01213, 0.01082, 0.00714, 0.00768, 0.00774, 0.00713,
40	8	20	27.483202375177257	-0.730235323021619	1428.083451536455	-0.1434333063949158 0.01214, 0.01092, 0.00702, 0.00749, 0.00756, 0.00728,
60	3	20	27.483202375177257	-0.730235323021619	1428.083451536455	-0.1434333063949158 0.01206, 0.01055, 0.00709, 0.00691, 0.00659, 0.00659,
60	4	20	27.483202375177257	-0.730235323021619	1428.083451536455	-0.1434333063949158 0.01229, 0.01063, 0.00729, 0.00820, 0.00764, 0.00855,
60	5	20	27.483202375177257	-0.730235323021619	1428.083451536455	-0.1434333063949158 0.01312, 0.01141, 0.00698, 0.00706, 0.00693, 0.00728,
60	6	20	27.483202375177257	-0.730235323021619	1428.083451536455	-0.1434333063949158 0.01222, 0.01079, 0.00696, 0.00735, 0.00705, 0.00716,
60	7	20	27.483202375177257	-0.730235323021619	1428.083451536455	-0.1434333063949158 0.01288, 0.01116, 0.00726, 0.00706, 0.00670, 0.00686,
60	8	20	27.483202375177257	-0.730235323021619	1428.083451536455	-0.1434333063949158 0.01247, 0.01028, 0.00655, 0.00669, 0.00669, 0.00655,
80	3	20	27.483202375177257	-0.730235323021619	1428.083451536455	-0.1434333063949158 0.01246, 0.01047, 0.00676, 0.00690, 0.00653, 0.00650,
80	4	20	27.483202375177257	-0.730235323021619	1428.083451536455	-0.1434333063949158 0.01257, 0.01070, 0.00700, 0.00671, 0.00647, 0.00648,
80	5	20	27.483202375177257	-0.730235323021619	1428.083451536455	-0.1434333063949158 0.01363, 0.01123, 0.00687, 0.00697, 0.00688, 0.00699,
80	6	20	27.483202375177257	-0.730235323021619	1428.083451536455	-0.1434333063949158 0.01344, 0.01084, 0.00696, 0.00727, 0.00763, 0.00734,
80	7	20	27.483202375177257	-0.730235323021619	1428.083451536455	-0.1434333063949158 0.01205, 0.01054, 0.00676, 0.00714, 0.00681, 0.00685,
80	8	20	27.483202375177257	-0.730235323021619	1428.083451536455	-0.1434333063949158 0.01236, 0.01064, 0.00738, 0.00740, 0.00728, 0.00752,
0	3	20	27.483202375177257	-0.730235323021619	1428.083451536455	-0.1434333063949158 0.01303, 0.01088, 0.00692, 0.00708, 0.00718, 0.00684,
0	4	20	27.483202375177257	-0.730235323021619	1428.083451536455	-0.1434333063949158 0.01292, 0.01062, 0.00684, 0.00691, 0.00707, 0.00681,
0	5	20	27.483202375177257	-0.730235323021619	1428.083451536455	-0.1434333063949158 0.01282, 0.01004, 0.00643, 0.00646, 0.00664, 0.00660,
0	6	20	27.483202375177257	-0.730235323021619	1428.083451536455	-0.1434333063949158 0.01526, 0.01308, 0.00740, 0.00760, 0.00782, 0.00716,
0	7	20	27.483202375177257	-0.730235323021619	1428.083451536455	-0.1434333063949158 0.01250, 0.01101, 0.00737, 0.00775, 0.00750, 0.00751,
0	8	20	27.483202375177257	-0.730235323021619	1428.083451536455	-0.1434333063949158 0.01239, 0.01056, 0.00771, 0.00704, 0.00701, 0.00681,
20	3	20	27.483202375177257	-0.730235323021619	1428.083451536455	-0.1434333063949158 0.01327, 0.01192, 0.00756, 0.00750, 0.00717, 0.00706,
20	4	20	27.483202375177257	-0.730235323021619	1428.083451536455	-0.1434333063949158 0.01234, 0.01043, 0.00675, 0.00716, 0.00697, 0.00672,
20	5	20	27.483202375177257	-0.730235323021619	1428.083451536455	-0.1434333063949158 0.01296, 0.01116, 0.00714, 0.00671, 0.00661, 0.00652,
20	6	20	27.483202375177257	-0.730235323021619	1428.083451536455	-0.1434333063949158 0.01223, 0.00994, 0.00735, 0.00691, 0.00678, 0.00682,
20	7	20	27.483202375177257	-0.730235323021619	1428.083451536455	-0.1434333063949158 0.01281, 0.01111, 0.00712, 0.00747, 0.00714, 0.00719,
20	8	20	27.483202375177257	-0.730235323021619	1428.083451536455	-0.1434333063949158 0.01264, 0.01060, 0.00672, 0.00694, 0.00711, 0.00683,
40	3	20	27.483202375177257	-0.730235323021619	1428.083451536455	-0.1434333063949158 0.01211, 0.01070, 0.00752, 0.00732, 0.00706, 0.00674,
40	4	20	27.483202375177257	-0.730235323021619	1428.083451536455	-0.1434333063949158 0.01221, 0.01065, 0.00682, 0.00729, 0.00706, 0.00704,
40	5	20	27.483202375177257	-0.730235323021619	1428.083451536455	-0.1434333063949158 0.01243, 0.01030, 0.00676, 0.00703, 0.00680, 0.00674,
40	6	20	27.483202375177257	-0.730235323021619	1428.083451536455	-0.1434333063949158 0.01238, 0.01059, 0.00732, 0.00694, 0.00694, 0.00694,
40	7	20	27.483202375177257	-0.730235323021619	1428.083451536455	-0.1434333063949158 0.01208, 0.01102, 0.00753, 0.00772, 0.00771, 0.00788,
40	8	20	27.483202375177257	-0.730235323021619	1428.083451536455	-0.1434333063949158 0.01234, 0.01069, 0.00728, 0.00725, 0.00730, 0.00702,
60	3	20	27.483202375177257	-0.730235323021619	1428.083451536455	-0.1434333063949158 0.01227, 0.01104, 0.00708, 0.00755, 0.00761, 0.00780,
60	4	20	27.483202375177257	-0.730235323021619	1428.083451536455	-0.1434333063949158 0.01195, 0.01071, 0.00755, 0.00674, 0.00653, 0.00645,
60	5	20	27.483202375177257	-0.730235323021619	1428.083451536455	-0.1434333063949158 0.01248, 0.01024, 0.00662, 0.00693, 0.00691, 0.00695,
60	6	20	27.483202375177257	-0.730235323021619	1428.083451536455	-0.1434333063949158 0.01232, 0.01005, 0.00657, 0.00695, 0.00706, 0.00698,
60	7	20	27.483202375177257	-0.730235323021619	1428.083451536455	-0.1434333063949158 0.01184, 0.01032, 0.00673, 0.00720, 0.00687, 0.00665,
60	8	20	27.483202375177257	-0.730235323021619	1428.083451536455	-0.1434333063949158 0.01263, 0.01078, 0.00704, 0.00682, 0.00687, 0.00667,
80	3	20	27.483202375177257	-0.730235323021619	1428.083451536455	-0.1434333063949158 0.01263, 0.01016, 0.00667, 0.00725, 0.00711, 0.00728,
80	4	20	27.483202375177257	-0.730235323021619	1428.083451536455	-0.1434333063949158 0.01263, 0.01189, 0.00748, 0.00799, 0.00808, 0.00770,
80	5	20	27.483202375177257	-0.730235323021619	1428.083451536455	-0.1434333063949158 0.01223, 0.01038, 0.00690, 0.00647, 0.00654, 0.00655,
80	6	20	27.483202375177257	-0.730235323021619	1428.083451536455	-0.1434333063949158 0.01207, 0.01101, 0.00723, 0.00686, 0.00693, 0.00681,
80	7	20	27.483202375177257	-0.730235323021619	1428.083451536455	-0.1434333063949158 0.01219, 0.01019, 0.00657, 0.00668, 0.00668, 0.00687,
80	8	20	27.483202375177257	-0.730235323021619	1428.083451536455	-0.1434333063949158 0.01193, 0.01025, 0.00660, 0.00682, 0.00687, 0.00652,
0	3	20	27.483202375177257	-0.730235323021619	1428.083451536455	-0.1434333063949158 0.01214, 0.01072, 0.00737, 0.00728, 0.00719, 0.00713,
0	4	20	27.483202375177257	-0.730235323021619	1428.083451536455	-0.1434333063949158 0.01176, 0.01069, 0.00717, 0.00716, 0.00693, 0.00727,
0	5	20	27.483202375177257	-0.730235323021619	1428.083451536455	-0.1434333063949158 0.01225, 0.01112, 0.00712, 0.00817, 0.00770, 0.00724,
0	6	20	27.483202375177257	-0.730235323021619	1428.083451536455	-0.1434333063949158 0.01304, 0.01075, 0.00682, 0.00684, 0.00691, 0.00662,
0	7	20	27.483202375177257	-0.730235323021619	1428.083451536455	-0.1434333063949158 0.01183, 0.01005, 0.00636, 0.00662, 0.00664, 0.00672,
0	8	20	27.483202375177257	-0.730235323021619	1428.083451536455	-0.1434333063949158 0.01179, 0.01083, 0.00720, 0.00753, 0.00695, 0.00685,
20	3	20	27.483202375177257	-0.730235323021619	1428.083451536455	-0.1434333063949158 0.01171, 0.01074, 0.00735, 0.00723, 0.00703, 0.00734,
20	4	20	27.483202375177257	-0.730235323021619	1428.083451536455	-0.1434333063949158 0.01235, 0.01069, 0.00715, 0.00716, 0.00723, 0.00716,
20	5	20	27.483202375177257	-0.730235323021619	1428.083451536455	-0.1434333063949158 0.01179, 0.01079, 0.00691, 0.00714, 0.00735, 0.00751,
20	6	20	27.483202375177257	-0.730235323021619	1428.083451536455	-0.1434333063949158 0.01201, 0.01029, 0.00669, 0.00652, 0.00655, 0.00672,
20	7	20	27.483202375177257	-0.730235323021619	1428.083451536455	-0.1434333063949158 0.01210, 0.01073, 0.00724, 0.00674, 0.00653, 0.00692,
20	8	20	27.483202375177257	-0.730235323021619	1428.083451536455	-0.1434333063949158 0.01289, 0.01031, 0.00665, 0.00701, 0.00678, 0.00652,
40	3	20	27.483202375177257	-0.730235323021619	1428.083451536455	-0.1434333063949158 0.01271, 0.01149, 0.00695, 0.00669, 0.00663, 0.00669,
40	4	20	27.483202375177257	-0.730235323021619	1428.083451536455	-0.1434333063949158 0.01250, 0.01043, 0.00681, 0.00680, 0.00674, 0.00649,
40	5	20	27.483202375177257	-0.730235323021619	1428.083451536455	-0.1434333063949158 0.01262, 0.01040, 0.00659, 0.00657, 0.00655, 0.00659,
40	6	20	27.483202375177257	-0.730235323021619	1428.083451536455	-0.1434333063949158 0.01363, 0.01351, 0.00913, 0.01049, 0.01610, 0.01234,
40	7	20	27.483202375177257	-0.730235323021619	1428.083451536455	-0.1434333063949158 0.01240, 0.01028, 0.00678, 0.00704, 0.00674, 0.00680,
40	8	20	27.483202375177257	-0.730235323021619	1428.083451536455	-0.1434333063949158 0.01282, 0.01063, 0.00721, 0.00687, 0.00671, 0.00644,
60	3	20	27.483202375177257	-0.730235323021619	1428.083451536455	-0.1434333063949158 0.01214, 0.01082, 0.00698, 0.00725, 0.00710, 0.00733,
60	4	20	27.483202375177257	-0.730235323021619	1428.083451536455	-0.1434333063949158 0.01261, 0.01062, 0.00681, 0.00690, 0.00682, 0.00687,
60	5	20	27.483202375177257	-0.730235323021619	1428.083451536455	-0.1434333063949158 0.01207, 0.01090, 0.00764, 0.00722, 0.00717, 0.00770,
60	6	20	27.483202375177257	-0.730235323021619	1428.083451536455	-0.1434333063949158 0.01223, 0.01096, 0.00712, 0.00755, 0.00764, 0.00755,
60	7	20	27.483202375177257	-0.730235323021619	1428.083451536455	-0.1434333063949158 0.01247, 0.01087, 0.00680, 0.00689, 0.00685, 0.00680,
60	8	20	27.483202375177257	-0.730235323021619	1428.083451536455	-0.1434333063949158 0.01205, 0.01042, 0.00679, 0.00682, 0.00701, 0.00694,
80	3	20	27.483202375177257	-0.730235323021619	1428.083451536455	-0.1434333063949158 0.01230, 0.01016, 0.00672, 0.00690, 0.00702, 0.00667,
80	4	20	27.483202375177257	-0.730235323021619	1428.083451536455	-0.1434333063949158 0.01226, 0.01023, 0.00679, 0.00671, 0.00657, 0.00666,
80	5	20	27.483202375177257	-0.730235323021619	1428.083451536455	-0.1434333063949158 0.01255, 0.01094, 0.00690, 0.00695, 0.00655, 0.00683,
80	6	20	27.483202375177257	-0.730235323021619	1428.083451536455	-0.1434333063949158 0.01218, 0.01087, 0.00705, 0.00732, 0.00703, 0.00690,
80	7	20	27.483202375177257	-0.730235323021619	1428.083451536455	-0.1434333063949158 0.01215, 0.01032, 0.00691, 0.00704, 0.00731, 0.00764,
80	8	20	27.483202375177257	-0.730235323021619	1428.083451536455	-0.1434333063949158 0.01317, 0.01070, 0.00676, 0.00678, 0.00659, 0.00650,
0	3	20	27.483202375177257	-0.730235323021619	1428.083451536455	-0.1434333063949158 0.01187, 0.01068, 0.00750, 0.00748, 0.00717, 0.00675,
0	4	20	27.483202375177257	-0.730235323021619	1428.083451536455	-0.1434333063949158 0.01230, 0.01052, 0.00679, 0.00705, 0.00724, 0.00722,
0	5	20	27.483202375177257	-0.730235323021619	1428.083451536455	-0.1434333063949158 0.01234, 0.01081, 0.00719, 0.00682, 0.00647, 0.00652,
0	6	20	27.483202375177257	-0.730235323021619	1428.083451536455	-0.1434333063949158 0.01190, 0.01076, 0.00730, 0.00716, 0.00664, 0.00648,
0	7	20	27.483202375177257	-0.730235323021619	1428.083451536455	-0.1434333063949158 0.01188, 0.01036, 0.00697, 0.00751, 0.00725, 0.00720,
0	8	20	27.483202375177257	-0.730235323021619	1428.083451536455	-0.1434333063949158 0.01216, 0.01037, 0.00676, 0.00690, 0.00703, 0.00689,
20	3	20	27.483202375177257	-0.730235323021619	1428.083451536455	-0.1434333063949158 0.01276, 0.01041, 0.00671, 0.00707, 0.00709, 0.00737,
20	4	20	27.483202375177257	-0.730235323021619	1428.083451536455	-0.1434333063949158 0.01225, 0.01014, 0.00667, 0.00672, 0.00675, 0.00659,
20	5	20	27.483202375177257	-0.730235323021619	1428.083451536455	-0.1434333063949158 0.01220, 0.01051, 0.00672, 0.00683, 0.00699, 0.00700,
20	6	20	27.483202375177257	-0.730235323021619	1428.083451536455	-0.1434333063949158 0.01235, 0.01006, 0.00645, 0.00662, 0.00667, 0.00661,
20	7	20	27.483202375177257	-0.730235323021619	1428.083451536455	-0.1434333063949158 0.01236, 0.01070, 0.00711, 0.00694, 0.00672, 0.00681,
20	8	20	27.483202375177257	-0.730235323021619	1428.083451536455	-0.1434333063949158 0.01175, 0.01061, 0.00690, 0.00670, 0.00655, 0.00732,
40	3	20	27.483202375177257	-0.730235323021619	1428.083451536455	-0.1434333063949158 0.01303, 0.01123, 0.00723, 0.00755, 0.00770, 0.00716,
40	4	20	27.483202375177257	-0.730235323021619	1428.083451536455	-0.1434333063949158 0.01288, 0.01008, 0.00718, 0.00653, 0.00653, 0.00679,
40	5	20	27.483202375177257	-0.730235323021619	1428.083451536455	-0.1434333063949158 0.01211, 0.01052, 0.00676, 0.00709, 0.00697, 0.00699,
40	6	20	27.483202375177257	-0.730235323021619	1428.083451536455	-0.1434333063949158 0.01224, 0.01051, 0.00672, 0.00697, 0.00719, 0.00692,
40	7	20	27.483202375177257	-0.730235323021619	1428.083451536455	-0.1434333063949158 0.01247, 0.01023, 0.00670, 0.00680, 0.00690, 0.00670,
40	8	20	27.483202375177257	-0.730235323021619	1428.083451536455	-0.1434333063949158 0.01211, 0.01003, 0.00655, 0.00636, 0.00647, 0.00665,
60	3	20	27.483202375177257	-0.730235323021619	1428.083451536455	-0.1434333063949158 0.01196, 0.01009, 0.00670, 0.00647, 0.00651, 0.00680,
60	4	20	27.483202375177257	-0.730235323021619	1428.083451536455	-0.1434333063949158 0.01221, 0.01027, 0.00668, 0.00670, 0.00679, 0.00648,
60	5	20	27.483202375177257	-0.730235323021619	1428.083451536455	-0.1434333063949158 0.01206, 0.01072, 0.00693, 0.00737, 0.00726, 0.00733,
60	6	20	27.483202375177257	-0.730235323021619	1428.083451536455	-0.1434333063949158 0.01238, 0.01067, 0.00734, 0.00702, 0.00694, 0.00712,
60	7	20	27.483202375177257	-0.730235323021619	1428.083451536455	-0.1434333063949158 0.01225, 0.01037, 0.00690, 0.00677, 0.00681, 0.00650,
60	8	20	27.483202375177257	-0.730235323021619	1428.083451536455	-0.1434333063949158 0.01216, 0.01090, 0.00726, 0.00751, 0.00721, 0.00729,
80	3	20	27.483202375177257	-0.730235323021619	1428.083451536455	-0.1434333063949158 0.01192, 0.01065, 0.00714, 0.00701, 0.00680, 0.00668,
80	4	20	27.483202375177257	-0.730235323021619	1428.083451536455	-0.1434333063949158 0.01275, 0.01065, 0.00695, 0.00707, 0.00727, 0.00710,
80	5	20	27.483202375177257	-0.730235323021619	1428.083451536455	-0.1434333063949158 0.01203, 0.01040, 0.00672, 0.00707, 0.00709, 0.00724,
80	6	20	27.483202375177257	-0.730235323021619	1428.083451536455	-0.1434333063949158 0.01225, 0.01020, 0.00683, 0.00685, 0.00696, 0.00698,
80	7	20	27.483202375177257	-0.730235323021619	1428.083451536455	-0.1434333063949158 0.01205, 0.00987, 0.00644, 0.00681, 0.00677, 0.00709,
80	8	20	27.483202375177257	-0.730235323021619	1428.083451536455	-0.1434333063949158 0.01218, 0.01031, 0.00672, 0.00683, 0.00697, 0.00773,
0	3	20	27.483202375177257	-0.730235323021619	1428.083451536455	-0.1434333063949158 0.01276, 0.01069, 0.00699, 0.00696, 0.00688, 0.00658,
0	4	20	27.483202375177257	-0.730235323021619	1428.083451536455	-0.1434333063949158 0.01269, 0.01023, 0.00686, 0.00689, 0.00703, 0.00712,
0	5	20	27.483202375177257	-0.730235323021619	1428.083451536455	-0.1434333063949158 0.01187, 0.01054, 0.00734, 0.00707, 0.00697, 0.00678,
0	6	20	27.483202375177257	-0.730235323021619	1428.083451536455	-0.1434333063949158 0.01208, 0.01094, 0.00710, 0.00747, 0.00713, 0.00706,
0	7	20	27.483202375177257	-0.730235323021619	1428.083451536455	-0.1434333063949158 0.01233, 0.01050, 0.00684, 0.00688, 0.00671, 0.00670,
0	8	20	27.483202375177257	-0.730235323021619	1428.083451536455	-0.1434333063949158 0.01248, 0.01053, 0.00638, 0.00649, 0.00655, 0.00658,
20	3	20	27.483202375177257	-0.730235323021619	1428.083451536455	-0.1434333063949158 0.01179, 0.01015, 0.00650, 0.00670, 0.00719, 0.00714,
20	4	20	27.483202375177257	-0.730235323021619	1428.083451536455	-0.1434333063949158 0.01236, 0.01081, 0.00713, 0.00724, 0.00683, 0.00716,
20	5	20	27.483202375177257	-0.730235323021619	1428.083451536455	-0.1434333063949158 0.01216, 0.01045, 0.00665, 0.00689, 0.00685, 0.00657,
20	6	20	27.483202375177257	-0.730235323021619	1428.083451536455	-0.1434333063949158 0.01215, 0.01077, 0.00697, 0.00707, 0.00694, 0.00712,
20	7	20	27.483202375177257	-0.730235323021619	1428.083451536455	-0.1434333063949158 0.01233, 0.01058, 0.00660, 0.00660, 0.00687, 0.00692,
20	8	20	27.483202375177257	-0.730235323021619	1428.083451536455	-0.1434333063949158 0.01239, 0.01060, 0.00663, 0.00671, 0.00698, 0.00728,
40	3	20	27.483202375177257	-0.730235323021619	1428.083451536455	-0.1434333063949158 0.01252, 0.01067, 0.00778, 0.00728, 0.00699, 0.00667,
40	4	20	27.483202375177257	-0.730235323021619	1428.083451536455	-0.1434333063949158 0.01223, 0.01153, 0.00788, 0.00761, 0.00735, 0.00763,
40	5	20	27.483202375177257	-0.730235323021619	1428.083451536455	-0.1434333063949158 0.01237, 0.01039, 0.00677, 0.00682, 0.00659, 0.00675,
40	6	20	27.483202375177257	-0.730235323021619	1428.083451536455	-0.1434333063949158 0.01245, 0.01044, 0.00678, 0.00641, 0.00647, 0.00644,
40	7	20	27.483202375177257	-0.730235323021619	1428.083451536455	-0.1434333063949158 0.01227, 0.01021, 0.00667, 0.00683, 0.00653, 0.00648,
40	8	20	27.483202375177257	-0.730235323021619	1428.083451536455	-0.1434333063949158 0.01201, 0.01082, 0.00716, 0.00705, 0.00687, 0.00679,
60	3	20	27.483202375177257	-0.730235323021619	1428.083451536455	-0.1434333063949158 0.01177, 0.01067, 0.00715, 0.00739, 0.00750, 0.00716,
60	4	20	27.483202375177257	-0.730235323021619	1428.083451536455	-0.1434333063949158 0.01231, 0.01024, 0.00683, 0.00712, 0.00691, 0.00674,
60	5	20	27.483202375177257	-0.730235323021619	1428.083451536455	-0.1434333063949158 0.01323, 0.01075, 0.00721, 0.00697, 0.00697, 0.00666,
60	6	20	27.483202375177257	-0.730235323021619	1428.083451536455	-0.1434333063949158 0.01223, 0.01038, 0.00694, 0.00708, 0.00740, 0.00678,
60	7	20	27.483202375177257	-0.730235323021619	1428.083451536455	-0.1434333063949158 0.01203, 0.01072, 0.00693, 0.00723, 0.00703, 0.00739,
60	8	20	27.483202375177257	-0.730235323021619	1428.083451536455	-0.1434333063949158 0.01299, 0.01099, 0.00699, 0.00679, 0.00715, 0.00802,
80	3	20	27.483202375177257	-0.730235323021619	1428.083451536455	-0.1434333063949158 0.01210, 0.01025, 0.00677, 0.00675, 0.00680, 0.00683,
80	4	20	27.483202375177257	-0.730235323021619	1428.083451536455	-0.1434333063949158 0.01211, 0.01039, 0.00698, 0.00666, 0.00653, 0.00652,
80	5	20	27.483202375177257	-0.730235323021619	1428.083451536455	-0.1434333063949158 0.01209, 0.01052, 0.00723, 0.00766, 0.00698, 0.00695,
80	6	20	27.483202375177257	-0.730235323021619	1428.083451536455	-0.1434333063949158 0.01244, 0.01020, 0.00643, 0.00666, 0.00707, 0.00722,
80	7	20	27.483202375177257	-0.730235323021619	1428.083451536455	-0.1434333063949158 0.01257, 0.01020, 0.00623, 0.00634, 0.00666, 0.00669,
80	8	20	27.483202375177257	-0.730235323021619	1428.083451536455	-0.1434333063949158 0.01214, 0.01042, 0.00674, 0.00695, 0.00677, 0.00686,

0	3	40	27.483202375177257	-0.730235323021619	1428.083451536455	-0.1434333063949158 0.01505, 0.01259, 0.00776, 0.00756, 0.00725, 0.00714,
0	4	40	27.483202375177257	-0.730235323021619	1428.083451536455	-0.1434333063949158 0.01562, 0.01278, 0.00779, 0.00784, 0.00791, 0.00885,
0	5	40	27.483202375177257	-0.730235323021619	1428.083451536455	-0.1434333063949158 0.01490, 0.01199, 0.00806, 0.00803, 0.00817, 0.00768,
0	6	40	27.483202375177257	-0.730235323021619	1428.083451536455	-0.1434333063949158 0.01411, 0.01154, 0.00714, 0.00732, 0.00734, 0.00722,
0	7	40	27.483202375177257	-0.730235323021619	1428.083451536455	-0.1434333063949158 0.01451, 0.01137, 0.00705, 0.00723, 0.00720, 0.00744,
0	8	40	27.483202375177257	-0.730235323021619	1428.083451536455	-0.1434333063949158 0.01497, 0.01260, 0.00805, 0.00756, 0.00773, 0.00795,
20	3	40	27.483202375177257	-0.730235323021619	1428.083451536455	-0.1434333063949158 0.01404, 0.01245, 0.00798, 0.00827, 0.00857, 0.00806,
20	4	40	27.483202375177257	-0.730235323021619	1428.083451536455	-0.1434333063949158 0.01402, 0.01181, 0.00722, 0.00737, 0.00811, 0.00784,
20	5	40	27.483202375177257	-0.730235323021619	1428.083451536455	-0.1434333063949158 0.01423, 0.01219, 0.00753, 0.00887, 0.00812, 0.00782,
20	6	40	27.483202375177257	-0.730235323021619	1428.083451536455	-0.1434333063949158 0.01411, 0.01180, 0.00790, 0.00873, 0.00779, 0.00779,
20	7	40	27.483202375177257	-0.730235323021619	1428.083451536455	-0.1434333063949158 0.01419, 0.01301, 0.00763, 0.00757, 0.00739, 0.00743,
20	8	40	27.483202375177257	-0.730235323021619	1428.083451536455	-0.1434333063949158 0.01477, 0.01207, 0.00767, 0.00747, 0.00754, 0.00750,
40	3	40	27.483202375177257	-0.730235323021619	1428.083451536455	-0.1434333063949158 0.01418, 0.01191, 0.00774, 0.00730, 0.00734, 0.00740,
40	4	40	27.483202375177257	-0.730235323021619	1428.083451536455	-0.1434333063949158 0.01451, 0.01252, 0.00773, 0.00789, 0.00724, 0.00723,
40	5	40	27.483202375177257	-0.730235323021619	1428.083451536455	-0.1434333063949158 0.01452, 0.01252, 0.00749, 0.00779, 0.00769, 0.00732,
40	6	40	27.483202375177257	-0.730235323021619	1428.083451536455	-0.1434333063949158 0.01450, 0.01258, 0.00755, 0.00723, 0.00826, 0.00778,
40	7	40	27.483202375177257	-0.730235323021619	1428.083451536455	-0.1434333063949158 0.01461, 0.01171, 0.00714, 0.00735, 0.00738, 0.00742,
40	8	40	27.483202375177257	-0.730235323021619	1428.083451536455	-0.1434333063949158 0.01511, 0.01242, 0.00733, 0.00728, 0.00818, 0.00772,
60	3	40	27.483202375177257	-0.730235323021619	1428.083451536455	-0.1434333063949158 0.01510, 0.01195, 0.00764, 0.00731, 0.00751, 0.00739,
60	4	40	27.483202375177257	-0.730235323021619	1428.083451536455	-0.1434333063949158 0.01467, 0.01218, 0.00779, 0.00838, 0.00818, 0.00799,
60	5	40	27.483202375177257	-0.730235323021619	1428.083451536455	-0.1434333063949158 0.01482, 0.01210, 0.00760, 0.00767, 0.00756, 0.00729,
60	6	40	27.483202375177257	-0.730235323021619	1428.083451536455	-0.1434333063949158 0.01452, 0.01226, 0.00782, 0.00805, 0.00814, 0.00835,
60	7	40	27.483202375177257	-0.730235323021619	1428.083451536455	-0.1434333063949158 0.01505, 0.01187, 0.00736, 0.00759, 0.00774, 0.00759,
60	8	40	27.483202375177257	-0.730235323021619	1428.083451536455	-0.1434333063949158 0.01471, 0.01253, 0.00819, 0.00926, 0.00824, 0.00788,
80	3	40	27.483202375177257	-0.730235323021619	1428.083451536455	-0.1434333063949158 0.01492, 0.01222, 0.00765, 0.00770, 0.00739, 0.00738,
80	4	40	27.483202375177257	-0.730235323021619	1428.083451536455	-0.1434333063949158 0.01502, 0.01221, 0.00743, 0.00730, 0.00758, 0.00753,
80	5	40	27.483202375177257	-0.730235323021619	1428.083451536455	-0.1434333063949158 0.01528, 0.01190, 0.00749, 0.00744, 0.00746, 0.00734,
80	6	40	27.483202375177257	-0.730235323021619	1428.083451536455	-0.1434333063949158 0.01523, 0.01237, 0.00816, 0.00798, 0.00803, 0.00804,
80	7	40	27.483202375177257	-0.730235323021619	1428.083451536455	-0.1434333063949158 0.01750, 0.01647, 0.00976, 0.00976, 0.00941, 0.00852,
80	8	40	27.483202375177257	-0.730235323021619	1428.083451536455	-0.1434333063949158 0.01461, 0.01246, 0.00811, 0.00820, 0.00836, 0.00775,
0	3	40	27.483202375177257	-0.730235323021619	1428.083451536455	-0.1434333063949158 0.01473, 0.01205, 0.00759, 0.00772, 0.00759, 0.00756,
0	4	40	27.483202375177257	-0.730235323021619	1428.083451536455	-0.1434333063949158 0.01556, 0.01235, 0.00778, 0.00739, 0.00735, 0.00735,
0	5	40	27.483202375177257	-0.730235323021619	1428.083451536455	-0.1434333063949158 0.01505, 0.01220, 0.00786, 0.00804, 0.00804, 0.00769,
0	6	40	27.483202375177257	-0.730235323021619	1428.083451536455	-0.1434333063949158 0.01484, 0.01242, 0.00782, 0.00784, 0.00783, 0.00800,
0	7	40	27.483202375177257	-0.730235323021619	1428.083451536455	-0.1434333063949158 0.01470, 0.01186, 0.00722, 0.00742, 0.00749, 0.00745,
0	8	40	27.483202375177257	-0.730235323021619	1428.083451536455	-0.1434333063949158 0.01465, 0.01215, 0.00736, 0.00758, 0.00758, 0.00748,
20	3	40	27.483202375177257	-0.730235323021619	1428.083451536455	-0.1434333063949158 0.01483, 0.01209, 0.00768, 0.00802, 0.00799, 0.00786,
20	4	40	27.483202375177257	-0.730235323021619	1428.083451536455	-0.1434333063949158 0.01533, 0.01266, 0.00798, 0.00819, 0.00801, 0.00788,
20	5	40	27.483202375177257	-0.730235323021619	1428.083451536455	-0.1434333063949158 0.01493, 0.01205, 0.00857, 0.00911, 0.00888, 0.00830,
20	6	40	27.483202375177257	-0.730235323021619	1428.083451536455	-0.1434333063949158 0.01482, 0.01252, 0.00854, 0.00836, 0.00850, 0.00808,
20	7	40	27.483202375177257	-0.730235323021619	1428.083451536455	-0.1434333063949158 0.01534, 0.01247, 0.00774, 0.00772, 0.00770, 0.00726,
20	8	40	27.483202375177257	-0.730235323021619	1428.083451536455	-0.1434333063949158 0.01456, 0.01185, 0.00716, 0.00736, 0.00745, 0.00753,
40	3	40	27.483202375177257	-0.730235323021619	1428.083451536455	-0.1434333063949158 0.01469, 0.01214, 0.00745, 0.00762, 0.00787, 0.00790,
40	4	40	27.483202375177257	-0.730235323021619	1428.083451536455	-0.1434333063949158 0.01483, 0.01305, 0.00810, 0.00828, 0.00922, 0.00866,
40	5	40	27.483202375177257	-0.730235323021619	1428.083451536455	-0.1434333063949158 0.01453, 0.01238, 0.00755, 0.00775, 0.00737, 0.00743,
40	6	40	27.483202375177257	-0.730235323021619	1428.083451536455	-0.1434333063949158 0.01454, 0.01302, 0.00837, 0.00841, 0.00810, 0.00780,
40	7	40	27.483202375177257	-0.730235323021619	1428.083451536455	-0.1434333063949158 0.01476, 0.01215, 0.00732, 0.00758, 0.00751, 0.00780,
40	8	40	27.483202375177257	-0.730235323021619	1428.083451536455	-0.1434333063949158 0.01395, 0.01213, 0.00752, 0.00773, 0.00776, 0.00763,
60	3	40	27.483202375177257	-0.730235323021619	1428.083451536455	-0.1434333063949158 0.01479, 0.01189, 0.00754, 0.00754, 0.00754, 0.00769,
60	4	40	27.483202375177257	-0.730235323021619	1428.083451536455	-0.1434333063949158 0.01506, 0.01233, 0.00770, 0.00789, 0.00808, 0.00907,
60	5	40	27.483202375177257	-0.730235323021619	1428.083451536455	-0.1434333063949158 0.01617, 0.01338, 0.00814, 0.00842, 0.00847, 0.00773,
60	6	40	27.483202375177257	-0.730235323021619	1428.083451536455	-0.1434333063949158 0.01450, 0.01183, 0.00716, 0.00738, 0.00764, 0.00747,
60	7	40	27.483202375177257	-0.730235323021619	1428.083451536455	-0.1434333063949158 0.01457, 0.01241, 0.00759, 0.00780, 0.00768, 0.00811,
60	8	40	27.483202375177257	-0.730235323021619	1428.083451536455	-0.1434333063949158 0.01467, 0.01256, 0.00782, 0.00782, 0.00772, 0.00785,
80	3	40	27.483202375177257	-0.730235323021619	1428.083451536455	-0.1434333063949158 0.01454, 0.01221, 0.00833, 0.00849, 0.00815, 0.00770,
80	4	40	27.483202375177257	-0.730235323021619	1428.083451536455	-0.1434333063949158 0.01443, 0.01296, 0.00827, 0.00831, 0.00842, 0.00862,
80	5	40	27.483202375177257	-0.730235323021619	1428.083451536455	-0.1434333063949158 0.01395, 0.01250, 0.00741, 0.00759, 0.00758, 0.00755,
80	6	40	27.483202375177257	-0.730235323021619	1428.083451536455	-0.1434333063949158 0.01521, 0.01229, 0.00786, 0.00801, 0.00817, 0.00853,
80	7	40	27.483202375177257	-0.730235323021619	1428.083451536455	-0.1434333063949158 0.01503, 0.01216, 0.00813, 0.00857, 0.00762, 0.00744,
80	8	40	27.483202375177257	-0.730235323021619	1428.083451536455	-0.1434333063949158 0.01532, 0.01243, 0.00817, 0.00817, 0.00839, 0.00855,
0	3	40	27.483202375177257	-0.730235323021619	1428.083451536455	-0.1434333063949158 0.01475, 0.01211, 0.00771, 0.00769, 0.00773, 0.00793,
0	4	40	27.483202375177257	-0.730235323021619	1428.083451536455	-0.1434333063949158 0.01484, 0.01217, 0.00716, 0.00742, 0.00755, 0.00743,
0	5	40	27.483202375177257	-0.730235323021619	1428.083451536455	-0.1434333063949158 0.01500, 0.01201, 0.00858, 0.00822, 0.00780, 0.00793,
0	6	40	27.483202375177257	-0.730235323021619	1428.083451536455	-0.1434333063949158 0.01535, 0.01293, 0.00779, 0.00766, 0.00829, 0.00832,
0	7	40	27.483202375177257	-0.730235323021619	1428.083451536455	-0.1434333063949158 0.01492, 0.01214, 0.00749, 0.00763, 0.00779, 0.00762,
0	8	40	27.483202375177257	-0.730235323021619	1428.083451536455	-0.1434333063949158 0.01488, 0.01219, 0.00826, 0.00896, 0.00897, 0.00809,
20	3	40	27.483202375177257	-0.730235323021619	1428.083451536455	-0.1434333063949158 0.01478, 0.01200, 0.00754, 0.00774, 0.00771, 0.00776,
20	4	40	27.483202375177257	-0.730235323021619	1428.083451536455	-0.1434333063949158 0.01472, 0.01229, 0.00751, 0.00753, 0.00761, 0.00791,
20	5	40	27.483202375177257	-0.730235323021619	1428.083451536455	-0.1434333063949158 0.01447, 0.01230, 0.00769, 0.00764, 0.00775, 0.00769,
20	6	40	27.483202375177257	-0.730235323021619	1428.083451536455	-0.1434333063949158 0.01422, 0.01160, 0.00703, 0.00738, 0.00730, 0.00723,
20	7	40	27.483202375177257	-0.730235323021619	1428.083451536455	-0.1434333063949158 0.01482, 0.01235, 0.00748, 0.00769, 0.00788, 0.00758,
20	8	40	27.483202375177257	-0.730235323021619	1428.083451536455	-0.1434333063949158 0.01422, 0.01203, 0.00737, 0.00750, 0.00727, 0.00719,
40	3	40	27.483202375177257	-0.730235323021619	1428.083451536455	-0.1434333063949158 0.01492, 0.01210, 0.00762, 0.00877, 0.00847, 0.00825,
40	4	40	27.483202375177257	-0.730235323021619	1428.083451536455	-0.1434333063949158 0.01467, 0.01298, 0.00815, 0.00787, 0.00793, 0.00816,
40	5	40	27.483202375177257	-0.730235323021619	1428.083451536455	-0.1434333063949158 0.01476, 0.01264, 0.00818, 0.00779, 0.00790, 0.00750,
40	6	40	27.483202375177257	-0.730235323021619	1428.083451536455	-0.1434333063949158 0.01440, 0.01195, 0.00720, 0.00739, 0.00728, 0.00728,
40	7	40	27.483202375177257	-0.730235323021619	1428.083451536455	-0.1434333063949158 0.01533, 0.01220, 0.00789, 0.00805, 0.00798, 0.00765,
40	8	40	27.483202375177257	-0.730235323021619	1428.083451536455	-0.1434333063949158 0.01582, 0.01367, 0.00815, 0.00796, 0.00819, 0.00828,
60	3	40	27.483202375177257	-0.730235323021619	1428.083451536455	-0.1434333063949158 0.01486, 0.01242, 0.00757, 0.00771, 0.00769, 0.00763,
60	4	40	27.483202375177257	-0.730235323021619	1428.083451536455	-0.1434333063949158 0.01525, 0.01224, 0.00738, 0.00738, 0.00740, 0.00737,
60	5	40	27.483202375177257	-0.730235323021619	1428.083451536455	-0.1434333063949158 0.01545, 0.01300, 0.00784, 0.00775, 0.00804, 0.00758,
60	6	40	27.483202375177257	-0.730235323021619	1428.083451536455	-0.1434333063949158 0.01467, 0.01299, 0.00816, 0.00800, 0.00803, 0.00806,
60	7	40	27.483202375177257	-0.730235323021619	1428.083451536455	-0.1434333063949158 0.01519, 0.01266, 0.00755, 0.00770, 0.00747, 0.00747,
60	8	40	27.483202375177257	-0.730235323021619	1428.083451536455	-0.1434333063949158 0.01543, 0.01229, 0.00749, 0.00754, 0.00728, 0.00740,
80	3	40	27.483202375177257	-0.730235323021619	1428.083451536455	-0.1434333063949158 0.01475, 0.01209, 0.00752, 0.00779, 0.00773, 0.00747,
80	4	40	27.483202375177257	-0.730235323021619	1428.083451536455	-0.1434333063949158 0.01497, 0.01249, 0.00752, 0.00770, 0.00767, 0.00762,
80	5	40	27.483202375177257	-0.730235323021619	1428.083451536455	-0.1434333063949158 0.01437, 0.01271, 0.00790, 0.00805, 0.00847, 0.00841,
80	6	40	27.483202375177257	-0.730235323021619	1428.083451536455	-0.1434333063949158 0.01515, 0.01216, 0.00832, 0.00830, 0.00812, 0.00784,
80	7	40	27.483202375177257	-0.730235323021619	1428.083451536455	-0.1434333063949158 0.01431, 0.01252, 0.00747, 0.00768, 0.00759, 0.00736,
80	8	40	27.483202375177257	-0.730235323021619	1428.083451536455	-0.1434333063949158 0.01462, 0.01215, 0.00785, 0.00808, 0.00782, 0.00748,
0	3	40	27.483202375177257	-0.730235323021619	1428.083451536455	-0.1434333063949158 0.01486, 0.01186, 0.00731, 0.00836, 0.00879, 0.00862,
0	4	40	27.483202375177257	-0.730235323021619	1428.083451536455	-0.1434333063949158 0.01524, 0.01242, 0.00798, 0.00764, 0.00751, 0.00751,
0	5	40	27.483202375177257	-0.730235323021619	1428.083451536455	-0.1434333063949158 0.01555, 0.01248, 0.00802, 0.00833, 0.00848, 0.00785,
0	6	40	27.483202375177257	-0.730235323021619	1428.083451536455	-0.1434333063949158 0.01491, 0.01234, 0.00810, 0.00811, 0.00806, 0.00753,
0	7	40	27.483202375177257	-0.730235323021619	1428.083451536455	-0.1434333063949158 0.01445, 0.01203, 0.00796, 0.00840, 0.00853, 0.00818,
0	8	40	27.483202375177257	-0.730235323021619	1428.083451536455	-0.1434333063949158 0.01485, 0.01332, 0.00850, 0.00917, 0.00869, 0.00802,
20	3	40	27.483202375177257	-0.730235323021619	1428.083451536455	-0.1434333063949158 0.01412, 0.01239, 0.00759, 0.00776, 0.00777, 0.00780,
20	4	40	27.483202375177257	-0.730235323021619	1428.083451536455	-0.1434333063949158 0.01498, 0.01199, 0.00772, 0.00720, 0.00716, 0.00728,
20	5	40	27.483202375177257	-0.730235323021619	1428.083451536455	-0.1434333063949158 0.01531, 0.01231, 0.00828, 0.00828, 0.00978, 0.00822,
20	6	40	27.483202375177257	-0.730235323021619	1428.083451536455	-0.1434333063949158 0.01465, 0.01199, 0.00753, 0.00779, 0.00800, 0.00779,
20	7	40	27.483202375177257	-0.730235323021619	1428.083451536455	-0.1434333063949158 0.01481, 0.01235, 0.00794, 0.00837, 0.00839, 0.00828,
20	8	40	27.483202375177257	-0.730235323021619	1428.083451536455	-0.1434333063949158 0.01515, 0.01226, 0.00812, 0.00837, 0.00931, 0.00836,
40	3	40	27.483202375177257	-0.730235323021619	1428.083451536455	-0.1434333063949158 0.01445, 0.01239, 0.00805, 0.00820, 0.00823, 0.00795,
40	4	40	27.483202375177257	-0.730235323021619	1428.083451536455	-0.1434333063949158 0.01510, 0.01315, 0.00799, 0.00798, 0.00739, 0.00750,
40	5	40	27.483202375177257	-0.730235323021619	1428.083451536455	-0.1434333063949158 0.01583, 0.01230, 0.00745, 0.00753, 0.00774, 0.00761,
40	6	40	27.483202375177257	-0.730235323021619	1428.083451536455	-0.1434333063949158 0.01582, 0.01327, 0.00791, 0.00921, 0.00869, 0.00865,
40	7	40	27.483202375177257	-0.730235323021619	1428.083451536455	-0.1434333063949158 0.01789, 0.01410, 0.00854, 0.00882, 0.00867, 0.00931,
40	8	40	27.483202375177257	-0.730235323021619	1428.083451536455	-0.1434333063949158 0.01591, 0.01206, 0.00767, 0.00774, 0.00816, 0.00830,
60	3	40	27.483202375177257	-0.730235323021619	1428.083451536455	-0.1434333063949158 0.01497, 0.01234, 0.00795, 0.00803, 0.01048, 0.00832,
60	4	40	27.483202375177257	-0.730235323021619	1428.083451536455	-0.1434333063949158 0.01497, 0.01196, 0.00873, 0.00871, 0.00832, 0.00804,
60	5	40	27.483202375177257	-0.730235323021619	1428.083451536455	-0.1434333063949158 0.01492, 0.01263, 0.00775, 0.00792, 0.00823, 0.00768,
60	6	40	27.483202375177257	-0.730235323021619	1428.083451536455	-0.1434333063949158 0.01498, 0.01253, 0.00877, 0.00843, 0.00817, 0.00798,
60	7	40	27.483202375177257	-0.730235323021619	1428.083451536455	-0.1434333063949158 0.01447, 0.01198, 0.00765, 0.00764, 0.00773, 0.00809,
60	8	40	27.483202375177257	-0.730235323021619	1428.083451536455	-0.1434333063949158 0.01455, 0.01231, 0.00807, 0.00838, 0.00853, 0.00786,
80	3	40	27.483202375177257	-0.730235323021619	1428.083451536455	-0.1434333063949158 0.01661, 0.01330, 0.00853, 0.00845, 0.00829, 0.00805,
80	4	40	27.483202375177257	-0.730235323021619	1428.083451536455	-0.1434333063949158 0.01460, 0.01241, 0.00749, 0.00762, 0.00771, 0.00735,
80	5	40	27.483202375177257	-0.730235323021619	1428.083451536455	-0.1434333063949158 0.01451, 0.01177, 0.00713, 0.00857, 0.00761, 0.00777,
80	6	40	27.483202375177257	-0.730235323021619	1428.083451536455	-0.1434333063949158 0.01373, 0.01206, 0.00779, 0.00780, 0.00782, 0.00791,
80	7	40	27.483202375177257	-0.730235323021619	1428.083451536455	-0.1434333063949158 0.01479, 0.01268, 0.00811, 0.00805, 0.00827, 0.00934,
80	8	40	27.483202375177257	-0.730235323021619	1428.083451536455	-0.1434333063949158 0.01455, 0.01242, 0.00785, 0.00808, 0.00803, 0.00801,
0	3	40	27.483202375177257	-0.730235323021619	1428.083451536455	-0.1434333063949158 0.01465, 0.01255, 0.00743, 0.00762, 0.00760, 0.00760,
0	4	40	27.483202375177257	-0.730235323021619	1428.083451536455	-0.1434333063949158 0.01478, 0.01228, 0.00752, 0.00754, 0.00731, 0.00736,
0	5	40	27.483202375177257	-0.730235323021619	1428.083451536455	-0.1434333063949158 0.01490, 0.01235, 0.00750, 0.00749, 0.00773, 0.00781,
0	6	40	27.483202375177257	-0.730235323021619	1428.083451536455	-0.1434333063949158 0.01454, 0.01252, 0.00745, 0.00760, 0.00724, 0.00834,
0	7	40	27.483202375177257	-0.730235323021619	1428.083451536455	-0.1434333063949158 0.01495, 0.01196, 0.00754, 0.00756, 0.00765, 0.00783,
0	8	40	27.483202375177257	-0.730235323021619	1428.083451536455	-0.1434333063949158 0.01390, 0.01132, 0.00731, 0.00727, 0.00726, 0.00736,
20	3	40	27.483202375177257	-0.730235323021619	1428.083451536455	-0.1434333063949158 0.01505, 0.01214, 0.00771, 0.00777, 0.00790, 0.00840,
20	4	40	27.483202375177257	-0.730235323021619	1428.083451536455	-0.1434333063949158 0.01474, 0.01224, 0.00816, 0.00819, 0.00813, 0.00778,
20	5	40	27.483202375177257	-0.730235323021619	1428.083451536455	-0.1434333063949158 0.01503, 0.01259, 0.00813, 0.00821, 0.00820, 0.00896,
20	6	40	27.483202375177257	-0.730235323021619	1428.083451536455	-0.1434333063949158 0.01460, 0.01269, 0.00760, 0.00762, 0.00755, 0.00765,
20	7	40	27.483202375177257	-0.730235323021619	1428.083451536455	-0.1434333063949158 0.01642, 0.01548, 0.01015, 0.00968, 0.00872, 0.00851,
20	8	40	27.483202375177257	-0.730235323021619	1428.083451536455	-0.1434333063949158 0.01448, 0.01316, 0.00796, 0.00801, 0.00785, 0.00790,
40	3	40	27.483202375177257	-0.730235323021619	1428.083451536455	-0.1434333063949158 0.01560, 0.01248, 0.00754, 0.00777, 0.00734, 0.00739,
40	4	40	27.483202375177257	-0.730235323021619	1428.083451536455	-0.1434333063949158 0.01511, 0.01246, 0.00775, 0.00813, 0.00765, 0.00751,
40	5	40	27.483202375177257	-0.730235323021619	1428.083451536455	-0.1434333063949158 0.01512, 0.01275, 0.00845, 0.00895, 0.00780, 0.00778,
40	6	40	27.483202375177257	-0.730235323021619	1428.083451536455	-0.1434333063949158 0.01517, 0.01217, 0.00766, 0.00797, 0.00781, 0.00786,
40	7	40	27.483202375177257	-0.730235323021619	1428.083451536455	-0.1434333063949158 0.01518, 0.01203, 0.00739, 0.00749, 0.00737, 0.00727,
40	8	40	27.483202375177257	-0.730235323021619	1428.083451536455	-0.1434333063949158 0.01480, 0.01252, 0.00774, 0.00770, 0.00791, 0.00830,
60	3	40	27.483202375177257	-0.730235323021619	1428.083451536455	-0.1434333063949158 0.01495, 0.01259, 0.00891, 0.00879, 0.00918, 0.00871,
60	4	40	27.483202375177257	-0.730235323021619	1428.083451536455	-0.1434333063949158 0.01478, 0.01222, 0.00776, 0.00754, 0.00756, 0.00761,
60	5	40	27.483202375177257	-0.730235323021619	1428.083451536455	-0.1434333063949158 0.01493, 0.01257, 0.00836, 0.00832, 0.00814, 0.00765,
60	6	40	27.483202375177257	-0.730235323021619	1428.083451536455	-0.1434333063949158 0.01488, 0.01238, 0.00780, 0.00786, 0.00802, 0.00757,
60	7	40	27.483202375177257	-0.730235323021619	1428.083451536455	-0.1434333063949158 0.01438, 0.01248, 0.00759, 0.00786, 0.00780, 0.00735,
60	8	40	27.483202375177257	-0.730235323021619	1428.083451536455	-0.1434333063949158 0.01510, 0.01264, 0.00757, 0.00768, 0.00774, 0.00850,
80	3	40	27.483202375177257	-0.730235323021619	1428.083451536455	-0.1434333063949158 0.01489, 0.01303, 0.00791, 0.00856, 0.00884, 0.00835,
80	4	40	27.483202375177257	-0.730235323021619	1428.083451536455	-0.1434333063949158 0.01605, 0.01264, 0.00758, 0.00785, 0.00795, 0.00816,
80	5	40	27.483202375177257	-0.730235323021619	1428.083451536455	-0.1434333063949158 0.01543, 0.01391, 0.00832, 0.00831, 0.00919, 0.00868,
80	6	40	27.483202375177257	-0.730235323021619	1428.083451536455	-0.1434333063949158 0.01449, 0.01177, 0.00741, 0.00729, 0.00820, 0.00849,
80	7	40	27.483202375177257	-0.730235323021619	1428.083451536455	-0.1434333063949158 0.01456, 0.01256, 0.00759, 0.00839, 0.00782, 0.00781,
80	8	40	27.483202375177257	-0.730235323021619	1428.083451536455	-0.1434333063949158 0.01515, 0.01191, 0.00735, 0.00754, 0.00734, 0.00758,
0	3	40	27.483202375177257	-0.730235323021619	1428.083451536455	-0.1434333063949158 0.01510, 0.01244, 0.00761, 0.00789, 0.00776, 0.00740,
0	4	40	27.483202375177257	-0.730235323021619	1428.083451536455	-0.1434333063949158 0.01467, 0.01284, 0.00735, 0.00744, 0.00872, 0.00815,
0	5	40	27.483202375177257	-0.730235323021619	1428.083451536455	-0.1434333063949158 0.01467, 0.01251, 0.00756, 0.00765, 0.00751, 0.00757,
0	6	40	27.483202375177257	-0.730235323021619	1428.083451536455	-0.1434333063949158 0.01493, 0.01252, 0.00748, 0.00767, 0.00796, 0.00804,
0	7	40	27.483202375177257	-0.730235323021619	1428.083451536455	-0.1434333063949158 0.01470, 0.01291, 0.00769, 0.00798, 0.00792, 0.00796,
0	8	40	27.483202375177257	-0.730235323021619	1428.083451536455	-0.1434333063949158 0.01453, 0.01206, 0.00795, 0.00808, 0.00758, 0.00792,
20	3	40	27.483202375177257	-0.730235323021619	1428.083451536455	-0.1434333063949158 0.01628, 0.01404, 0.00933, 0.00862, 0.00829, 0.00813,
20	4	40	27.483202375177257	-0.730235323021619	1428.083451536455	-0.1434333063949158 0.01457, 0.01240, 0.00806, 0.00823, 0.00825, 0.00789,
20	5	40	27.483202375177257	-0.730235323021619	1428.083451536455	-0.1434333063949158 0.01432, 0.01235, 0.00751, 0.00800, 0.00770, 0.00769,
20	6	40	27.483202375177257	-0.730235323021619	1428.083451536455	-0.1434333063949158 0.01516, 0.01224, 0.00744, 0.00713, 0.00757, 0.00775,
20	7	40	27.483202375177257	-0.730235323021619	1428.083451536455	-0.1434333063949158 0.01546, 0.01249, 0.00763, 0.00765, 0.00735, 0.00748,
20	8	40	27.483202375177257	-0.730235323021619	1428.083451536455	-0.1434333063949158 0.01537, 0.01241, 0.00829, 0.00811, 0.00809, 0.00774,
40	3	40	27.483202375177257	-0.730235323021619	1428.083451536455	-0.1434333063949158 0.01649, 0.01322, 0.00798, 0.00769, 0.00755, 0.00755,
40	4	40	27.483202375177257	-0.730235323021619	1428.083451536455	-0.1434333063949158 0.01508, 0.01221, 0.00904, 0.00919, 0.00945, 0.00853,
40	5	40	27.483202375177257	-0.730235323021619	1428.083451536455	-0.1434333063949158 0.01440, 0.01248, 0.00738, 0.00771, 0.00779, 0.00747,
40	6	40	27.483202375177257	-0.730235323021619	1428.083451536455	-0.1434333063949158 0.01473, 0.01260, 0.00773, 0.00817, 0.00758, 0.00743,
40	7	40	27.483202375177257	-0.730235323021619	1428.083451536455	-0.1434333063949158 0.01495, 0.01205, 0.00771, 0.00810, 0.00788, 0.00744,
40	8	40	27.483202375177257	-0.730235323021619	1428.083451536455	-0.1434333063949158 0.01450, 0.01259, 0.00793, 0.00785, 0.00770, 0.00775,
60	3	40	27.483202375177257	-0.730235323021619	1428.083451536455	-0.1434333063949158 0.01479, 0.01256, 0.00796, 0.00787, 0.00778, 0.00768,
60	4	40	27.483202375177257	-0.730235323021619	1428.083451536455	-0.1434333063949158 0.01473, 0.01226, 0.00818, 0.00776, 0.00811, 0.00833,
60	5	40	27.483202375177257	-0.730235323021619	1428.083451536455	-0.1434333063949158 0.01451, 0.01260, 0.00767, 0.00759, 0.00756, 0.00737,
60	6	40	27.483202375177257	-0.730235323021619	1428.083451536455	-0.1434333063949158 0.01519, 0.01250, 0.00870, 0.00781, 0.00783, 0.00790,
60	7	40	27.483202375177257	-0.730235323021619	1428.083451536455	-0.1434333063949158 0.01468, 0.01185, 0.00760, 0.00768, 0.00734, 0.00743,
60	8	40	27.483202375177257	-0.730235323021619	1428.083451536455	-0.1434333063949158 0.01548, 0.01252, 0.00787, 0.00821, 0.00811, 0.00775,
80	3	40	27.483202375177257	-0.730235323021619	1428.083451536455	-0.1434333063949158 0.01491, 0.01224, 0.00803, 0.00806, 0.00815, 0.00803,
80	4	40	27.483202375177257	-0.730235323021619	1428.083451536455	-0.1434333063949158 0.01455, 0.01273, 0.00767, 0.00782, 0.00794, 0.00738,
80	5	40	27.483202375177257	-0.730235323021619	1428.083451536455	-0.1434333063949158 0.01564, 0.01240, 0.00859, 0.00844, 0.00847, 0.00810,
80	6	40	27.483202375177257	-0.730235323021619	1428.083451536455	-0.1434333063949158 0.01487, 0.01214, 0.00781, 0.00818, 0.00821, 0.00801,
80	7	40	27.483202375177257	-0.730235323021619	1428.083451536455	-0.1434333063949158 0.01491, 0.01348, 0.00846, 0.00843, 0.00831, 0.00804,
80	8	40	27.483202375177257	-0.730235323021619	1428.083451536455	-0.1434333063949158 0.01388, 0.01146, 0.00725, 0.00742, 0.00739, 0.00744,
0	3	40	27.483202375177257	-0.730235323021619	1428.083451536455	-0.1434333063949158 0.01513, 0.01260, 0.00812, 0.00819, 0.00825, 0.00780,
0	4	40	27.483202375177257	-0.730235323021619	1428.083451536455	-0.1434333063949158 0.01467, 0.01208, 0.00729, 0.00745, 0.00751, 0.00767,
0	5	40	27.483202375177257	-0.730235323021619	1428.083451536455	-0.1434333063949158 0.01484, 0.01271, 0.00748, 0.00777, 0.00787, 0.00800,
0	6	40	27.483202375177257	-0.730235323021619	1428.083451536455	-0.1434333063949158 0.01480, 0.01229, 0.00761, 0.00772, 0.00747, 0.00750,
0	7	40	27.483202375177257	-0.730235323021619	1428.083451536455	-0.1434333063949158 0.01526, 0.01236, 0.00810, 0.00843, 0.00852, 0.00807,
0	8	40	27.483202375177257	-0.730235323021619	1428.083451536455	-0.1434333063949158 0.01416, 0.01266, 0.00767, 0.00767, 0.00766, 0.00763,
20	3	40	27.483202375177257	-0.730235323021619	1428.083451536455	-0.1434333063949158 0.01468, 0.01197, 0.00811, 0.00808, 0.00825, 0.00865,
20	4	40	27.483202375177257	-0.730235323021619	1428.083451536455	-0.1434333063949158 0.01632, 0.01280, 0.00802, 0.00813, 0.00795, 0.00758,
20	5	40	27.483202375177257	-0.730235323021619	1428.083451536455	-0.1434333063949158 0.01473, 0.01246, 0.00757, 0.00760, 0.00772, 0.00761,
20	6	40	27.483202375177257	-0.730235323021619	1428.083451536455	-0.1434333063949158 0.01451, 0.01191, 0.00732, 0.00729, 0.00738, 0.00751,
20	7	40	27.483202375177257	-0.730235323021619	1428.083451536455	-0.1434333063949158 0.01482, 0.01332, 0.00773, 0.00884, 0.00867, 0.00794,
20	8	40	27.483202375177257	-0.730235323021619	1428.083451536455	-0.1434333063949158 0.01452, 0.01273, 0.00811, 0.00838, 0.00841, 0.00808,
40	3	40	27.483202375177257	-0.730235323021619	1428.083451536455	-0.1434333063949158 0.01397, 0.01217, 0.00754, 0.00781, 0.00773, 0.00757,
40	4	40	27.483202375177257	-0.730235323021619	1428.083451536455	-0.1434333063949158 0.01655, 0.01278, 0.00843, 0.00829, 0.00816, 0.00810,
40	5	40	27.483202375177257	-0.730235323021619	1428.083451536455	-0.1434333063949158 0.01492, 0.01220, 0.00757, 0.00765, 0.00764, 0.00772,
40	6	40	27.483202375177257	-0.730235323021619	1428.083451536455	-0.1434333063949158 0.01537, 0.01262, 0.00883, 0.00893, 0.00862, 0.00790,
40	7	40	27.483202375177257	-0.730235323021619	1428.083451536455	-0.1434333063949158 0.01456, 0.01262, 0.00725, 0.00737, 0.00743, 0.00749,
40	8	40	27.483202375177257	-0.730235323021619	1428.083451536455	-0.1434333063949158 0.01443, 0.01194, 0.00796, 0.00782, 0.00808, 0.00824,
60	3	40	27.483202375177257	-0.730235323021619	1428.083451536455	-0.1434333063949158 0.01512, 0.01286, 0.00811, 0.00816, 0.00867, 0.00808,
60	4	40	27.483202375177257	-0.730235323021619	1428.083451536455	-0.1434333063949158 0.01497, 0.01237, 0.00799, 0.00759, 0.00769, 0.00787,
60	5	40	27.483202375177257	-0.730235323021619	1428.083451536455	-0.1434333063949158 0.01463, 0.01274, 0.00771, 0.00772, 0.00770, 0.00756,
60	6	40	27.483202375177257	-0.730235323021619	1428.083451536455	-0.1434333063949158 0.01474, 0.01185, 0.00833, 0.00819, 0.00779, 0.00803,
60	7	40	27.483202375177257	-0.730235323021619	1428.083451536455	-0.1434333063949158 0.01501, 0.01277, 0.00819, 0.00811, 0.00751, 0.00768,
60	8	40	27.483202375177257	-0.730235323021619	1428.083451536455	-0.1434333063949158 0.01510, 0.01242, 0.00761, 0.00767, 0.00781, 0.00854,
80	3	40	27.483202375177257	-0.730235323021619	1428.083451536455	-0.1434333063949158 0.01386, 0.01238, 0.00825, 0.00762, 0.00787, 0.00824,
80	4	40	27.483202375177257	-0.730235323021619	1428.083451536455	-0.1434333063949158 0.01460, 0.01222, 0.00730, 0.00740, 0.00744, 0.00753,
80	5	40	27.483202375177257	-0.730235323021619	1428.083451536455	-0.1434333063949158 0.01330, 0.01172, 0.00795, 0.00768, 0.00742, 0.00767,
80	6	40	27.483202375177257	-0.730235323021619	1428.083451536455	-0.1434333063949158 0.01461, 0.01273, 0.00753, 0.00766, 0.00768, 0.00714,
80	7	40	27.483202375177257	-0.730235323021619	1428.083451536455	-0.1434333063949158 0.01459, 0.01196, 0.00732, 0.00738, 0.00738, 0.00726,
80	8	40	27.483202375177257	-0.730235323021619	1428.083451536455	-0.1434333063949158 0.01506, 0.01267, 0.00794, 0.00804, 0.00803, 0.00784,
0	3	40	27.483202375177257	-0.730235323021619	1428.083451536455	-0.1434333063949158 0.01323, 0.01151, 0.00737, 0.00747, 0.00735, 0.00731,
0	4	40	27.483202375177257	-0.730235323021619	1428.083451536455	-0.1434333063949158 0.01441, 0.01258, 0.00753, 0.00778, 0.00772, 0.00754,
0	5	40	27.483202375177257	-0.730235323021619	1428.083451536455	-0.1434333063949158 0.01724, 0.01432, 0.00892, 0.00852, 0.00812, 0.00807,
0	6	40	27.483202375177257	-0.730235323021619	1428.083451536455	-0.1434333063949158 0.01471, 0.01216, 0.00780, 0.00790, 0.00806, 0.00798,
0	7	40	27.483202375177257	-0.730235323021619	1428.083451536455	-0.1434333063949158 0.01460, 0.01231, 0.00793, 0.00804, 0.00828, 0.00831,
0	8	40	27.483202375177257	-0.730235323021619	1428.083451536455	-0.1434333063949158 0.01488, 0.01233, 0.00764, 0.00775, 0.00764, 0.00770,
20	3	40	27.483202375177257	-0.730235323021619	1428.083451536455	-0.1434333063949158 0.01526, 0.01272, 0.00804, 0.00818, 0.00834, 0.00800,
20	4	40	27.483202375177257	-0.730235323021619	1428.083451536455	-0.1434333063949158 0.01667, 0.01345, 0.00756, 0.00774, 0.00780, 0.00742,
20	5	40	27.483202375177257	-0.730235323021619	1428.083451536455	-0.1434333063949158 0.01463, 0.01251, 0.00759, 0.00783, 0.00786, 0.00781,
20	6	40	27.483202375177257	-0.730235323021619	1428.083451536455	-0.1434333063949158 0.01529, 0.01202, 0.00769, 0.00757, 0.00762, 0.00786,
20	7	40	27.483202375177257	-0.730235323021619	1428.083451536455	-0.1434333063949158 0.01457, 0.01236, 0.00736, 0.00749, 0.00791, 0.00818,
20	8	40	27.483202375177257	-0.730235323021619	1428.083451536455	-0.1434333063949158 0.01502, 0.01253, 0.00786, 0.00801, 0.00808, 0.00796,
40	3	40	27.483202375177257	-0.730235323021619	1428.083451536455	-0.1434333063949158 0.01508, 0.01251, 0.00758, 0.00748, 0.00753, 0.00753,
40	4	40	27.483202375177257	-0.730235323021619	1428.083451536455	-0.1434333063949158 0.01399, 0.01199, 0.00736, 0.00762, 0.00760, 0.00765,
40	5	40	27.483202375177257	-0.730235323021619	1428.083451536455	-0.1434333063949158 0.01488, 0.01194, 0.00780, 0.00841, 0.00869, 0.00862,
40	6	40	27.483202375177257	-0.730235323021619	1428.083451536455	-0.1434333063949158 0.01498, 0.01222, 0.00820, 0.00817, 0.00842, 0.00818,
40	7	40	27.483202375177257	-0.730235323021619	1428.083451536455	-0.1434333063949158 0.01501, 0.01259, 0.00743, 0.00774, 0.00791, 0.00759,
40	8	40	27.483202375177257	-0.730235323021619	1428.083451536455	-0.1434333063949158 0.01475, 0.01247, 0.00759, 0.00796, 0.00804, 0.00788,
60	3	40	27.483202375177257	-0.730235323021619	1428.083451536455	-0.1434333063949158 0.01480, 0.01206, 0.00806, 0.00812, 0.00830, 0.00836,
60	4	40	27.483202375177257	-0.730235323021619	1428.083451536455	-0.1434333063949158 0.01469, 0.01249, 0.00763, 0.00792, 0.00791, 0.00775,
60	5	40	27.483202375177257	-0.730235323021619	1428.083451536455	-0.1434333063949158 0.01697, 0.01346, 0.00852, 0.00873, 0.00851, 0.00815,
60	6	40	27.483202375177257	-0.730235323021619	1428.083451536455	-0.1434333063949158 0.01501, 0.01206, 0.00817, 0.00829, 0.00815, 0.00804,
60	7	40	27.483202375177257	-0.730235323021619	1428.083451536455	-0.1434333063949158 0.01518, 0.01335, 0.00803, 0.00830, 0.00770, 0.00805,
60	8	40	27.483202375177257	-0.730235323021619	1428.083451536455	-0.1434333063949158 0.01406, 0.01279, 0.00800, 0.00810, 0.00797, 0.00794,
80	3	40	27.483202375177257	-0.730235323021619	1428.083451536455	-0.1434333063949158 0.01453, 0.01270, 0.00821, 0.00844, 0.00814, 0.00802,
80	4	40	27.483202375177257	-0.730235323021619	1428.083451536455	-0.1434333063949158 0.01444, 0.01239, 0.00760, 0.00784, 0.00781, 0.00773,
80	5	40	27.483202375177257	-0.730235323021619	1428.083451536455	-0.1434333063949158 0.01497, 0.01253, 0.00819, 0.00837, 0.00829, 0.00743,
80	6	40	27.483202375177257	-0.730235323021619	1428.083451536455	-0.1434333063949158 0.01513, 0.01237, 0.00759, 0.00743, 0.00750, 0.00759,
80	7	40	27.483202375177257	-0.730235323021619	1428.083451536455	-0.1434333063949158 0.01459, 0.01201, 0.00711, 0.00732, 0.00739, 0.00745,
80	8	40	27.483202375177257	-0.730235323021619	1428.083451536455	-0.1434333063949158 0.01416, 0.01179, 0.00739, 0.00814, 0.00811, 0.00832,
0	3	40	27.483202375177257	-0.730235323021619	1428.083451536455	-0.1434333063949158 0.01491, 0.01273, 0.00901, 0.00864, 0.00829, 0.00788,
0	4	40	27.483202375177257	-0.730235323021619	1428.083451536455	-0.1434333063949158 0.01510, 0.01236, 0.00739, 0.00767, 0.00778, 0.00782,
0	5	40	27.483202375177257	-0.730235323021619	1428.083451536455	-0.1434333063949158 0.01467, 0.01203, 0.00716, 0.00744, 0.00741, 0.00758,
0	6	40	27.483202375177257	-0.730235323021619	1428.083451536455	-0.1434333063949158 0.01460, 0.01216, 0.00800, 0.00769, 0.00724, 0.00770,
0	7	40	27.483202375177257	-0.730235323021619	1428.083451536455	-0.1434333063949158 0.01520, 0.01247, 0.00799, 0.00812, 0.00814, 0.00811,
0	8	40	27.483202375177257	-0.730235323021619	1428.083451536455	-0.1434333063949158 0.01423, 0.01186, 0.00735, 0.00753, 0.00806, 0.00790,
20	3	40	27.483202375177257	-0.730235323021619	1428.083451536455	-0.1434333063949158 0.01461, 0.01318, 0.00833, 0.00836, 0.00823, 0.00787,
20	4	40	27.483202375177257	-0.730235323021619	1428.083451536455	-0.1434333063949158 0.01443, 0.01237, 0.00822, 0.00824, 0.00773, 0.00760,
20	5	40	27.483202375177257	-0.730235323021619	1428.083451536455	-0.1434333063949158 0.01450, 0.01216, 0.00736, 0.00756, 0.00772, 0.00734,
20	6	40	27.483202375177257	-0.730235323021619	1428.083451536455	-0.1434333063949158 0.01469, 0.01241, 0.00769, 0.00761, 0.00777, 0.00806,
20	7	40	27.483202375177257	-0.730235323021619	1428.083451536455	-0.1434333063949158 0.01436, 0.01155, 0.00729, 0.00758, 0.00766, 0.00782,
20	8	40	27.483202375177257	-0.730235323021619	1428.083451536455	-0.1434333063949158 0.01504, 0.01219, 0.00755, 0.00830, 0.00805, 0.00770,
40	3	40	27.483202375177257	-0.730235323021619	1428.083451536455	-0.1434333063949158 0.01485, 0.01204, 0.00791, 0.00809, 0.00778, 0.00793,
40	4	40	27.483202375177257	-0.730235323021619	1428.083451536455	-0.1434333063949158 0.01516, 0.01227, 0.00768, 0.00786, 0.00768, 0.00790,
40	5	40	27.483202375177257	-0.730235323021619	1428.083451536455	-0.1434333063949158 0.01531, 0.01296, 0.00775, 0.00782, 0.00754, 0.00749,
40	6	40	27.483202375177257	-0.730235323021619	1428.083451536455	-0.1434333063949158 0.01500, 0.01263, 0.00759, 0.00784, 0.00800, 0.00805,
40	7	40	27.483202375177257	-0.730235323021619	1428.083451536455	-0.1434333063949158 0.01421, 0.01354, 0.00780, 0.00791, 0.00767, 0.00750,
40	8	40	27.483202375177257	-0.730235323021619	1428.083451536455	-0.1434333063949158 0.01551, 0.01229, 0.00800, 0.00791, 0.00759, 0.00782,
60	3	40	27.483202375177257	-0.730235323021619	1428.083451536455	-0.1434333063949158 0.01502, 0.01250, 0.00766, 0.00785, 0.00790, 0.00744,
60	4	40	27.483202375177257	-0.730235323021619	1428.083451536455	-0.1434333063949158 0.01471, 0.01248, 0.00795, 0.00760, 0.00774, 0.00762,
60	5	40	27.483202375177257	-0.730235323021619	1428.083451536455	-0.1434333063949158 0.01516, 0.01206, 0.00804, 0.00822, 0.00827, 0.00808,
60	6	40	27.483202375177257	-0.730235323021619	1428.083451536455	-0.1434333063949158 0.01458, 0.01243, 0.00824, 0.00781, 0.00818, 0.00846,
60	7	40	27.483202375177257	-0.730235323021619	1428.083451536455	-0.1434333063949158 0.01510, 0.01237, 0.00802, 0.00818, 0.00769, 0.00854,
60	8	40	27.483202375177257	-0.730235323021619	1428.083451536455	-0.1434333063949158 0.01371, 0.01224, 0.00743, 0.00768, 0.00766, 0.00752,
80	3	40	27.483202375177257	-0.730235323021619	1428.083451536455	-0.1434333063949158 0.01500, 0.01259, 0.00771, 0.00850, 0.00822, 0.00952,
80	4	40	27.483202375177257	-0.730235323021619	1428.083451536455	-0.1434333063949158 0.01493, 0.01209, 0.00764, 0.00759, 0.00742, 0.00755,
80	5	40	27.483202375177257	-0.730235323021619	1428.083451536455	-0.1434333063949158 0.01473, 0.01383, 0.00798, 0.00802, 0.00771, 0.00776,
80	6	40	27.483202375177257	-0.730235323021619	1428.083451536455	-0.1434333063949158 0.01482, 0.01374, 0.00814, 0.00813, 0.00801, 0.00814,
80	7	40	27.483202375177257	-0.730235323021619	1428.083451536455	-0.1434333063949158 0.01472, 0.01233, 0.00796, 0.00804, 0.00822, 0.00790,
80	8	40	27.483202375177257	-0.730235323021619	1428.083451536455	-0.1434333063949158 0.01412, 0.01218, 0.00731, 0.00754, 0.00746, 0.00771,
0	3	40	27.483202375177257	-0.730235323021619	1428.083451536455	-0.1434333063949158 0.01418, 0.01184, 0.00789, 0.00760, 0.00752, 0.00783,
0	4	40	27.483202375177257	-0.730235323021619	1428.083451536455	-0.1434333063949158 0.01534, 0.01245, 0.00814, 0.00827, 0.00839, 0.00810,
0	5	40	27.483202375177257	-0.730235323021619	1428.083451536455	-0.1434333063949158 0.01499, 0.01259, 0.00791, 0.00808, 0.00804, 0.00762,
0	6	40	27.483202375177257	-0.730235323021619	1428.083451536455	-0.1434333063949158 0.01491, 0.01306, 0.00831, 0.00841, 0.00834, 0.00797,
0	7	40	27.483202375177257	-0.730235323021619	1428.083451536455	-0.1434333063949158 0.01496, 0.01278, 0.00773, 0.00790, 0.00873, 0.00857,
0	8	40	27.483202375177257	-0.730235323021619	1428.083451536455	-0.1434333063949158 0.01515, 0.01258, 0.00811, 0.00810, 0.00825, 0.00803,
20	3	40	27.483202375177257	-0.730235323021619	1428.083451536455	-0.1434333063949158 0.01483, 0.01230, 0.00750, 0.00762, 0.00767, 0.00773,
20	4	40	27.483202375177257	-0.730235323021619	1428.083451536455	-0.1434333063949158 0.01458, 0.01245, 0.00758, 0.00777, 0.00769, 0.00749,
20	5	40	27.483202375177257	-0.730235323021619	1428.083451536455	-0.1434333063949158 0.01556, 0.01267, 0.00734, 0.00745, 0.00739, 0.00728,
20	6	40	27.483202375177257	-0.730235323021619	1428.083451536455	-0.1434333063949158 0.01516, 0.01239, 0.00790, 0.00808, 0.00822, 0.00795,
20	7	40	27.483202375177257	-0.730235323021619	1428.083451536455	-0.1434333063949158 0.01507, 0.01242, 0.00762, 0.00772, 0.00773, 0.00765,
20	8	40	27.483202375177257	-0.730235323021619	1428.083451536455	-0.1434333063949158 0.01518, 0.01242, 0.00814, 0.00816, 0.00865, 0.00802,
40	3	40	27.483202375177257	-0.730235323021619	1428.083451536455	-0.1434333063949158 0.01528, 0.01209, 0.00754, 0.00776, 0.00762, 0.00792,
40	4	40	27.483202375177257	-0.730235323021619	1428.083451536455	-0.1434333063949158 0.01522, 0.01242, 0.00814, 0.00810, 0.00837, 0.00841,
40	5	40	27.483202375177257	-0.730235323021619	1428.083451536455	-0.1434333063949158 0.01463, 0.01191, 0.00793, 0.00806, 0.00832, 0.00780,
40	6	40	27.483202375177257	-0.730235323021619	1428.083451536455	-0.1434333063949158 0.01514, 0.01238, 0.00736, 0.00753, 0.00756, 0.00753,
40	7	40	27.483202375177257	-0.730235323021619	1428.083451536455	-0.1434333063949158 0.01496, 0.01300, 0.00911, 0.00898, 0.00850, 0.00793,
40	8	40	27.483202375177257	-0.730235323021619	1428.083451536455	-0.1434333063949158 0.01473, 0.01246, 0.00727, 0.00735, 0.00736, 0.00743,
60	3	40	27.483202375177257	-0.730235323021619	1428.083451536455	-0.1434333063949158 0.01429, 0.01194, 0.00723, 0.00723, 0.00727, 0.00718,
60	4	40	27.483202375177257	-0.730235323021619	1428.083451536455	-0.1434333063949158 0.01456, 0.01234, 0.00739, 0.00761, 0.00749, 0.00715,
60	5	40	27.483202375177257	-0.730235323021619	1428.083451536455	-0.1434333063949158 0.01441, 0.01238, 0.00830, 0.00833, 0.00784, 0.00794,
60	6	40	27.483202375177257	-0.730235323021619	1428.083451536455	-0.1434333063949158 0.01505, 0.01239, 0.00823, 0.00894, 0.00895, 0.00785,
60	7	40	27.483202375177257	-0.730235323021619	1428.083451536455	-0.1434333063949158 0.01449, 0.01217, 0.00795, 0.00800, 0.00748, 0.00776,
60	8	40	27.483202375177257	-0.730235323021619	1428.083451536455	-0.1434333063949158 0.01401, 0.01138, 0.00719, 0.00761, 0.00733, 0.00733,
80	3	40	27.483202375177257	-0.730235323021619	1428.083451536455	-0.1434333063949158 0.01480, 0.01320, 0.00774, 0.00761, 0.00751, 0.00751,
80	4	40	27.483202375177257	-0.730235323021619	1428.083451536455	-0.1434333063949158 0.01434, 0.01191, 0.00707, 0.00745, 0.00745, 0.00746,
80	5	40	27.483202375177257	-0.730235323021619	1428.083451536455	-0.1434333063949158 0.01501, 0.01319, 0.00765, 0.00826, 0.00813, 0.00821,
80	6	40	27.483202375177257	-0.730235323021619	1428.083451536455	-0.1434333063949158 0.01531, 0.01223, 0.00823, 0.00825, 0.00797, 0.00780,
80	7	40	27.483202375177257	-0.730235323021619	1428.083451536455	-0.1434333063949158 0.01466, 0.01200, 0.00754, 0.00760, 0.00724, 0.00741,
80	8	40	27.483202375177257	-0.730235323021619	1428.083451536455	-0.1434333063949158 0.01556, 0.01269, 0.00795, 0.00789, 0.00757, 0.00794,

0	3	60	27.483202375177257	-0.730235323021619	1428.083451536455	-0.1434333063949158 0.01505, 0.01222, 0.00802, 0.00822, 0.00823, 0.00824,
0	4	60	27.483202375177257	-0.730235323021619	1428.083451536455	-0.1434333063949158 0.01453, 0.01220, 0.00754, 0.00761, 0.00853, 0.00829,
0	5	60	27.483202375177257	-0.730235323021619	1428.083451536455	-0.1434333063949158 0.01440, 0.01230, 0.00767, 0.00738, 0.00728, 0.00748,
0	6	60	27.483202375177257	-0.730235323021619	1428.083451536455	-0.1434333063949158 0.01491, 0.01164, 0.00720, 0.00715, 0.00707, 0.00728,
0	7	60	27.483202375177257	-0.730235323021619	1428.083451536455	-0.1434333063949158 0.01454, 0.01285, 0.00740, 0.00764, 0.00767, 0.00752,
0	8	60	27.483202375177257	-0.730235323021619	1428.083451536455	-0.1434333063949158 0.01414, 0.01194, 0.00794, 0.00762, 0.00771, 0.00790,
20	3	60	27.483202375177257	-0.730235323021619	1428.083451536455	-0.1434333063949158 0.01477, 0.01224, 0.00736, 0.00718, 0.00712, 0.00716,
20	4	60	27.483202375177257	-0.730235323021619	1428.083451536455	-0.1434333063949158 0.01354, 0.01103, 0.00702, 0.00701, 0.00717, 0.00711,
20	5	60	27.483202375177257	-0.730235323021619	1428.083451536455	-0.1434333063949158 0.01296, 0.01103, 0.00663, 0.00681, 0.00680, 0.00702,
20	6	60	27.483202375177257	-0.730235323021619	1428.083451536455	-0.1434333063949158 0.01383, 0.01157, 0.00750, 0.00758, 0.00760, 0.00711,
20	7	60	27.483202375177257	-0.730235323021619	1428.083451536455	-0.1434333063949158 0.01396, 0.01160, 0.00775, 0.00745, 0.00734, 0.00731,
20	8	60	27.483202375177257	-0.730235323021619	1428.083451536455	-0.1434333063949158 0.01308, 0.01194, 0.00685, 0.00693, 0.00708, 0.00719,
40	3	60	27.483202375177257	-0.730235323021619	1428.083451536455	-0.1434333063949158 0.01337, 0.01112, 0.00679, 0.00720, 0.00739, 0.00739,
40	4	60	27.483202375177257	-0.730235323021619	1428.083451536455	-0.1434333063949158 0.01266, 0.01120, 0.00744, 0.00730, 0.00712, 0.00663,
40	5	60	27.483202375177257	-0.730235323021619	1428.083451536455	-0.1434333063949158 0.01273, 0.01122, 0.00675, 0.00719, 0.00708, 0.00712,
40	6	60	27.483202375177257	-0.730235323021619	1428.083451536455	-0.1434333063949158 0.01315, 0.01050, 0.00638, 0.00653, 0.00663, 0.00658,
40	7	60	27.483202375177257	-0.730235323021619	1428.083451536455	-0.1434333063949158 0.01308, 0.01064, 0.00681, 0.00701, 0.00725, 0.00692,
40	8	60	27.483202375177257	-0.730235323021619	1428.083451536455	-0.1434333063949158 0.01333, 0.01082, 0.00687, 0.00709, 0.00690, 0.00705,
60	3	60	27.483202375177257	-0.730235323021619	1428.083451536455	-0.1434333063949158 0.01359, 0.01120, 0.00734, 0.00759, 0.00739, 0.00708,
60	4	60	27.483202375177257	-0.730235323021619	1428.083451536455	-0.1434333063949158 0.01293, 0.01096, 0.00674, 0.00665, 0.00651, 0.00664,
60	5	60	27.483202375177257	-0.730235323021619	1428.083451536455	-0.1434333063949158 0.01279, 0.01137, 0.00778, 0.00820, 0.00784, 0.00754,
60	6	60	27.483202375177257	-0.730235323021619	1428.083451536455	-0.1434333063949158 0.01313, 0.01202, 0.00772, 0.00743, 0.00765, 0.00742,
60	7	60	27.483202375177257	-0.730235323021619	1428.083451536455	-0.1434333063949158 0.01296, 0.01168, 0.00717, 0.00657, 0.00677, 0.00672,
60	8	60	27.483202375177257	-0.730235323021619	1428.083451536455	-0.1434333063949158 0.01313, 0.01143, 0.00684, 0.00691, 0.00724, 0.00719,
80	3	60	27.483202375177257	-0.730235323021619	1428.083451536455	-0.1434333063949158 0.01310, 0.01179, 0.00777, 0.00714, 0.00724, 0.00665,
80	4	60	27.483202375177257	-0.730235323021619	1428.083451536455	-0.1434333063949158 0.01326, 0.01098, 0.00743, 0.00764, 0.00794, 0.00816,
80	5	60	27.483202375177257	-0.730235323021619	1428.083451536455	-0.1434333063949158 0.01287, 0.01056, 0.00682, 0.00714, 0.00663, 0.00645,
80	6	60	27.483202375177257	-0.730235323021619	1428.083451536455	-0.1434333063949158 0.01287, 0.01043, 0.00661, 0.00655, 0.00695, 0.00695,
80	7	60	27.483202375177257	-0.730235323021619	1428.083451536455	-0.1434333063949158 0.01300, 0.01066, 0.00674, 0.00683, 0.00681, 0.00678,
80	8	60	27.483202375177257	-0.730235323021619	1428.083451536455	-0.1434333063949158 0.01261, 0.01129, 0.00677, 0.00693, 0.00646, 0.00633,
0	3	60	27.483202375177257	-0.730235323021619	1428.083451536455	-0.1434333063949158 0.01282, 0.01057, 0.00664, 0.00680, 0.00676, 0.00672,
0	4	60	27.483202375177257	-0.730235323021619	1428.083451536455	-0.1434333063949158 0.01248, 0.01077, 0.00691, 0.00680, 0.00650, 0.00645,
0	5	60	27.483202375177257	-0.730235323021619	1428.083451536455	-0.1434333063949158 0.01276, 0.01073, 0.00728, 0.00719, 0.00658, 0.00643,
0	6	60	27.483202375177257	-0.730235323021619	1428.083451536455	-0.1434333063949158 0.01288, 0.01033, 0.00647, 0.00664, 0.00686, 0.00673,
0	7	60	27.483202375177257	-0.730235323021619	1428.083451536455	-0.1434333063949158 0.01370, 0.01050, 0.00664, 0.00638, 0.00664, 0.00659,
0	8	60	27.483202375177257	-0.730235323021619	1428.083451536455	-0.1434333063949158 0.01285, 0.01055, 0.00673, 0.00688, 0.00729, 0.00659,
20	3	60	27.483202375177257	-0.730235323021619	1428.083451536455	-0.1434333063949158 0.01282, 0.01079, 0.00725, 0.00749, 0.00702, 0.00659,
20	4	60	27.483202375177257	-0.730235323021619	1428.083451536455	-0.1434333063949158 0.01243, 0.01049, 0.00674, 0.00683, 0.00697, 0.00684,
20	5	60	27.483202375177257	-0.730235323021619	1428.083451536455	-0.1434333063949158 0.01294, 0.01066, 0.00687, 0.00659, 0.00651, 0.00673,
20	6	60	27.483202375177257	-0.730235323021619	1428.083451536455	-0.1434333063949158 0.01288, 0.01106, 0.00711, 0.00717, 0.00678, 0.00690,
20	7	60	27.483202375177257	-0.730235323021619	1428.083451536455	-0.1434333063949158 0.01329, 0.01062, 0.00666, 0.00660, 0.00648, 0.00643,
20	8	60	27.483202375177257	-0.730235323021619	1428.083451536455	-0.1434333063949158 0.01302, 0.01188, 0.00806, 0.00810, 0.00852, 0.00900,
40	3	60	27.483202375177257	-0.730235323021619	1428.083451536455	-0.1434333063949158 0.01265, 0.01046, 0.00664, 0.00676, 0.00723, 0.00682,
40	4	60	27.483202375177257	-0.730235323021619	1428.083451536455	-0.1434333063949158 0.01182, 0.01049, 0.00650, 0.00681, 0.00670, 0.00669,
40	5	60	27.483202375177257	-0.730235323021619	1428.083451536455	-0.1434333063949158 0.01148, 0.00946, 0.00659, 0.00642, 0.00637, 0.00649,
40	6	60	27.483202375177257	-0.730235323021619	1428.083451536455	-0.1434333063949158 0.01193, 0.01030, 0.00647, 0.00668, 0.00678, 0.00669,
40	7	60	27.483202375177257	-0.730235323021619	1428.083451536455	-0.1434333063949158 0.01201, 0.01035, 0.00659, 0.00662, 0.00691, 0.00673,
40	8	60	27.483202375177257	-0.730235323021619	1428.083451536455	-0.1434333063949158 0.01211, 0.01049, 0.00653, 0.00680, 0.00710, 0.00721,
60	3	60	27.483202375177257	-0.730235323021619	1428.083451536455	-0.1434333063949158 0.01251, 0.01024, 0.00653, 0.00625, 0.00647, 0.00683,
60	4	60	27.483202375177257	-0.730235323021619	1428.083451536455	-0.1434333063949158 0.01310, 0.01113, 0.00693, 0.00723, 0.00737, 0.00736,
60	5	60	27.483202375177257	-0.730235323021619	1428.083451536455	-0.1434333063949158 0.01265, 0.01087, 0.00683, 0.00801, 0.00775, 0.00709,
60	6	60	27.483202375177257	-0.730235323021619	1428.083451536455	-0.1434333063949158 0.01289, 0.01166, 0.00865, 0.00810, 0.00795, 0.00742,
60	7	60	27.483202375177257	-0.730235323021619	1428.083451536455	-0.1434333063949158 0.01201, 0.00940, 0.00678, 0.00654, 0.00669, 0.00690,
60	8	60	27.483202375177257	-0.730235323021619	1428.083451536455	-0.1434333063949158 0.01141, 0.00911, 0.00603, 0.00683, 0.00700, 0.00679,
80	3	60	27.483202375177257	-0.730235323021619	1428.083451536455	-0.1434333063949158 0.01268, 0.01102, 0.00665, 0.00670, 0.00628, 0.00624,
80	4	60	27.483202375177257	-0.730235323021619	1428.083451536455	-0.1434333063949158 0.01329, 0.01001, 0.00653, 0.00682, 0.00674, 0.00681,
80	5	60	27.483202375177257	-0.730235323021619	1428.083451536455	-0.1434333063949158 0.01263, 0.01071, 0.00668, 0.00682, 0.00670, 0.00642,
80	6	60	27.483202375177257	-0.730235323021619	1428.083451536455	-0.1434333063949158 0.01306, 0.01068, 0.00662, 0.00674, 0.00672, 0.00644,
80	7	60	27.483202375177257	-0.730235323021619	1428.083451536455	-0.1434333063949158 0.01245, 0.01085, 0.00722, 0.00702, 0.00623, 0.00645,
80	8	60	27.483202375177257	-0.730235323021619	1428.083451536455	-0.1434333063949158 0.01252, 0.01081, 0.00661, 0.00688, 0.00725, 0.00647,
0	3	60	27.483202375177257	-0.730235323021619	1428.083451536455	-0.1434333063949158 0.01324, 0.01096, 0.00676, 0.00639, 0.00636, 0.00651,
0	4	60	27.483202375177257	-0.730235323021619	1428.083451536455	-0.1434333063949158 0.01225, 0.01087, 0.00745, 0.00719, 0.00690, 0.00706,
0	5	60	27.483202375177257	-0.730235323021619	1428.083451536455	-0.1434333063949158 0.01296, 0.01036, 0.00680, 0.00676, 0.00678, 0.00661,
0	6	60	27.483202375177257	-0.730235323021619	1428.083451536455	-0.1434333063949158 0.01329, 0.01129, 0.00717, 0.00673, 0.00677, 0.00644,
0	7	60	27.483202375177257	-0.730235323021619	1428.083451536455	-0.1434333063949158 0.01185, 0.01012, 0.00659, 0.00667, 0.00686, 0.00688,
0	8	60	27.483202375177257	-0.730235323021619	1428.083451536455	-0.1434333063949158 0.01155, 0.00997, 0.00656, 0.00683, 0.00680, 0.00677,
20	3	60	27.483202375177257	-0.730235323021619	1428.083451536455	-0.1434333063949158 0.01179, 0.01000, 0.00648, 0.00673, 0.00667, 0.00639,
20	4	60	27.483202375177257	-0.730235323021619	1428.083451536455	-0.1434333063949158 0.01137, 0.00986, 0.00643, 0.00629, 0.00627, 0.00651,
20	5	60	27.483202375177257	-0.730235323021619	1428.083451536455	-0.1434333063949158 0.01257, 0.01088, 0.00685, 0.00740, 0.00665, 0.00641,
20	6	60	27.483202375177257	-0.730235323021619	1428.083451536455	-0.1434333063949158 0.01374, 0.01119, 0.00744, 0.00700, 0.00672, 0.00668,
20	7	60	27.483202375177257	-0.730235323021619	1428.083451536455	-0.1434333063949158 0.01234, 0.01009, 0.00722, 0.00786, 0.00760, 0.00776,
20	8	60	27.483202375177257	-0.730235323021619	1428.083451536455	-0.1434333063949158 0.01188, 0.00932, 0.00621, 0.00691, 0.00701, 0.00729,
40	3	60	27.483202375177257	-0.730235323021619	1428.083451536455	-0.1434333063949158 0.01138, 0.00942, 0.00603, 0.00625, 0.00633, 0.00647,
40	4	60	27.483202375177257	-0.730235323021619	1428.083451536455	-0.1434333063949158 0.01201, 0.01011, 0.00667, 0.00734, 0.00748, 0.00743,
40	5	60	27.483202375177257	-0.730235323021619	1428.083451536455	-0.1434333063949158 0.01168, 0.01081, 0.00836, 0.00772, 0.00763, 0.00738,
40	6	60	27.483202375177257	-0.730235323021619	1428.083451536455	-0.1434333063949158 0.01294, 0.01017, 0.00653, 0.00666, 0.00679, 0.00695,
40	7	60	27.483202375177257	-0.730235323021619	1428.083451536455	-0.1434333063949158 0.01297, 0.01036, 0.00676, 0.00673, 0.00622, 0.00633,
40	8	60	27.483202375177257	-0.730235323021619	1428.083451536455	-0.1434333063949158 0.01315, 0.01050, 0.00681, 0.00685, 0.00686, 0.00691,
60	3	60	27.483202375177257	-0.730235323021619	1428.083451536455	-0.1434333063949158 0.01203, 0.01026, 0.00652, 0.00638, 0.00631, 0.00637,
60	4	60	27.483202375177257	-0.730235323021619	1428.083451536455	-0.1434333063949158 0.01281, 0.01039, 0.00674, 0.00645, 0.00652, 0.00660,
60	5	60	27.483202375177257	-0.730235323021619	1428.083451536455	-0.1434333063949158 0.01361, 0.01115, 0.00721, 0.00672, 0.00638, 0.00638,
60	6	60	27.483202375177257	-0.730235323021619	1428.083451536455	-0.1434333063949158 0.01317, 0.01104, 0.00743, 0.00672, 0.00673, 0.00649,
60	7	60	27.483202375177257	-0.730235323021619	1428.083451536455	-0.1434333063949158 0.01301, 0.01094, 0.00690, 0.00706, 0.00670, 0.00662,
60	8	60	27.483202375177257	-0.730235323021619	1428.083451536455	-0.1434333063949158 0.01316, 0.01084, 0.00703, 0.00674, 0.00637, 0.00659,
80	3	60	27.483202375177257	-0.730235323021619	1428.083451536455	-0.1434333063949158 0.01262, 0.01097, 0.00728, 0.00695, 0.00650, 0.00638,
80	4	60	27.483202375177257	-0.730235323021619	1428.083451536455	-0.1434333063949158 0.01343, 0.01036, 0.00684, 0.00696, 0.00688, 0.00662,
80	5	60	27.483202375177257	-0.730235323021619	1428.083451536455	-0.1434333063949158 0.01279, 0.01116, 0.00725, 0.00759, 0.00749, 0.00745,
80	6	60	27.483202375177257	-0.730235323021619	1428.083451536455	-0.1434333063949158 0.01225, 0.01068, 0.00661, 0.00772, 0.00696, 0.00675,
80	7	60	27.483202375177257	-0.730235323021619	1428.083451536455	-0.1434333063949158 0.01295, 0.01064, 0.00682, 0.00669, 0.00650, 0.00636,
80	8	60	27.483202375177257	-0.730235323021619	1428.083451536455	-0.1434333063949158 0.01301, 0.01097, 0.00690, 0.00686, 0.00677, 0.00656,
0	3	60	27.483202375177257	-0.730235323021619	1428.083451536455	-0.1434333063949158 0.01140, 0.01118, 0.00746, 0.00740, 0.00730, 0.00720,
0	4	60	27.483202375177257	-0.730235323021619	1428.083451536455	-0.1434333063949158 0.01132, 0.01009, 0.00619, 0.00634, 0.00639, 0.00638,
0	5	60	27.483202375177257	-0.730235323021619	1428.083451536455	-0.1434333063949158 0.01205, 0.01025, 0.00654, 0.00672, 0.00662, 0.00638,
0	6	60	27.483202375177257	-0.730235323021619	1428.083451536455	-0.1434333063949158 0.01288, 0.01050, 0.00667, 0.00666, 0.00670, 0.00677,
0	7	60	27.483202375177257	-0.730235323021619	1428.083451536455	-0.1434333063949158 0.01286, 0.01011, 0.00615, 0.00657, 0.00659, 0.00682,
0	8	60	27.483202375177257	-0.730235323021619	1428.083451536455	-0.1434333063949158 0.01301, 0.01120, 0.00688, 0.00753, 0.00733, 0.00663,
20	3	60	27.483202375177257	-0.730235323021619	1428.083451536455	-0.1434333063949158 0.01287, 0.01067, 0.00681, 0.00658, 0.00691, 0.00704,
20	4	60	27.483202375177257	-0.730235323021619	1428.083451536455	-0.1434333063949158 0.01236, 0.01067, 0.00784, 0.00717, 0.00691, 0.00674,
20	5	60	27.483202375177257	-0.730235323021619	1428.083451536455	-0.1434333063949158 0.01235, 0.01031, 0.00785, 0.00736, 0.00716, 0.00686,
20	6	60	27.483202375177257	-0.730235323021619	1428.083451536455	-0.1434333063949158 0.01485, 0.01170, 0.00750, 0.00756, 0.00781, 0.00702,
20	7	60	27.483202375177257	-0.730235323021619	1428.083451536455	-0.1434333063949158 0.01307, 0.01062, 0.00698, 0.00743, 0.00770, 0.00770,
20	8	60	27.483202375177257	-0.730235323021619	1428.083451536455	-0.1434333063949158 0.01325, 0.01049, 0.00662, 0.00707, 0.00684, 0.00836,
40	3	60	27.483202375177257	-0.730235323021619	1428.083451536455	-0.1434333063949158 0.01306, 0.01065, 0.00650, 0.00641, 0.00659, 0.00653,
40	4	60	27.483202375177257	-0.730235323021619	1428.083451536455	-0.1434333063949158 0.01257, 0.01004, 0.00639, 0.00651, 0.00683, 0.00688,
40	5	60	27.483202375177257	-0.730235323021619	1428.083451536455	-0.1434333063949158 0.01322, 0.01030, 0.00690, 0.00664, 0.00702, 0.00650,
40	6	60	27.483202375177257	-0.730235323021619	1428.083451536455	-0.1434333063949158 0.01314, 0.01107, 0.00711, 0.00685, 0.00673, 0.00663,
40	7	60	27.483202375177257	-0.730235323021619	1428.083451536455	-0.1434333063949158 0.01404, 0.01073, 0.00663, 0.00686, 0.00682, 0.00671,
40	8	60	27.483202375177257	-0.730235323021619	1428.083451536455	-0.1434333063949158 0.01285, 0.01071, 0.00714, 0.00671, 0.00678, 0.00641,
60	3	60	27.483202375177257	-0.730235323021619	1428.083451536455	-0.1434333063949158 0.01284, 0.01017, 0.00626, 0.00661, 0.00683, 0.00682,
60	4	60	27.483202375177257	-0.730235323021619	1428.083451536455	-0.1434333063949158 0.01232, 0.01087, 0.00775, 0.00720, 0.00707, 0.00696,
60	5	60	27.483202375177257	-0.730235323021619	1428.083451536455	-0.1434333063949158 0.01288, 0.01035, 0.00672, 0.00689, 0.00678, 0.00667,
60	6	60	27.483202375177257	-0.730235323021619	1428.083451536455	-0.1434333063949158 0.01168, 0.01134, 0.00657, 0.00671, 0.00679, 0.00680,
60	7	60	27.483202375177257	-0.730235323021619	1428.083451536455	-0.1434333063949158 0.01217, 0.01052, 0.00711, 0.00694, 0.00781, 0.00702,
60	8	60	27.483202375177257	-0.730235323021619	1428.083451536455	-0.1434333063949158 0.01182, 0.01045, 0.00691, 0.00675, 0.00648, 0.00643,
80	3	60	27.483202375177257	-0.730235323021619	1428.083451536455	-0.1434333063949158 0.01305, 0.01037, 0.00666, 0.00646, 0.00666, 0.00672,
80	4	60	27.483202375177257	-0.730235323021619	1428.083451536455	-0.1434333063949158 0.01274, 0.01047, 0.00661, 0.00686, 0.00670, 0.00628,
80	5	60	27.483202375177257	-0.730235323021619	1428.083451536455	-0.1434333063949158 0.01277, 0.01047, 0.00653, 0.00702, 0.00657, 0.00706,
80	6	60	27.483202375177257	-0.730235323021619	1428.083451536455	-0.1434333063949158 0.01300, 0.01023, 0.00663, 0.00666, 0.00696, 0.00689,
80	7	60	27.483202375177257	-0.730235323021619	1428.083451536455	-0.1434333063949158 0.01246, 0.01169, 0.00726, 0.00735, 0.00747, 0.00751,
80	8	60	27.483202375177257	-0.730235323021619	1428.083451536455	-0.1434333063949158 0.01296, 0.01061, 0.00672, 0.00650, 0.00667, 0.00722,
0	3	60	27.483202375177257	-0.730235323021619	1428.083451536455	-0.1434333063949158 0.01293, 0.01169, 0.00731, 0.00766, 0.00674, 0.00658,
0	4	60	27.483202375177257	-0.730235323021619	1428.083451536455	-0.1434333063949158 0.01250, 0.01074, 0.00698, 0.00668, 0.00668, 0.00659,
0	5	60	27.483202375177257	-0.730235323021619	1428.083451536455	-0.1434333063949158 0.01283, 0.01123, 0.00703, 0.00679, 0.00694, 0.00687,
0	6	60	27.483202375177257	-0.730235323021619	1428.083451536455	-0.1434333063949158 0.01315, 0.01037, 0.00652, 0.00646, 0.00653, 0.00662,
0	7	60	27.483202375177257	-0.730235323021619	1428.083451536455	-0.1434333063949158 0.01375, 0.01080, 0.00664, 0.00673, 0.00648, 0.00674,
0	8	60	27.483202375177257	-0.730235323021619	1428.083451536455	-0.1434333063949158 0.01329, 0.01163, 0.00752, 0.00725, 0.00728, 0.00709,
20	3	60	27.483202375177257	-0.730235323021619	1428.083451536455	-0.1434333063949158 0.01357, 0.01205, 0.00794, 0.00745, 0.00730, 0.00690,
20	4	60	27.483202375177257	-0.730235323021619	1428.083451536455	-0.1434333063949158 0.01331, 0.01055, 0.00685, 0.00707, 0.00736, 0.00693,
20	5	60	27.483202375177257	-0.730235323021619	1428.083451536455	-0.1434333063949158 0.01254, 0.01036, 0.00631, 0.00639, 0.00669, 0.00690,
20	6	60	27.483202375177257	-0.730235323021619	1428.083451536455	-0.1434333063949158 0.01313, 0.01085, 0.00694, 0.00630, 0.00639, 0.00632,
20	7	60	27.483202375177257	-0.730235323021619	1428.083451536455	-0.1434333063949158 0.01269, 0.01080, 0.00747, 0.00713, 0.00629, 0.00627,
20	8	60	27.483202375177257	-0.730235323021619	1428.083451536455	-0.1434333063949158 0.01295, 0.01120, 0.00684, 0.00673, 0.00626, 0.00627,
40	3	60	27.483202375177257	-0.730235323021619	1428.083451536455	-0.1434333063949158 0.01283, 0.01076, 0.00711, 0.00709, 0.00734, 0.00695,
40	4	60	27.483202375177257	-0.730235323021619	1428.083451536455	-0.1434333063949158 0.01306, 0.01083, 0.00726, 0.00692, 0.00636, 0.00632,
40	5	60	27.483202375177257	-0.730235323021619	1428.083451536455	-0.1434333063949158 0.01237, 0.01022, 0.00688, 0.00683, 0.00692, 0.00655,
40	6	60	27.483202375177257	-0.730235323021619	1428.083451536455	-0.1434333063949158 0.01186, 0.01067, 0.00707, 0.00680, 0.00694, 0.00673,
40	7	60	27.483202375177257	-0.730235323021619	1428.083451536455	-0.1434333063949158 0.01204, 0.00978, 0.00638, 0.00685, 0.00669, 0.00690,
40	8	60	27.483202375177257	-0.730235323021619	1428.083451536455	-0.1434333063949158 0.01304, 0.01045, 0.00654, 0.00685, 0.00675, 0.00693,
60	3	60	27.483202375177257	-0.730235323021619	1428.083451536455	-0.1434333063949158 0.01224, 0.01076, 0.00713, 0.00688, 0.00681, 0.00667,
60	4	60	27.483202375177257	-0.730235323021619	1428.083451536455	-0.1434333063949158 0.01354, 0.01083, 0.00681, 0.00691, 0.00643, 0.00646,
60	5	60	27.483202375177257	-0.730235323021619	1428.083451536455	-0.1434333063949158 0.01294, 0.01066, 0.00740, 0.00717, 0.00698, 0.00685,
60	6	60	27.483202375177257	-0.730235323021619	1428.083451536455	-0.1434333063949158 0.01258, 0.01036, 0.00672, 0.00685, 0.00735, 0.00719,
60	7	60	27.483202375177257	-0.730235323021619	1428.083451536455	-0.1434333063949158 0.01315, 0.01013, 0.00669, 0.00665, 0.00676, 0.00686,
60	8	60	27.483202375177257	-0.730235323021619	1428.083451536455	-0.1434333063949158 0.01280, 0.01082, 0.00698, 0.00703, 0.00681, 0.00674,
80	3	60	27.483202375177257	-0.730235323021619	1428.083451536455	-0.1434333063949158 0.01283, 0.01069, 0.00694, 0.00665, 0.00673, 0.00650,
80	4	60	27.483202375177257	-0.730235323021619	1428.083451536455	-0.1434333063949158 0.01374, 0.01061, 0.00670, 0.00704, 0.00673, 0.00658,
80	5	60	27.483202375177257	-0.730235323021619	1428.083451536455	-0.1434333063949158 0.01311, 0.01078, 0.00680, 0.00680, 0.00671, 0.00651,
80	6	60	27.483202375177257	-0.730235323021619	1428.083451536455	-0.1434333063949158 0.01343, 0.01040, 0.00664, 0.00674, 0.00685, 0.00702,
80	7	60	27.483202375177257	-0.730235323021619	1428.083451536455	-0.1434333063949158 0.01301, 0.01082, 0.00725, 0.00681, 0.00806, 0.00733,
80	8	60	27.483202375177257	-0.730235323021619	1428.083451536455	-0.1434333063949158 0.01324, 0.01041, 0.00666, 0.00763, 0.00742, 0.00681,
0	3	60	27.483202375177257	-0.730235323021619	1428.083451536455	-0.1434333063949158 0.01352, 0.01081, 0.00707, 0.00688, 0.00643, 0.00642,
0	4	60	27.483202375177257	-0.730235323021619	1428.083451536455	-0.1434333063949158 0.01342, 0.01175, 0.00791, 0.00795, 0.00752, 0.00719,
0	5	60	27.483202375177257	-0.730235323021619	1428.083451536455	-0.1434333063949158 0.01300, 0.01069, 0.00652, 0.00671, 0.00648, 0.00638,
0	6	60	27.483202375177257	-0.730235323021619	1428.083451536455	-0.1434333063949158 0.01282, 0.01110, 0.00692, 0.00685, 0.00686, 0.00667,
0	7	60	27.483202375177257	-0.730235323021619	1428.083451536455	-0.1434333063949158 0.01293, 0.01077, 0.00697, 0.00673, 0.00675, 0.00624,
0	8	60	27.483202375177257	-0.730235323021619	1428.083451536455	-0.1434333063949158 0.01280, 0.01070, 0.00688, 0.00629, 0.00620, 0.00647,
20	3	60	27.483202375177257	-0.730235323021619	1428.083451536455	-0.1434333063949158 0.01302, 0.01032, 0.00660, 0.00631, 0.00641, 0.00646,
20	4	60	27.483202375177257	-0.730235323021619	1428.083451536455	-0.1434333063949158 0.01302, 0.01024, 0.00681, 0.00644, 0.00665, 0.00665,
20	5	60	27.483202375177257	-0.730235323021619	1428.083451536455	-0.1434333063949158 0.01265, 0.01018, 0.00727, 0.00772, 0.00784, 0.00867,
20	6	60	27.483202375177257	-0.730235323021619	1428.083451536455	-0.1434333063949158 0.01258, 0.01065, 0.00651, 0.00701, 0.00743, 0.00820,
20	7	60	27.483202375177257	-0.730235323021619	1428.083451536455	-0.1434333063949158 0.01236, 0.01051, 0.00660, 0.00673, 0.00636, 0.00632,
20	8	60	27.483202375177257	-0.730235323021619	1428.083451536455	-0.1434333063949158 0.01291, 0.01016, 0.00650, 0.00672, 0.00706, 0.00706,
40	3	60	27.483202375177257	-0.730235323021619	1428.083451536455	-0.1434333063949158 0.01260, 0.01059, 0.00702, 0.00673, 0.00630, 0.00638,
40	4	60	27.483202375177257	-0.730235323021619	1428.083451536455	-0.1434333063949158 0.01273, 0.01037, 0.00635, 0.00639, 0.00644, 0.00648,
40	5	60	27.483202375177257	-0.730235323021619	1428.083451536455	-0.1434333063949158 0.01310, 0.01025, 0.00681, 0.00708, 0.00733, 0.00702,
40	6	60	27.483202375177257	-0.730235323021619	1428.083451536455	-0.1434333063949158 0.01274, 0.01022, 0.00677, 0.00657, 0.00653, 0.00660,
40	7	60	27.483202375177257	-0.730235323021619	1428.083451536455	-0.1434333063949158 0.01280, 0.01074, 0.00680, 0.00658, 0.00620, 0.00635,
40	8	60	27.483202375177257	-0.730235323021619	1428.083451536455	-0.1434333063949158 0.01320, 0.01065, 0.00653, 0.00683, 0.00698, 0.00696,
60	3	60	27.483202375177257	-0.730235323021619	1428.083451536455	-0.1434333063949158 0.01181, 0.00967, 0.00616, 0.00640, 0.00678, 0.00696,
60	4	60	27.483202375177257	-0.730235323021619	1428.083451536455	-0.1434333063949158 0.01112, 0.01001, 0.00716, 0.00695, 0.00664, 0.00644,
60	5	60	27.483202375177257	-0.730235323021619	1428.083451536455	-0.1434333063949158 0.01281, 0.01028, 0.00654, 0.00644, 0.00633, 0.00646,
60	6	60	27.483202375177257	-0.730235323021619	1428.083451536455	-0.1434333063949158 0.01273, 0.01047, 0.00672, 0.00668, 0.00661, 0.00669,
60	7	60	27.483202375177257	-0.730235323021619	1428.083451536455	-0.1434333063949158 0.01474, 0.01124, 0.00671, 0.00683, 0.00659, 0.00666,
60	8	60	27.483202375177257	-0.730235323021619	1428.083451536455	-0.1434333063949158 0.01312, 0.01079, 0.00695, 0.00724, 0.00752, 0.00736,
80	3	60	27.483202375177257	-0.730235323021619	1428.083451536455	-0.1434333063949158 0.01288, 0.01105, 0.00693, 0.00699, 0.00716, 0.00681,
80	4	60	27.483202375177257	-0.730235323021619	1428.083451536455	-0.1434333063949158 0.01322, 0.01057, 0.00755, 0.00719, 0.00677, 0.00674,
80	5	60	27.483202375177257	-0.730235323021619	1428.083451536455	-0.1434333063949158 0.01278, 0.01240, 0.00779, 0.00741, 0.00668, 0.00641,
80	6	60	27.483202375177257	-0.730235323021619	1428.083451536455	-0.1434333063949158 0.01323, 0.01107, 0.00777, 0.00721, 0.00751, 0.00689,
80	7	60	27.483202375177257	-0.730235323021619	1428.083451536455	-0.1434333063949158 0.01377, 0.01099, 0.00743, 0.00688, 0.00922, 0.00820,
80	8	60	27.483202375177257	-0.730235323021619	1428.083451536455	-0.1434333063949158 0.01291, 0.01096, 0.00694, 0.00739, 0.00757, 0.00757,
0	3	60	27.483202375177257	-0.730235323021619	1428.083451536455	-0.1434333063949158 0.01276, 0.01019, 0.00622, 0.00637, 0.00656, 0.00662,
0	4	60	27.483202375177257	-0.730235323021619	1428.083451536455	-0.1434333063949158 0.01258, 0.01022, 0.00666, 0.00675, 0.00678, 0.00649,
0	5	60	27.483202375177257	-0.730235323021619	1428.083451536455	-0.1434333063949158 0.01278, 0.01084, 0.00711, 0.00697, 0.00644, 0.00639,
0	6	60	27.483202375177257	-0.730235323021619	1428.083451536455	-0.1434333063949158 0.01319, 0.01049, 0.00662, 0.00633, 0.00659, 0.00649,
0	7	60	27.483202375177257	-0.730235323021619	1428.083451536455	-0.1434333063949158 0.01273, 0.01115, 0.00777, 0.00755, 0.00742, 0.00753,
0	8	60	27.483202375177257	-0.730235323021619	1428.083451536455	-0.1434333063949158 0.01309, 0.01076, 0.00679, 0.00696, 0.00657, 0.00668,
20	3	60	27.483202375177257	-0.730235323021619	1428.083451536455	-0.1434333063949158 0.01263, 0.01073, 0.00652, 0.00709, 0.00674, 0.00653,
20	4	60	27.483202375177257	-0.730235323021619	1428.083451536455	-0.1434333063949158 0.01281, 0.01021, 0.00669, 0.00672, 0.00691, 0.00702,
20	5	60	27.483202375177257	-0.730235323021619	1428.083451536455	-0.1434333063949158 0.01245, 0.01090, 0.00735, 0.00735, 0.00699, 0.00677,
20	6	60	27.483202375177257	-0.730235323021619	1428.083451536455	-0.1434333063949158 0.01293, 0.01026, 0.00646, 0.00668, 0.00671, 0.00679,
20	7	60	27.483202375177257	-0.730235323021619	1428.083451536455	-0.1434333063949158 0.01228, 0.01110, 0.00751, 0.00715, 0.00690, 0.00639,
20	8	60	27.483202375177257	-0.730235323021619	1428.083451536455	-0.1434333063949158 0.01283, 0.01029, 0.00671, 0.00685, 0.00737, 0.00757,
40	3	60	27.483202375177257	-0.730235323021619	1428.083451536455	-0.1434333063949158 0.01236, 0.01214, 0.00699, 0.00673, 0.00683, 0.00694,
40	4	60	27.483202375177257	-0.730235323021619	1428.083451536455	-0.1434333063949158 0.01245, 0.01052, 0.00691, 0.00671, 0.00646, 0.00666,
40	5	60	27.483202375177257	-0.730235323021619	1428.083451536455	-0.1434333063949158 0.01212, 0.01092, 0.00703, 0.00753, 0.00761, 0.00727,
40	6	60	27.483202375177257	-0.730235323021619	1428.083451536455	-0.1434333063949158 0.01245, 0.01154, 0.00770, 0.00731, 0.00674, 0.00696,
40	7	60	27.483202375177257	-0.730235323021619	1428.083451536455	-0.1434333063949158 0.01231, 0.01143, 0.00732, 0.00756, 0.00693, 0.00720,
40	8	60	27.483202375177257	-0.730235323021619	1428.083451536455	-0.1434333063949158 0.01228, 0.01080, 0.00658, 0.00671, 0.00669, 0.00665,
60	3	60	27.483202375177257	-0.730235323021619	1428.083451536455	-0.1434333063949158 0.01297, 0.01043, 0.00666, 0.00735, 0.00714, 0.00694,
60	4	60	27.483202375177257	-0.730235323021619	1428.083451536455	-0.1434333063949158 0.01302, 0.01043, 0.00659, 0.00682, 0.00684, 0.00672,
60	5	60	27.483202375177257	-0.730235323021619	1428.083451536455	-0.1434333063949158 0.01388, 0.01177, 0.00750, 0.00743, 0.00711, 0.00691,
60	6	60	27.483202375177257	-0.730235323021619	1428.083451536455	-0.1434333063949158 0.01258, 0.01087, 0.00775, 0.00716, 0.00674, 0.00649,
60	7	60	27.483202375177257	-0.730235323021619	1428.083451536455	-0.1434333063949158 0.01310, 0.01064, 0.00685, 0.00691, 0.00692, 0.00652,
60	8	60	27.483202375177257	-0.730235323021619	1428.083451536455	-0.1434333063949158 0.01316, 0.01036, 0.00655, 0.00662, 0.00677, 0.00667,
80	3	60	27.483202375177257	-0.730235323021619	1428.083451536455	-0.1434333063949158 0.01331, 0.01043, 0.00721, 0.00628, 0.00692, 0.00709,
80	4	60	27.483202375177257	-0.730235323021619	1428.083451536455	-0.1434333063949158 0.01322, 0.01036, 0.00660, 0.00669, 0.00677, 0.00784,
80	5	60	27.483202375177257	-0.730235323021619	1428.083451536455	-0.1434333063949158 0.01381, 0.01124, 0.00674, 0.00670, 0.00682, 0.00668,
80	6	60	27.483202375177257	-0.730235323021619	1428.083451536455	-0.1434333063949158 0.01270, 0.01114, 0.00687, 0.00755, 0.00705, 0.00718,
80	7	60	27.483202375177257	-0.730235323021619	1428.083451536455	-0.1434333063949158 0.01281, 0.01112, 0.00708, 0.00698, 0.00696, 0.00694,
80	8	60	27.483202375177257	-0.730235323021619	1428.083451536455	-0.1434333063949158 0.01306, 0.01072, 0.00701, 0.00694, 0.00662, 0.00656,
0	3	60	27.483202375177257	-0.730235323021619	1428.083451536455	-0.1434333063949158 0.01281, 0.01035, 0.00661, 0.00623, 0.00633, 0.00686,
0	4	60	27.483202375177257	-0.730235323021619	1428.083451536455	-0.1434333063949158 0.01262, 0.01061, 0.00690, 0.00668, 0.00670, 0.00636,
0	5	60	27.483202375177257	-0.730235323021619	1428.083451536455	-0.1434333063949158 0.01368, 0.01142, 0.00733, 0.00719, 0.00724, 0.00695,
0	6	60	27.483202375177257	-0.730235323021619	1428.083451536455	-0.1434333063949158 0.01289, 0.01042, 0.00630, 0.00621, 0.00648, 0.00696,
0	7	60	27.483202375177257	-0.730235323021619	1428.083451536455	-0.1434333063949158 0.01171, 0.00949, 0.00625, 0.00666, 0.00701, 0.00697,
0	8	60	27.483202375177257	-0.730235323021619	1428.083451536455	-0.1434333063949158 0.01199, 0.00991, 0.00682, 0.00714, 0.00667, 0.00640,
20	3	60	27.483202375177257	-0.730235323021619	1428.083451536455	-0.1434333063949158 0.01156, 0.00963, 0.00612, 0.00656, 0.00685, 0.00681,
20	4	60	27.483202375177257	-0.730235323021619	1428.083451536455	-0.1434333063949158 0.01143, 0.00996, 0.00642, 0.00697, 0.00649, 0.00662,
20	5	60	27.483202375177257	-0.730235323021619	1428.083451536455	-0.1434333063949158 0.01268, 0.01000, 0.00647, 0.00657, 0.00630, 0.00652,
20	6	60	27.483202375177257	-0.730235323021619	1428.083451536455	-0.1434333063949158 0.01361, 0.01111, 0.00700, 0.00732, 0.00723, 0.00756,
20	7	60	27.483202375177257	-0.730235323021619	1428.083451536455	-0.1434333063949158 0.01315, 0.01090, 0.00671, 0.00696, 0.00755, 0.00746,
20	8	60	27.483202375177257	-0.730235323021619	1428.083451536455	-0.1434333063949158 0.01378, 0.01180, 0.00723, 0.00678, 0.00659, 0.00641,
40	3	60	27.483202375177257	-0.730235323021619	1428.083451536455	-0.1434333063949158 0.01306, 0.01126, 0.00732, 0.00692, 0.00689, 0.00695,
40	4	60	27.483202375177257	-0.730235323021619	1428.083451536455	-0.1434333063949158 0.01254, 0.01083, 0.00718, 0.00665, 0.00639, 0.00652,
40	5	60	27.483202375177257	-0.730235323021619	1428.083451536455	-0.1434333063949158 0.01263, 0.01113, 0.00702, 0.00726, 0.00716, 0.00702,
40	6	60	27.483202375177257	-0.730235323021619	1428.083451536455	-0.1434333063949158 0.01314, 0.01067, 0.00643, 0.00687, 0.00709, 0.00707,
40	7	60	27.483202375177257	-0.730235323021619	1428.083451536455	-0.1434333063949158 0.01272, 0.01141, 0.00699, 0.00732, 0.00709, 0.00705,
40	8	60	27.483202375177257	-0.730235323021619	1428.083451536455	-0.1434333063949158 0.01308, 0.01081, 0.00686, 0.00720, 0.00670, 0.00697,
60	3	60	27.483202375177257	-0.730235323021619	1428.083451536455	-0.1434333063949158 0.01363, 0.01134, 0.00747, 0.00742, 0.00682, 0.00667,
60	4	60	27.483202375177257	-0.730235323021619	1428.083451536455	-0.1434333063949158 0.01317, 0.01035, 0.00653, 0.00650, 0.00653, 0.00673,
60	5	60	27.483202375177257	-0.730235323021619	1428.083451536455	-0.1434333063949158 0.01309, 0.01005, 0.00626, 0.00687, 0.00696, 0.00696,
60	6	60	27.483202375177257	-0.730235323021619	1428.083451536455	-0.1434333063949158 0.01291, 0.01078, 0.00719, 0.00677, 0.00678, 0.00698,
60	7	60	27.483202375177257	-0.730235323021619	1428.083451536455	-0.1434333063949158 0.01308, 0.01006, 0.00630, 0.00669, 0.00656, 0.00671,
60	8	60	27.483202375177257	-0.730235323021619	1428.083451536455	-0.1434333063949158 0.01328, 0.01074, 0.00667, 0.00682, 0.00709, 0.00717,
80	3	60	27.483202375177257	-0.730235323021619	1428.083451536455	-0.1434333063949158 0.01221, 0.01043, 0.00679, 0.00681, 0.00637, 0.00625,
80	4	60	27.483202375177257	-0.730235323021619	1428.083451536455	-0.1434333063949158 0.01246, 0.01116, 0.00708, 0.00735, 0.00746, 0.00745,
80	5	60	27.483202375177257	-0.730235323021619	1428.083451536455	-0.1434333063949158 0.01288, 0.01054, 0.00683, 0.00682, 0.00670, 0.00662,
80	6	60	27.483202375177257	-0.730235323021619	1428.083451536455	-0.1434333063949158 0.01276, 0.01037, 0.00646, 0.00634, 0.00626, 0.00653,
80	7	60	27.483202375177257	-0.730235323021619	1428.083451536455	-0.1434333063949158 0.01304, 0.01109, 0.00661, 0.00704, 0.00687, 0.00674,
80	8	60	27.483202375177257	-0.730235323021619	1428.083451536455	-0.1434333063949158 0.01251, 0.01000, 0.00620, 0.00646, 0.00643, 0.00652,
0	3	60	27.483202375177257	-0.730235323021619	1428.083451536455	-0.1434333063949158 0.01258, 0.01056, 0.00650, 0.00654, 0.00654, 0.00663,
0	4	60	27.483202375177257	-0.730235323021619	1428.083451536455	-0.1434333063949158 0.01248, 0.01080, 0.00658, 0.00718, 0.00677, 0.00646,
0	5	60	27.483202375177257	-0.730235323021619	1428.083451536455	-0.1434333063949158 0.01203, 0.01048, 0.00685, 0.00669, 0.00634, 0.00638,
0	6	60	27.483202375177257	-0.730235323021619	1428.083451536455	-0.1434333063949158 0.01190, 0.00990, 0.00655, 0.00702, 0.00729, 0.00691,
0	7	60	27.483202375177257	-0.730235323021619	1428.083451536455	-0.1434333063949158 0.01155, 0.00974, 0.00659, 0.00667, 0.00678, 0.00681,
0	8	60	27.483202375177257	-0.730235323021619	1428.083451536455	-0.1434333063949158 0.01158, 0.01003, 0.00636, 0.00659, 0.00751, 0.00756,
20	3	60	27.483202375177257	-0.730235323021619	1428.083451536455	-0.1434333063949158 0.01238, 0.01082, 0.00705, 0.00665, 0.00618, 0.00624,
20	4	60	27.483202375177257	-0.730235323021619	1428.083451536455	-0.1434333063949158 0.01281, 0.01040, 0.00671, 0.00689, 0.00721, 0.00740,
20	5	60	27.483202375177257	-0.730235323021619	1428.083451536455	-0.1434333063949158 0.01272, 0.00994, 0.00615, 0.00631, 0.00642, 0.00675,
20	6	60	27.483202375177257	-0.730235323021619	1428.083451536455	-0.1434333063949158 0.01332, 0.01061, 0.00683, 0.00668, 0.00679, 0.00690,
20	7	60	27.483202375177257	-0.730235323021619	1428.083451536455	-0.1434333063949158 0.01284, 0.01139, 0.00767, 0.00733, 0.00709, 0.00700,
20	8	60	27.483202375177257	-0.730235323021619	1428.083451536455	-0.1434333063949158 0.01335, 0.01083, 0.00631, 0.00649, 0.00643, 0.00643,
40	3	60	27.483202375177257	-0.730235323021619	1428.083451536455	-0.1434333063949158 0.01255, 0.01097, 0.00742, 0.00884, 0.00799, 0.00717,
40	4	60	27.483202375177257	-0.730235323021619	1428.083451536455	-0.1434333063949158 0.01473, 0.01220, 0.00683, 0.00710, 0.00726, 0.00724,
40	5	60	27.483202375177257	-0.730235323021619	1428.083451536455	-0.1434333063949158 0.01399, 0.01179, 0.00698, 0.00727, 0.00703, 0.00722,
40	6	60	27.483202375177257	-0.730235323021619	1428.083451536455	-0.1434333063949158 0.01435, 0.01444, 0.00849, 0.00942, 0.00789, 0.00726,
40	7	60	27.483202375177257	-0.730235323021619	1428.083451536455	-0.1434333063949158 0.01304, 0.01101, 0.00685, 0.00750, 0.00722, 0.00721,
40	8	60	27.483202375177257	-0.730235323021619	1428.083451536455	-0.1434333063949158 0.01303, 0.01096, 0.00765, 0.00704, 0.00667, 0.00693,
60	3	60	27.483202375177257	-0.730235323021619	1428.083451536455	-0.1434333063949158 0.01276, 0.01085, 0.00716, 0.00600, 0.00618, 0.00634,
60	4	60	27.483202375177257	-0.730235323021619	1428.083451536455	-0.1434333063949158 0.01261, 0.01137, 0.00697, 0.00733, 0.00748, 0.00755,
60	5	60	27.483202375177257	-0.730235323021619	1428.083451536455	-0.1434333063949158 0.01225, 0.01012, 0.00624, 0.00627, 0.00646, 0.00636,
60	6	60	27.483202375177257	-0.730235323021619	1428.083451536455	-0.1434333063949158 0.01313, 0.01079, 0.00699, 0.00662, 0.00653, 0.00652,
60	7	60	27.483202375177257	-0.730235323021619	1428.083451536455	-0.1434333063949158 0.01317, 0.01074, 0.00689, 0.00676, 0.00659, 0.00647,
60	8	60	27.483202375177257	-0.730235323021619	1428.083451536455	-0.1434333063949158 0.01251, 0.01054, 0.00662, 0.00676, 0.00651, 0.00638,
80	3	60	27.483202375177257	-0.730235323021619	1428.083451536455	-0.1434333063949158 0.01282, 0.01106, 0.00746, 0.00714, 0.00712, 0.00658,
80	4	60	27.483202375177257	-0.730235323021619	1428.083451536455	-0.1434333063949158 0.01335, 0.01098, 0.00768, 0.00744, 0.00693, 0.00676,
80	5	60	27.483202375177257	-0.730235323021619	1428.083451536455	-0.1434333063949158 0.01154, 0.00957, 0.00618, 0.00680, 0.00651, 0.00648,
80	6	60	27.483202375177257	-0.730235323021619	1428.083451536455	-0.1434333063949158 0.01299, 0.01000, 0.00641, 0.00654, 0.00721, 0.00687,
80	7	60	27.483202375177257	-0.730235323021619	1428.083451536455	-0.1434333063949158 0.01270, 0.01049, 0.00656, 0.00685, 0.00737, 0.00753,
80	8	60	27.483202375177257	-0.730235323021619	1428.083451536455	-0.1434333063949158 0.01306, 0.01029, 0.00668, 0.00624, 0.00642, 0.00640,
0	3	60	27.483202375177257	-0.730235323021619	1428.083451536455	-0.1434333063949158 0.01279, 0.01051, 0.00678, 0.00740, 0.00762, 0.00729,
0	4	60	27.483202375177257	-0.730235323021619	1428.083451536455	-0.1434333063949158 0.01312, 0.01080, 0.00676, 0.00723, 0.00717, 0.00690,
0	5	60	27.483202375177257	-0.730235323021619	1428.083451536455	-0.1434333063949158 0.01340, 0.01102, 0.00697, 0.00737, 0.00696, 0.00676,
0	6	60	27.483202375177257	-0.730235323021619	1428.083451536455	-0.1434333063949158 0.01310, 0.01159, 0.00765, 0.00951, 0.00761, 0.00719,
0	7	60	27.483202375177257	-0.730235323021619	1428.083451536455	-0.1434333063949158 0.01371, 0.01113, 0.00747, 0.00708, 0.00691, 0.00685,
0	8	60	27.483202375177257	-0.730235323021619	1428.083451536455	-0.1434333063949158 0.01280, 0.01105, 0.00666, 0.00735, 0.00700, 0.00677,
20	3	60	27.483202375177257	-0.730235323021619	1428.083451536455	-0.1434333063949158 0.01336, 0.01042, 0.00673, 0.00681, 0.00665, 0.00659,
20	4	60	27.483202375177257	-0.730235323021619	1428.083451536455	-0.1434333063949158 0.01280, 0.01094, 0.00727, 0.00745, 0.00713, 0.00717,
20	5	60	27.483202375177257	-0.730235323021619	1428.083451536455	-0.1434333063949158 0.01327, 0.01065, 0.00666, 0.00705, 0.00666, 0.00661,
20	6	60	27.483202375177257	-0.730235323021619	1428.083451536455	-0.1434333063949158 0.01309, 0.01094, 0.00730, 0.00689, 0.00678, 0.00679,
20	7	60	27.483202375177257	-0.730235323021619	1428.083451536455	-0.1434333063949158 0.01243, 0.01084, 0.00729, 0.00715, 0.00667, 0.00644,
20	8	60	27.483202375177257	-0.730235323021619	1428.083451536455	-0.1434333063949158 0.01289, 0.01052, 0.00656, 0.00662, 0.00642, 0.00642,
40	3	60	27.483202375177257	-0.730235323021619	1428.083451536455	-0.1434333063949158 0.01289, 0.01097, 0.00761, 0.00747, 0.00672, 0.00640,
40	4	60	27.483202375177257	-0.730235323021619	1428.083451536455	-0.1434333063949158 0.01286, 0.01106, 0.00692, 0.00742, 0.00718, 0.00703,
40	5	60	27.483202375177257	-0.730235323021619	1428.083451536455	-0.1434333063949158 0.01255, 0.01048, 0.00673, 0.00704, 0.00730, 0.00768,
40	6	60	27.483202375177257	-0.730235323021619	1428.083451536455	-0.1434333063949158 0.01313, 0.01024, 0.00675, 0.00682, 0.00678, 0.00637,
40	7	60	27.483202375177257	-0.730235323021619	1428.083451536455	-0.1434333063949158 0.01253, 0.01053, 0.00716, 0.00700, 0.00696, 0.00665,
40	8	60	27.483202375177257	-0.730235323021619	1428.083451536455	-0.1434333063949158 0.01153, 0.00992, 0.00698, 0.00692, 0.00673, 0.00711,
60	3	60	27.483202375177257	-0.730235323021619	1428.083451536455	-0.1434333063949158 0.01196, 0.01044, 0.00641, 0.00660, 0.00669, 0.00669,
60	4	60	27.483202375177257	-0.730235323021619	1428.083451536455	-0.1434333063949158 0.01173, 0.00993, 0.00659, 0.00701, 0.00662, 0.00657,
60	5	60	27.483202375177257	-0.730235323021619	1428.083451536455	-0.1434333063949158 0.01250, 0.01026, 0.00665, 0.00699, 0.00663, 0.00651,
60	6	60	27.483202375177257	-0.730235323021619	1428.083451536455	-0.1434333063949158 0.01241, 0.01086, 0.00716, 0.00745, 0.00680, 0.00647,
60	7	60	27.483202375177257	-0.730235323021619	1428.083451536455	-0.1434333063949158 0.01312, 0.01057, 0.00647, 0.00669, 0.00645, 0.00648,
60	8	60	27.483202375177257	-0.730235323021619	1428.083451536455	-0.1434333063949158 0.01234, 0.01082, 0.00741, 0.00671, 0.00654, 0.00671,
80	3	60	27.483202375177257	-0.730235323021619	1428.083451536455	-0.1434333063949158 0.01290, 0.01054, 0.00714, 0.00741, 0.00722, 0.00710,
80	4	60	27.483202375177257	-0.730235323021619	1428.083451536455	-0.1434333063949158 0.01301, 0.01044, 0.00660, 0.00681, 0.00697, 0.00663,
80	5	60	27.483202375177257	-0.730235323021619	1428.083451536455	-0.1434333063949158 0.01271, 0.01151, 0.00717, 0.00724, 0.00700, 0.00677,
80	6	60	27.483202375177257	-0.730235323021619	1428.083451536455	-0.1434333063949158 0.01293, 0.01069, 0.00632, 0.00657, 0.00730, 0.00711,
80	7	60	27.483202375177257	-0.730235323021619	1428.083451536455	-0.1434333063949158 0.01277, 0.01120, 0.00709, 0.00773, 0.00713, 0.00691,
80	8	60	27.483202375177257	-0.730235323021619	1428.083451536455	-0.1434333063949158 0.01302, 0.00997, 0.00627, 0.00646, 0.00666, 0.00688,

0	3	80	27.483202375177257	-0.730235323021619	1428.083451536455	-0.1434333063949158 0.01295, 0.01099, 0.00684, 0.00723, 0.00711, 0.00715,
0	4	80	27.483202375177257	-0.730235323021619	1428.083451536455	-0.1434333063949158 0.01310, 0.01064, 0.00665, 0.00661, 0.00673, 0.00673,
0	5	80	27.483202375177257	-0.730235323021619	1428.083451536455	-0.1434333063949158 0.01367, 0.01193, 0.00754, 0.00791, 0.00785, 0.00711,
0	6	80	27.483202375177257	-0.730235323021619	1428.083451536455	-0.1434333063949158 0.01254, 0.01066, 0.00732, 0.00887, 0.00807, 0.00770,
0	7	80	27.483202375177257	-0.730235323021619	1428.083451536455	-0.1434333063949158 0.01299, 0.01154, 0.00762, 0.00749, 0.00728, 0.00766,
0	8	80	27.483202375177257	-0.730235323021619	1428.083451536455	-0.1434333063949158 0.01275, 0.01092, 0.00726, 0.00782, 0.00706, 0.00705,
20	3	80	27.483202375177257	-0.730235323021619	1428.083451536455	-0.1434333063949158 0.01258, 0.01094, 0.00715, 0.00750, 0.00737, 0.00681,
20	4	80	27.483202375177257	-0.730235323021619	1428.083451536455	-0.1434333063949158 0.01263, 0.01117, 0.00747, 0.00724, 0.00696, 0.00645,
20	5	80	27.483202375177257	-0.730235323021619	1428.083451536455	-0.1434333063949158 0.01256, 0.01072, 0.00680, 0.00676, 0.00668, 0.00648,
20	6	80	27.483202375177257	-0.730235323021619	1428.083451536455	-0.1434333063949158 0.01333, 0.01202, 0.00667, 0.00711, 0.00694, 0.00654,
20	7	80	27.483202375177257	-0.730235323021619	1428.083451536455	-0.1434333063949158 0.01268, 0.01051, 0.00636, 0.00655, 0.00684, 0.00706,
20	8	80	27.483202375177257	-0.730235323021619	1428.083451536455	-0.1434333063949158 0.01244, 0.01078, 0.00746, 0.00738, 0.00684, 0.00658,
40	3	80	27.483202375177257	-0.730235323021619	1428.083451536455	-0.1434333063949158 0.01291, 0.01066, 0.00626, 0.00626, 0.00641, 0.00639,
40	4	80	27.483202375177257	-0.730235323021619	1428.083451536455	-0.1434333063949158 0.01298, 0.01055, 0.00680, 0.00660, 0.00637, 0.00639,
40	5	80	27.483202375177257	-0.730235323021619	1428.083451536455	-0.1434333063949158 0.01207, 0.01069, 0.00724, 0.00635, 0.00622, 0.00649,
40	6	80	27.483202375177257	-0.730235323021619	1428.083451536455	-0.1434333063949158 0.01246, 0.01000, 0.00641, 0.00684, 0.00719, 0.00697,
40	7	80	27.483202375177257	-0.730235323021619	1428.083451536455	-0.1434333063949158 0.01278, 0.01094, 0.00690, 0.00725, 0.00781, 0.00753,
40	8	80	27.483202375177257	-0.730235323021619	1428.083451536455	-0.1434333063949158 0.01315, 0.01016, 0.00658, 0.00662, 0.00693, 0.00656,
60	3	80	27.483202375177257	-0.730235323021619	1428.083451536455	-0.1434333063949158 0.01290, 0.01051, 0.00672, 0.00655, 0.00666, 0.00636,
60	4	80	27.483202375177257	-0.730235323021619	1428.083451536455	-0.1434333063949158 0.01441, 0.01118, 0.00662, 0.00691, 0.00636, 0.00624,
60	5	80	27.483202375177257	-0.730235323021619	1428.083451536455	-0.1434333063949158 0.01300, 0.01075, 0.00694, 0.00668, 0.00673, 0.00653,
60	6	80	27.483202375177257	-0.730235323021619	1428.083451536455	-0.1434333063949158 0.01294, 0.01047, 0.00740, 0.00679, 0.00637, 0.00638,
60	7	80	27.483202375177257	-0.730235323021619	1428.083451536455	-0.1434333063949158 0.01225, 0.00986, 0.00621, 0.00731, 0.00696, 0.00678,
60	8	80	27.483202375177257	-0.730235323021619	1428.083451536455	-0.1434333063949158 0.01267, 0.01041, 0.00667, 0.00699, 0.00672, 0.00654,
80	3	80	27.483202375177257	-0.730235323021619	1428.083451536455	-0.1434333063949158 0.01274, 0.01025, 0.00666, 0.00673, 0.00652, 0.00667,
80	4	80	27.483202375177257	-0.730235323021619	1428.083451536455	-0.1434333063949158 0.01136, 0.01000, 0.00669, 0.00661, 0.00667, 0.00658,
80	5	80	27.483202375177257	-0.730235323021619	1428.083451536455	-0.1434333063949158 0.01239, 0.00998, 0.00632, 0.00700, 0.00668, 0.00691,
80	6	80	27.483202375177257	-0.730235323021619	1428.083451536455	-0.1434333063949158 0.01246, 0.01099, 0.00689, 0.00726, 0.00745, 0.00728,
80	7	80	27.483202375177257	-0.730235323021619	1428.083451536455	-0.1434333063949158 0.01225, 0.01065, 0.00658, 0.00685, 0.00656, 0.00639,
80	8	80	27.483202375177257	-0.730235323021619	1428.083451536455	-0.1434333063949158 0.01383, 0.01041, 0.00649, 0.00660, 0.00684, 0.00679,
0	3	80	27.483202375177257	-0.730235323021619	1428.083451536455	-0.1434333063949158 0.01158, 0.00999, 0.00682, 0.00682, 0.00667, 0.00673,
0	4	80	27.483202375177257	-0.730235323021619	1428.083451536455	-0.1434333063949158 0.01178, 0.00944, 0.00629, 0.00657, 0.00650, 0.00661,
0	5	80	27.483202375177257	-0.730235323021619	1428.083451536455	-0.1434333063949158 0.01322, 0.01091, 0.00714, 0.00732, 0.00737, 0.00689,
0	6	80	27.483202375177257	-0.730235323021619	1428.083451536455	-0.1434333063949158 0.01134, 0.00974, 0.00624, 0.00650, 0.00670, 0.00651,
0	7	80	27.483202375177257	-0.730235323021619	1428.083451536455	-0.1434333063949158 0.01293, 0.01061, 0.00665, 0.00700, 0.00720, 0.00692,
0	8	80	27.483202375177257	-0.730235323021619	1428.083451536455	-0.1434333063949158 0.01352, 0.01033, 0.00659, 0.00707, 0.00755, 0.00708,
20	3	80	27.483202375177257	-0.730235323021619	1428.083451536455	-0.1434333063949158 0.01184, 0.01023, 0.00664, 0.00672, 0.00691, 0.00693,
20	4	80	27.483202375177257	-0.730235323021619	1428.083451536455	-0.1434333063949158 0.01227, 0.01089, 0.00700, 0.00735, 0.00711, 0.00646,
20	5	80	27.483202375177257	-0.730235323021619	1428.083451536455	-0.1434333063949158 0.01337, 0.01153, 0.00707, 0.00750, 0.00740, 0.00684,
20	6	80	27.483202375177257	-0.730235323021619	1428.083451536455	-0.1434333063949158 0.01124, 0.01074, 0.00720, 0.00682, 0.00671, 0.00625,
20	7	80	27.483202375177257	-0.730235323021619	1428.083451536455	-0.1434333063949158 0.01199, 0.01041, 0.00647, 0.00661, 0.00666, 0.00731,
20	8	80	27.483202375177257	-0.730235323021619	1428.083451536455	-0.1434333063949158 0.01273, 0.01076, 0.00699, 0.00676, 0.00701, 0.00680,
40	3	80	27.483202375177257	-0.730235323021619	1428.083451536455	-0.1434333063949158 0.01195, 0.00945, 0.00625, 0.00627, 0.00657, 0.00696,
40	4	80	27.483202375177257	-0.730235323021619	1428.083451536455	-0.1434333063949158 0.01171, 0.00931, 0.00616, 0.00656, 0.00685, 0.00634,
40	5	80	27.483202375177257	-0.730235323021619	1428.083451536455	-0.1434333063949158 0.01172, 0.01025, 0.00647, 0.00651, 0.00714, 0.00704,
40	6	80	27.483202375177257	-0.730235323021619	1428.083451536455	-0.1434333063949158 0.01201, 0.01038, 0.00674, 0.00707, 0.00714, 0.00743,
40	7	80	27.483202375177257	-0.730235323021619	1428.083451536455	-0.1434333063949158 0.01262, 0.01056, 0.00671, 0.00700, 0.00719, 0.00676,
40	8	80	27.483202375177257	-0.730235323021619	1428.083451536455	-0.1434333063949158 0.01304, 0.01078, 0.00658, 0.00708, 0.00661, 0.00652,
60	3	80	27.483202375177257	-0.730235323021619	1428.083451536455	-0.1434333063949158 0.01152, 0.00981, 0.00662, 0.00658, 0.00618, 0.00619,
60	4	80	27.483202375177257	-0.730235323021619	1428.083451536455	-0.1434333063949158 0.01147, 0.00999, 0.00676, 0.00674, 0.00661, 0.00619,
60	5	80	27.483202375177257	-0.730235323021619	1428.083451536455	-0.1434333063949158 0.01153, 0.00983, 0.00680, 0.00676, 0.00667, 0.00755,
60	6	80	27.483202375177257	-0.730235323021619	1428.083451536455	-0.1434333063949158 0.01189, 0.01026, 0.00699, 0.00700, 0.00692, 0.00673,
60	7	80	27.483202375177257	-0.730235323021619	1428.083451536455	-0.1434333063949158 0.01176, 0.00911, 0.00603, 0.00616, 0.00688, 0.00688,
60	8	80	27.483202375177257	-0.730235323021619	1428.083451536455	-0.1434333063949158 0.01408, 0.01215, 0.00817, 0.00744, 0.00783, 0.00757,
80	3	80	27.483202375177257	-0.730235323021619	1428.083451536455	-0.1434333063949158 0.01138, 0.01036, 0.00699, 0.00704, 0.00627, 0.00643,
80	4	80	27.483202375177257	-0.730235323021619	1428.083451536455	-0.1434333063949158 0.01120, 0.00999, 0.00683, 0.00691, 0.00626, 0.00633,
80	5	80	27.483202375177257	-0.730235323021619	1428.083451536455	-0.1434333063949158 0.01213, 0.01036, 0.00647, 0.00638, 0.00670, 0.00678,
80	6	80	27.483202375177257	-0.730235323021619	1428.083451536455	-0.1434333063949158 0.01261, 0.01054, 0.00646, 0.00652, 0.00654, 0.00623,
80	7	80	27.483202375177257	-0.730235323021619	1428.083451536455	-0.1434333063949158 0.01323, 0.01092, 0.00702, 0.00647, 0.00637, 0.00636,
80	8	80	27.483202375177257	-0.730235323021619	1428.083451536455	-0.1434333063949158 0.01293, 0.01062, 0.00685, 0.00668, 0.00666, 0.00656,
0	3	80	27.483202375177257	-0.730235323021619	1428.083451536455	-0.1434333063949158 0.01349, 0.01144, 0.00731, 0.00803, 0.00767, 0.00859,
0	4	80	27.483202375177257	-0.730235323021619	1428.083451536455	-0.1434333063949158 0.01269, 0.01106, 0.00683, 0.00709, 0.00766, 0.00690,
0	5	80	27.483202375177257	-0.730235323021619	1428.083451536455	-0.1434333063949158 0.01243, 0.01051, 0.00694, 0.00702, 0.00668, 0.00645,
0	6	80	27.483202375177257	-0.730235323021619	1428.083451536455	-0.1434333063949158 0.01381, 0.01123, 0.00725, 0.00725, 0.00715, 0.00722,
0	7	80	27.483202375177257	-0.730235323021619	1428.083451536455	-0.1434333063949158 0.01256, 0.01081, 0.00719, 0.00694, 0.00690, 0.00639,
0	8	80	27.483202375177257	-0.730235323021619	1428.083451536455	-0.1434333063949158 0.01264, 0.01092, 0.00666, 0.00672, 0.00712, 0.00688,
20	3	80	27.483202375177257	-0.730235323021619	1428.083451536455	-0.1434333063949158 0.01252, 0.01042, 0.00690, 0.00671, 0.00623, 0.00645,
20	4	80	27.483202375177257	-0.730235323021619	1428.083451536455	-0.1434333063949158 0.01302, 0.01097, 0.00718, 0.00699, 0.00669, 0.00672,
20	5	80	27.483202375177257	-0.730235323021619	1428.083451536455	-0.1434333063949158 0.01385, 0.01073, 0.00686, 0.00690, 0.00687, 0.00693,
20	6	80	27.483202375177257	-0.730235323021619	1428.083451536455	-0.1434333063949158 0.01343, 0.01033, 0.00661, 0.00677, 0.00671, 0.00632,
20	7	80	27.483202375177257	-0.730235323021619	1428.083451536455	-0.1434333063949158 0.01263, 0.01100, 0.00695, 0.00725, 0.00764, 0.00739,
20	8	80	27.483202375177257	-0.730235323021619	1428.083451536455	-0.1434333063949158 0.01380, 0.01063, 0.00660, 0.00691, 0.00673, 0.00688,
40	3	80	27.483202375177257	-0.730235323021619	1428.083451536455	-0.1434333063949158 0.01248, 0.01035, 0.00651, 0.00717, 0.00692, 0.00689,
40	4	80	27.483202375177257	-0.730235323021619	1428.083451536455	-0.1434333063949158 0.01201, 0.01067, 0.00676, 0.00680, 0.00714, 0.00662,
40	5	80	27.483202375177257	-0.730235323021619	1428.083451536455	-0.1434333063949158 0.01582, 0.01231, 0.00866, 0.00841, 0.01410, 0.01003,
40	6	80	27.483202375177257	-0.730235323021619	1428.083451536455	-0.1434333063949158 0.01169, 0.00997, 0.00636, 0.00731, 0.00658, 0.00639,
40	7	80	27.483202375177257	-0.730235323021619	1428.083451536455	-0.1434333063949158 0.01182, 0.00949, 0.00614, 0.00677, 0.00674, 0.00688,
40	8	80	27.483202375177257	-0.730235323021619	1428.083451536455	-0.1434333063949158 0.01161, 0.00928, 0.00631, 0.00661, 0.00650, 0.00673,
60	3	80	27.483202375177257	-0.730235323021619	1428.083451536455	-0.1434333063949158 0.01216, 0.01080, 0.00702, 0.00679, 0.00644, 0.00653,
60	4	80	27.483202375177257	-0.730235323021619	1428.083451536455	-0.1434333063949158 0.01131, 0.01040, 0.00684, 0.00647, 0.00635, 0.00637,
60	5	80	27.483202375177257	-0.730235323021619	1428.083451536455	-0.1434333063949158 0.01135, 0.00991, 0.00690, 0.00621, 0.00612, 0.00651,
60	6	80	27.483202375177257	-0.730235323021619	1428.083451536455	-0.1434333063949158 0.01153, 0.00989, 0.00690, 0.00701, 0.00705, 0.00712,
60	7	80	27.483202375177257	-0.730235323021619	1428.083451536455	-0.1434333063949158 0.01271, 0.01037, 0.00656, 0.00693, 0.00721, 0.00731,
60	8	80	27.483202375177257	-0.730235323021619	1428.083451536455	-0.1434333063949158 0.01278, 0.01019, 0.00653, 0.00654, 0.00662, 0.00666,
80	3	80	27.483202375177257	-0.730235323021619	1428.083451536455	-0.1434333063949158 0.01281, 0.01073, 0.00686, 0.00746, 0.00690, 0.00691,
80	4	80	27.483202375177257	-0.730235323021619	1428.083451536455	-0.1434333063949158 0.01252, 0.01103, 0.00739, 0.00744, 0.00731, 0.00736,
80	5	80	27.483202375177257	-0.730235323021619	1428.083451536455	-0.1434333063949158 0.01169, 0.01078, 0.00716, 0.00735, 0.00671, 0.00728,
80	6	80	27.483202375177257	-0.730235323021619	1428.083451536455	-0.1434333063949158 0.01208, 0.01041, 0.00667, 0.00704, 0.00697, 0.00875,
80	7	80	27.483202375177257	-0.730235323021619	1428.083451536455	-0.1434333063949158 0.01301, 0.01051, 0.00655, 0.00651, 0.00652, 0.00645,
80	8	80	27.483202375177257	-0.730235323021619	1428.083451536455	-0.1434333063949158 0.01298, 0.01094, 0.00755, 0.00742, 0.00766, 0.00747,
0	3	80	27.483202375177257	-0.730235323021619	1428.083451536455	-0.1434333063949158 0.01285, 0.01222, 0.00734, 0.00732, 0.00744, 0.00720,
0	4	80	27.483202375177257	-0.730235323021619	1428.083451536455	-0.1434333063949158 0.01260, 0.01174, 0.00699, 0.00722, 0.00722, 0.00715,
0	5	80	27.483202375177257	-0.730235323021619	1428.083451536455	-0.1434333063949158 0.01265, 0.01132, 0.00742, 0.00740, 0.00747, 0.00743,
0	6	80	27.483202375177257	-0.730235323021619	1428.083451536455	-0.1434333063949158 0.01281, 0.01050, 0.00665, 0.00670, 0.00651, 0.00635,
0	7	80	27.483202375177257	-0.730235323021619	1428.083451536455	-0.1434333063949158 0.01404, 0.01109, 0.00718, 0.00704, 0.00676, 0.00654,
0	8	80	27.483202375177257	-0.730235323021619	1428.083451536455	-0.1434333063949158 0.01189, 0.01036, 0.00705, 0.00702, 0.00674, 0.00667,
20	3	80	27.483202375177257	-0.730235323021619	1428.083451536455	-0.1434333063949158 0.01237, 0.01000, 0.00650, 0.00668, 0.00683, 0.00713,
20	4	80	27.483202375177257	-0.730235323021619	1428.083451536455	-0.1434333063949158 0.01153, 0.00938, 0.00620, 0.00639, 0.00640, 0.00667,
20	5	80	27.483202375177257	-0.730235323021619	1428.083451536455	-0.1434333063949158 0.01257, 0.00965, 0.00626, 0.00640, 0.00659, 0.00684,
20	6	80	27.483202375177257	-0.730235323021619	1428.083451536455	-0.1434333063949158 0.01273, 0.01033, 0.00665, 0.00708, 0.00685, 0.00664,
20	7	80	27.483202375177257	-0.730235323021619	1428.083451536455	-0.1434333063949158 0.01263, 0.01055, 0.00672, 0.00676, 0.00660, 0.00654,
20	8	80	27.483202375177257	-0.730235323021619	1428.083451536455	-0.1434333063949158 0.01157, 0.00936, 0.00584, 0.00619, 0.00657, 0.00658,
40	3	80	27.483202375177257	-0.730235323021619	1428.083451536455	-0.1434333063949158 0.01144, 0.00941, 0.00635, 0.00669, 0.00650, 0.00643,
40	4	80	27.483202375177257	-0.730235323021619	1428.083451536455	-0.1434333063949158 0.01161, 0.01057, 0.00650, 0.00645, 0.00654, 0.00659,
40	5	80	27.483202375177257	-0.730235323021619	1428.083451536455	-0.1434333063949158 0.01258, 0.01025, 0.00637, 0.00678, 0.00687, 0.00682,
40	6	80	27.483202375177257	-0.730235323021619	1428.083451536455	-0.1434333063949158 0.01389, 0.01063, 0.00651, 0.00787, 0.00761, 0.00668,
40	7	80	27.483202375177257	-0.730235323021619	1428.083451536455	-0.1434333063949158 0.01338, 0.01050, 0.00664, 0.00655, 0.00659, 0.00646,
40	8	80	27.483202375177257	-0.730235323021619	1428.083451536455	-0.1434333063949158 0.01285, 0.01029, 0.00665, 0.00684, 0.00669, 0.00653,
60	3	80	27.483202375177257	-0.730235323021619	1428.083451536455	-0.1434333063949158 0.01269, 0.01090, 0.00720, 0.00710, 0.00648, 0.00643,
60	4	80	27.483202375177257	-0.730235323021619	1428.083451536455	-0.1434333063949158 0.01283, 0.01119, 0.00749, 0.00745, 0.00729, 0.00719,
60	5	80	27.483202375177257	-0.730235323021619	1428.083451536455	-0.1434333063949158 0.01304, 0.01154, 0.00717, 0.00753, 0.00760, 0.00750,
60	6	80	27.483202375177257	-0.730235323021619	1428.083451536455	-0.1434333063949158 0.01254, 0.01077, 0.00705, 0.00695, 0.00646, 0.00646,
60	7	80	27.483202375177257	-0.730235323021619	1428.083451536455	-0.1434333063949158 0.01284, 0.00998, 0.00652, 0.00662, 0.00632, 0.00626,
60	8	80	27.483202375177257	-0.730235323021619	1428.083451536455	-0.1434333063949158 0.01328, 0.01106, 0.00734, 0.00732, 0.00707, 0.00656,
80	3	80	27.483202375177257	-0.730235323021619	1428.083451536455	-0.1434333063949158 0.01269, 0.01080, 0.00707, 0.00752, 0.00707, 0.00662,
80	4	80	27.483202375177257	-0.730235323021619	1428.083451536455	-0.1434333063949158 0.01234, 0.01030, 0.00663, 0.00637, 0.00647, 0.00658,
80	5	80	27.483202375177257	-0.730235323021619	1428.083451536455	-0.1434333063949158 0.01133, 0.01047, 0.00673, 0.00678, 0.00677, 0.00677,
80	6	80	27.483202375177257	-0.730235323021619	1428.083451536455	-0.1434333063949158 0.01143, 0.01036, 0.00750, 0.00710, 0.00696, 0.00713,
80	7	80	27.483202375177257	-0.730235323021619	1428.083451536455	-0.1434333063949158 0.01213, 0.00963, 0.00619, 0.00714, 0.00730, 0.00724,
80	8	80	27.483202375177257	-0.730235323021619	1428.083451536455	-0.1434333063949158 0.01269, 0.01041, 0.00649, 0.00656, 0.00652, 0.00656,
0	3	80	27.483202375177257	-0.730235323021619	1428.083451536455	-0.1434333063949158 0.01191, 0.00961, 0.00630, 0.00682, 0.00711, 0.00734,
0	4	80	27.483202375177257	-0.730235323021619	1428.083451536455	-0.1434333063949158 0.01173, 0.00966, 0.00635, 0.00693, 0.00671, 0.00654,
0	5	80	27.483202375177257	-0.730235323021619	1428.083451536455	-0.1434333063949158 0.01166, 0.00972, 0.00610, 0.00660, 0.00682, 0.00666,
0	6	80	27.483202375177257	-0.730235323021619	1428.083451536455	-0.1434333063949158 0.01220, 0.01103, 0.00717, 0.00694, 0.00664, 0.00688,
0	7	80	27.483202375177257	-0.730235323021619	1428.083451536455	-0.1434333063949158 0.01266, 0.01085, 0.00679, 0.00728, 0.00683, 0.00658,
0	8	80	27.483202375177257	-0.730235323021619	1428.083451536455	-0.1434333063949158 0.01328, 0.01156, 0.00735, 0.00685, 0.00658, 0.00634,
20	3	80	27.483202375177257	-0.730235323021619	1428.083451536455	-0.1434333063949158 0.01323, 0.01101, 0.00750, 0.00683, 0.00641, 0.00672,
20	4	80	27.483202375177257	-0.730235323021619	1428.083451536455	-0.1434333063949158 0.01281, 0.01105, 0.00697, 0.00721, 0.00697, 0.00733,
20	5	80	27.483202375177257	-0.730235323021619	1428.083451536455	-0.1434333063949158 0.01269, 0.01005, 0.00623, 0.00640, 0.00654, 0.00680,
20	6	80	27.483202375177257	-0.730235323021619	1428.083451536455	-0.1434333063949158 0.01332, 0.01092, 0.00714, 0.00651, 0.00644, 0.00632,
20	7	80	27.483202375177257	-0.730235323021619	1428.083451536455	-0.1434333063949158 0.01367, 0.01221, 0.00709, 0.00715, 0.00709, 0.00680,
20	8	80	27.483202375177257	-0.730235323021619	1428.083451536455	-0.1434333063949158 0.01320, 0.01166, 0.00696, 0.00751, 0.00768, 0.00800,
40	3	80	27.483202375177257	-0.730235323021619	1428.083451536455	-0.1434333063949158 0.01286, 0.01027, 0.00622, 0.00669, 0.00692, 0.00693,
40	4	80	27.483202375177257	-0.730235323021619	1428.083451536455	-0.1434333063949158 0.01289, 0.01062, 0.00664, 0.00679, 0.00662, 0.00664,
40	5	80	27.483202375177257	-0.730235323021619	1428.083451536455	-0.1434333063949158 0.01250, 0.01067, 0.00692, 0.00657, 0.00669, 0.00664,
40	6	80	27.483202375177257	-0.730235323021619	1428.083451536455	-0.1434333063949158 0.01290, 0.01036, 0.00649, 0.00647, 0.00655, 0.00637,
40	7	80	27.483202375177257	-0.730235323021619	1428.083451536455	-0.1434333063949158 0.01274, 0.01096, 0.00655, 0.00679, 0.00670, 0.00656,
40	8	80	27.483202375177257	-0.730235323021619	1428.083451536455	-0.1434333063949158 0.01239, 0.00998, 0.00624, 0.00630, 0.00628, 0.00641,
60	3	80	27.483202375177257	-0.730235323021619	1428.083451536455	-0.1434333063949158 0.01155, 0.00909, 0.00572, 0.00641, 0.00708, 0.00702,
60	4	80	27.483202375177257	-0.730235323021619	1428.083451536455	-0.1434333063949158 0.01154, 0.01008, 0.00669, 0.00672, 0.00668, 0.00636,
60	5	80	27.483202375177257	-0.730235323021619	1428.083451536455	-0.1434333063949158 0.01145, 0.00988, 0.00664, 0.00645, 0.00668, 0.00624,
60	6	80	27.483202375177257	-0.730235323021619	1428.083451536455	-0.1434333063949158 0.01230, 0.01002, 0.00693, 0.00677, 0.00681, 0.00659,
60	7	80	27.483202375177257	-0.730235323021619	1428.083451536455	-0.1434333063949158 0.01173, 0.01020, 0.00645, 0.00656, 0.00631, 0.00677,
60	8	80	27.483202375177257	-0.730235323021619	1428.083451536455	-0.1434333063949158 0.01219, 0.01012, 0.00643, 0.00675, 0.00665, 0.00698,
80	3	80	27.483202375177257	-0.730235323021619	1428.083451536455	-0.1434333063949158 0.01127, 0.00987, 0.00689, 0.00662, 0.00662, 0.00667,
80	4	80	27.483202375177257	-0.730235323021619	1428.083451536455	-0.1434333063949158 0.01155, 0.01032, 0.00714, 0.00712, 0.00639, 0.00634,
80	5	80	27.483202375177257	-0.730235323021619	1428.083451536455	-0.1434333063949158 0.01293, 0.01134, 0.00662, 0.00682, 0.00676, 0.00699,
80	6	80	27.483202375177257	-0.730235323021619	1428.083451536455	-0.1434333063949158 0.01267, 0.01097, 0.00701, 0.00669, 0.00681, 0.00681,
80	7	80	27.483202375177257	-0.730235323021619	1428.083451536455	-0.1434333063949158 0.01269, 0.00970, 0.00628, 0.00727, 0.00667, 0.00649,
80	8	80	27.483202375177257	-0.730235323021619	1428.083451536455	-0.1434333063949158 0.01315, 0.01064, 0.00698, 0.00678, 0.00670, 0.00686,
0	3	80	27.483202375177257	-0.730235323021619	1428.083451536455	-0.1434333063949158 0.01239, 0.01054, 0.00699, 0.00715, 0.00736, 0.00703,
0	4	80	27.483202375177257	-0.730235323021619	1428.083451536455	-0.1434333063949158 0.01288, 0.01083, 0.00724, 0.00665, 0.00653, 0.00631,
0	5	80	27.483202375177257	-0.730235323021619	1428.083451536455	-0.1434333063949158 0.01274, 0.01089, 0.00658, 0.00640, 0.00641, 0.00644,
0	6	80	27.483202375177257	-0.730235323021619	1428.083451536455	-0.1434333063949158 0.01274, 0.01122, 0.00657, 0.00669, 0.00719, 0.00784,
0	7	80	27.483202375177257	-0.730235323021619	1428.083451536455	-0.1434333063949158 0.01207, 0.01182, 0.00732, 0.00757, 0.00757, 0.00768,
0	8	80	27.483202375177257	-0.730235323021619	1428.083451536455	-0.1434333063949158 0.01317, 0.01055, 0.00655, 0.00677, 0.00719, 0.00703,
20	3	80	27.483202375177257	-0.730235323021619	1428.083451536455	-0.1434333063949158 0.01319, 0.01027, 0.00642, 0.00662, 0.00650, 0.00646,
20	4	80	27.483202375177257	-0.730235323021619	1428.083451536455	-0.1434333063949158 0.01174, 0.01168, 0.00681, 0.00695, 0.00692, 0.00666,
20	5	80	27.483202375177257	-0.730235323021619	1428.083451536455	-0.1434333063949158 0.01289, 0.00971, 0.00702, 0.00696, 0.00672, 0.00736,
20	6	80	27.483202375177257	-0.730235323021619	1428.083451536455	-0.1434333063949158 0.01275, 0.01048, 0.00674, 0.00721, 0.00771, 0.00789,
20	7	80	27.483202375177257	-0.730235323021619	1428.083451536455	-0.1434333063949158 0.01210, 0.01045, 0.00674, 0.00694, 0.00695, 0.00670,
20	8	80	27.483202375177257	-0.730235323021619	1428.083451536455	-0.1434333063949158 0.01212, 0.01013, 0.00656, 0.00705, 0.00698, 0.00664,
40	3	80	27.483202375177257	-0.730235323021619	1428.083451536455	-0.1434333063949158 0.01167, 0.00991, 0.00685, 0.00702, 0.00665, 0.00652,
40	4	80	27.483202375177257	-0.730235323021619	1428.083451536455	-0.1434333063949158 0.01210, 0.00938, 0.00636, 0.00701, 0.00703, 0.00676,
40	5	80	27.483202375177257	-0.730235323021619	1428.083451536455	-0.1434333063949158 0.01206, 0.01108, 0.00679, 0.00700, 0.00665, 0.00662,
40	6	80	27.483202375177257	-0.730235323021619	1428.083451536455	-0.1434333063949158 0.01245, 0.01006, 0.00616, 0.00636, 0.00632, 0.00650,
40	7	80	27.483202375177257	-0.730235323021619	1428.083451536455	-0.1434333063949158 0.01251, 0.01077, 0.00688, 0.00615, 0.00630, 0.00641,
40	8	80	27.483202375177257	-0.730235323021619	1428.083451536455	-0.1434333063949158 0.01257, 0.01093, 0.00694, 0.00728, 0.00751, 0.00687,
60	3	80	27.483202375177257	-0.730235323021619	1428.083451536455	-0.1434333063949158 0.01260, 0.01075, 0.00729, 0.00697, 0.00633, 0.00650,
60	4	80	27.483202375177257	-0.730235323021619	1428.083451536455	-0.1434333063949158 0.01273, 0.01092, 0.00758, 0.00749, 0.00696, 0.00640,
60	5	80	27.483202375177257	-0.730235323021619	1428.083451536455	-0.1434333063949158 0.01360, 0.01152, 0.00680, 0.00676, 0.00679, 0.00652,
60	6	80	27.483202375177257	-0.730235323021619	1428.083451536455	-0.1434333063949158 0.01291, 0.01097, 0.00705, 0.00706, 0.00782, 0.00838,
60	7	80	27.483202375177257	-0.730235323021619	1428.083451536455	-0.1434333063949158 0.01301, 0.01080, 0.00700, 0.00754, 0.00743, 0.00754,
60	8	80	27.483202375177257	-0.730235323021619	1428.083451536455	-0.1434333063949158 0.01257, 0.01014, 0.00619, 0.00637, 0.00648, 0.00635,
80	3	80	27.483202375177257	-0.730235323021619	1428.083451536455	-0.1434333063949158 0.01238, 0.01056, 0.00728, 0.00661, 0.00630, 0.00629,
80	4	80	27.483202375177257	-0.730235323021619	1428.083451536455	-0.1434333063949158 0.01272, 0.01052, 0.00651, 0.00722, 0.00725, 0.00715,
80	5	80	27.483202375177257	-0.730235323021619	1428.083451536455	-0.1434333063949158 0.01319, 0.01115, 0.00646, 0.00686, 0.00685, 0.00708,
80	6	80	27.483202375177257	-0.730235323021619	1428.083451536455	-0.1434333063949158 0.01300, 0.01154, 0.00755, 0.00811, 0.00790, 0.00784,
80	7	80	27.483202375177257	-0.730235323021619	1428.083451536455	-0.1434333063949158 0.01168, 0.01017, 0.00696, 0.00825, 0.00872, 0.00765,
80	8	80	27.483202375177257	-0.730235323021619	1428.083451536455	-0.1434333063949158 0.01160, 0.00967, 0.00619, 0.00617, 0.00657, 0.00655,
0	3	80	27.483202375177257	-0.730235323021619	1428.083451536455	-0.1434333063949158 0.01141, 0.01037, 0.00713, 0.00671, 0.00646, 0.00640,
0	4	80	27.483202375177257	-0.730235323021619	1428.083451536455	-0.1434333063949158 0.01126, 0.00991, 0.00670, 0.00650, 0.00661, 0.00634,
0	5	80	27.483202375177257	-0.730235323021619	1428.083451536455	-0.1434333063949158 0.01256, 0.01062, 0.00649, 0.00653, 0.00659, 0.00691,
0	6	80	27.483202375177257	-0.730235323021619	1428.083451536455	-0.1434333063949158 0.01199, 0.01025, 0.00655, 0.00669, 0.00635, 0.00653,
0	7	80	27.483202375177257	-0.730235323021619	1428.083451536455	-0.1434333063949158 0.01114, 0.01010, 0.00664, 0.00653, 0.00663, 0.00673,
0	8	80	27.483202375177257	-0.730235323021619	1428.083451536455	-0.1434333063949158 0.01215, 0.01020, 0.00652, 0.00658, 0.00639, 0.00635,
20	3	80	27.483202375177257	-0.730235323021619	1428.083451536455	-0.1434333063949158 0.01196, 0.00948, 0.00633, 0.00650, 0.00675, 0.00671,
20	4	80	27.483202375177257	-0.730235323021619	1428.083451536455	-0.1434333063949158 0.01242, 0.01058, 0.00695, 0.00672, 0.00630, 0.00617,
20	5	80	27.483202375177257	-0.730235323021619	1428.083451536455	-0.1434333063949158 0.01283, 0.01020, 0.00655, 0.00765, 0.00704, 0.00643,
20	6	80	27.483202375177257	-0.730235323021619	1428.083451536455	-0.1434333063949158 0.01292, 0.01079, 0.00742, 0.00694, 0.00667, 0.00737,
20	7	80	27.483202375177257	-0.730235323021619	1428.083451536455	-0.1434333063949158 0.01296, 0.01138, 0.00676, 0.00693, 0.00675, 0.00681,
20	8	80	27.483202375177257	-0.730235323021619	1428.083451536455	-0.1434333063949158 0.01257, 0.01041, 0.00656, 0.00650, 0.00781, 0.00732,
40	3	80	27.483202375177257	-0.730235323021619	1428.083451536455	-0.1434333063949158 0.01347, 0.01106, 0.00734, 0.00818, 0.00952, 0.00963,
40	4	80	27.483202375177257	-0.730235323021619	1428.083451536455	-0.1434333063949158 0.01342, 0.01129, 0.00721, 0.00729, 0.00667, 0.00628,
40	5	80	27.483202375177257	-0.730235323021619	1428.083451536455	-0.1434333063949158 0.01414, 0.01093, 0.00731, 0.00725, 0.00707, 0.00708,
40	6	80	27.483202375177257	-0.730235323021619	1428.083451536455	-0.1434333063949158 0.01352, 0.01128, 0.00695, 0.00714, 0.00715, 0.00681,
40	7	80	27.483202375177257	-0.730235323021619	1428.083451536455	-0.1434333063949158 0.01389, 0.01207, 0.00739, 0.00808, 0.00783, 0.00750,
40	8	80	27.483202375177257	-0.730235323021619	1428.083451536455	-0.1434333063949158 0.01247, 0.01092, 0.00735, 0.00710, 0.00685, 0.00695,
60	3	80	27.483202375177257	-0.730235323021619	1428.083451536455	-0.1434333063949158 0.01246, 0.00996, 0.00737, 0.00711, 0.00690, 0.00682,
60	4	80	27.483202375177257	-0.730235323021619	1428.083451536455	-0.1434333063949158 0.01156, 0.00998, 0.00620, 0.00623, 0.00632, 0.00648,
60	5	80	27.483202375177257	-0.730235323021619	1428.083451536455	-0.1434333063949158 0.01185, 0.01000, 0.00712, 0.00756, 0.00677, 0.00731,
60	6	80	27.483202375177257	-0.730235323021619	1428.083451536455	-0.1434333063949158 0.01189, 0.00986, 0.00739, 0.00744, 0.00713, 0.00683,
60	7	80	27.483202375177257	-0.730235323021619	1428.083451536455	-0.1434333063949158 0.01187, 0.01007, 0.00626, 0.00627, 0.00605, 0.00626,
60	8	80	27.483202375177257	-0.730235323021619	1428.083451536455	-0.1434333063949158 0.01295, 0.01047, 0.00676, 0.00708, 0.00681, 0.00669,
80	3	80	27.483202375177257	-0.730235323021619	1428.083451536455	-0.1434333063949158 0.01299, 0.01076, 0.00660, 0.00740, 0.00706, 0.00747,
80	4	80	27.483202375177257	-0.730235323021619	1428.083451536455	-0.1434333063949158 0.01244, 0.01095, 0.00727, 0.00694, 0.00648, 0.00666,
80	5	80	27.483202375177257	-0.730235323021619	1428.083451536455	-0.1434333063949158 0.01280, 0.01104, 0.00679, 0.00731, 0.00691, 0.00671,
80	6	80	27.483202375177257	-0.730235323021619	1428.083451536455	-0.1434333063949158 0.01270, 0.01084, 0.00701, 0.00742, 0.00660, 0.00647,
80	7	80	27.483202375177257	-0.730235323021619	1428.083451536455	-0.1434333063949158 0.01313, 0.01024, 0.00670, 0.00678, 0.00712, 0.00764,
80	8	80	27.483202375177257	-0.730235323021619	1428.083451536455	-0.1434333063949158 0.01278, 0.01130, 0.00747, 0.00762, 0.00695, 0.00703,
0	3	80	27.483202375177257	-0.730235323021619	1428.083451536455	-0.1434333063949158 0.01412, 0.01072, 0.00677, 0.00701, 0.00697, 0.00641,
0	4	80	27.483202375177257	-0.730235323021619	1428.083451536455	-0.1434333063949158 0.01262, 0.01096, 0.00769, 0.00722, 0.00683, 0.00685,
0	5	80	27.483202375177257	-0.730235323021619	1428.083451536455	-0.1434333063949158 0.01301, 0.01171, 0.00769, 0.00780, 0.00792, 0.00762,
0	6	80	27.483202375177257	-0.730235323021619	1428.083451536455	-0.1434333063949158 0.01284, 0.00988, 0.00627, 0.00650, 0.00681, 0.00690,
0	7	80	27.483202375177257	-0.730235323021619	1428.083451536455	-0.1434333063949158 0.01182, 0.01034, 0.00681, 0.00707, 0.00722, 0.00725,
0	8	80	27.483202375177257	-0.730235323021619	1428.083451536455	-0.1434333063949158 0.01173, 0.00967, 0.00642, 0.00742, 0.00693, 0.00685,
20	3	80	27.483202375177257	-0.730235323021619	1428.083451536455	-0.1434333063949158 0.01159, 0.00980, 0.00663, 0.00730, 0.00719, 0.00729,
20	4	80	27.483202375177257	-0.730235323021619	1428.083451536455	-0.1434333063949158 0.01137, 0.00919, 0.00611, 0.00630, 0.00636, 0.00658,
20	5	80	27.483202375177257	-0.730235323021619	1428.083451536455	-0.1434333063949158 0.01221, 0.01181, 0.00699, 0.00710, 0.00785, 0.00742,
20	6	80	27.483202375177257	-0.730235323021619	1428.083451536455	-0.1434333063949158 0.01178, 0.01099, 0.00673, 0.00665, 0.00755, 0.00722,
20	7	80	27.483202375177257	-0.730235323021619	1428.083451536455	-0.1434333063949158 0.01154, 0.00961, 0.00583, 0.00621, 0.00650, 0.00652,
20	8	80	27.483202375177257	-0.730235323021619	1428.083451536455	-0.1434333063949158 0.01248, 0.01098, 0.00665, 0.00727, 0.00717, 0.00643,
40	3	80	27.483202375177257	-0.730235323021619	1428.083451536455	-0.1434333063949158 0.01360, 0.01112, 0.00741, 0.00715, 0.00657, 0.00655,
40	4	80	27.483202375177257	-0.730235323021619	1428.083451536455	-0.1434333063949158 0.01395, 0.01162, 0.00870, 0.00839, 0.00810, 0.00760,
40	5	80	27.483202375177257	-0.730235323021619	1428.083451536455	-0.1434333063949158 0.01365, 0.01054, 0.00667, 0.00674, 0.00694, 0.00684,
40	6	80	27.483202375177257	-0.730235323021619	1428.083451536455	-0.1434333063949158 0.01376, 0.01057, 0.00657, 0.00684, 0.00678, 0.00700,
40	7	80	27.483202375177257	-0.730235323021619	1428.083451536455	-0.1434333063949158 0.01467, 0.01256, 0.00816, 0.00860, 0.00797, 0.00742,
40	8	80	27.483202375177257	-0.730235323021619	1428.083451536455	-0.1434333063949158 0.01271, 0.01088, 0.00703, 0.00741, 0.00726, 0.00723,
60	3	80	27.483202375177257	-0.730235323021619	1428.083451536455	-0.1434333063949158 0.01236, 0.01126, 0.00740, 0.00753, 0.00730, 0.00676,
60	4	80	27.483202375177257	-0.730235323021619	1428.083451536455	-0.1434333063949158 0.01259, 0.01131, 0.00690, 0.00698, 0.00700, 0.00716,
60	5	80	27.483202375177257	-0.730235323021619	1428.083451536455	-0.1434333063949158 0.01360, 0.01181, 0.00768, 0.00729, 0.00676, 0.00656,
60	6	80	27.483202375177257	-0.730235323021619	1428.083451536455	-0.1434333063949158 0.01307, 0.01083, 0.00666, 0.00685, 0.00673, 0.00681,
60	7	80	27.483202375177257	-0.730235323021619	1428.083451536455	-0.1434333063949158 0.01274, 0.01045, 0.00699, 0.00718, 0.00701, 0.00667,
60	8	80	27.483202375177257	-0.730235323021619	1428.083451536455	-0.1434333063949158 0.01329, 0.01031, 0.00685, 0.00695, 0.00688, 0.00677,
80	3	80	27.483202375177257	-0.730235323021619	1428.083451536455	-0.1434333063949158 0.01301, 0.01046, 0.00623, 0.00667, 0.00677, 0.00667,
80	4	80	27.483202375177257	-0.730235323021619	1428.083451536455	-0.1434333063949158 0.01266, 0.01064, 0.00649, 0.00669, 0.00695, 0.00701,
80	5	80	27.483202375177257	-0.730235323021619	1428.083451536455	-0.1434333063949158 0.01269, 0.01097, 0.00669, 0.00707, 0.00722, 0.00669,
80	6	80	27.483202375177257	-0.730235323021619	1428.083451536455	-0.1434333063949158 0.01142, 0.01075, 0.00709, 0.00663, 0.00656, 0.00623,
80	7	80	27.483202375177257	-0.730235323021619	1428.083451536455	-0.1434333063949158 0.01259, 0.01086, 0.00743, 0.00829, 0.00627, 0.00625,
80	8	80	27.483202375177257	-0.730235323021619	1428.083451536455	-0.1434333063949158 0.01263, 0.01091, 0.00751, 0.00783, 0.00667, 0.00646,
0	3	80	27.483202375177257	-0.730235323021619	1428.083451536455	-0.1434333063949158 0.01277, 0.01020, 0.00684, 0.00705, 0.00642, 0.00642,
0	4	80	27.483202375177257	-0.730235323021619	1428.083451536455	-0.1434333063949158 0.01433, 0.01057, 0.00630, 0.00645, 0.00627, 0.00640,
0	5	80	27.483202375177257	-0.730235323021619	1428.083451536455	-0.1434333063949158 0.01232, 0.01050, 0.00647, 0.00652, 0.00654, 0.00617,
0	6	80	27.483202375177257	-0.730235323021619	1428.083451536455	-0.1434333063949158 0.01264, 0.01014, 0.00639, 0.00645, 0.00652, 0.00704,
0	7	80	27.483202375177257	-0.730235323021619	1428.083451536455	-0.1434333063949158 0.01170, 0.00985, 0.00649, 0.00652, 0.00676, 0.00668,
0	8	80	27.483202375177257	-0.730235323021619	1428.083451536455	-0.1434333063949158 0.01205, 0.00987, 0.00669, 0.00703, 0.00709, 0.00714,
20	3	80	27.483202375177257	-0.730235323021619	1428.083451536455	-0.1434333063949158 0.01185, 0.00939, 0.00634, 0.00681, 0.00704, 0.00716,
20	4	80	27.483202375177257	-0.730235323021619	1428.083451536455	-0.1434333063949158 0.01292, 0.01050, 0.00685, 0.00648, 0.00656, 0.00678,
20	5	80	27.483202375177257	-0.730235323021619	1428.083451536455	-0.1434333063949158 0.01280, 0.00988, 0.00608, 0.00643, 0.00634, 0.00647,
20	6	80	27.483202375177257	-0.730235323021619	1428.083451536455	-0.1434333063949158 0.01386, 0.01171, 0.00799, 0.00823, 0.00796, 0.00769,
20	7	80	27.483202375177257	-0.730235323021619	1428.083451536455	-0.1434333063949158 0.01242, 0.01045, 0.00626, 0.00716, 0.00659, 0.00641,
20	8	80	27.483202375177257	-0.730235323021619	1428.083451536455	-0.1434333063949158 0.01388, 0.01120, 0.00763, 0.00708, 0.00705, 0.00665,
40	3	80	27.483202375177257	-0.730235323021619	1428.083451536455	-0.1434333063949158 0.01386, 0.01054, 0.00663, 0.00676, 0.00682, 0.00677,
40	4	80	27.483202375177257	-0.730235323021619	1428.083451536455	-0.1434333063949158 0.01378, 0.01102, 0.00696, 0.00683, 0.00678, 0.00688,
40	5	80	27.483202375177257	-0.730235323021619	1428.083451536455	-0.1434333063949158 0.01292, 0.01053, 0.00658, 0.00671, 0.00668, 0.00686,
40	6	80	27.483202375177257	-0.730235323021619	1428.083451536455	-0.1434333063949158 0.01315, 0.01094, 0.00718, 0.00748, 0.00749, 0.00743,
40	7	80	27.483202375177257	-0.730235323021619	1428.083451536455	-0.1434333063949158 0.01329, 0.01107, 0.00683, 0.00691, 0.00712, 0.00682,
40	8	80	27.483202375177257	-0.730235323021619	1428.083451536455	-0.1434333063949158 0.01341, 0.01090, 0.00672, 0.00696, 0.00711, 0.00694,
60	3	80	27.483202375177257	-0.730235323021619	1428.083451536455	-0.1434333063949158 0.01304, 0.01020, 0.00674, 0.00686, 0.00691, 0.00687,
60	4	80	27.483202375177257	-0.730235323021619	1428.083451536455	-0.1434333063949158 0.01224, 0.01070, 0.00747, 0.00740, 0.00709, 0.00715,
60	5	80	27.483202375177257	-0.730235323021619	1428.083451536455	-0.1434333063949158 0.01218, 0.01017, 0.00667, 0.00649, 0.00634, 0.00624,
60	6	80	27.483202375177257	-0.730235323021619	1428.083451536455	-0.1434333063949158 0.01277, 0.01064, 0.00690, 0.00665, 0.00654, 0.00664,
60	7	80	27.483202375177257	-0.730235323021619	1428.083451536455	-0.1434333063949158 0.01246, 0.00967, 0.00619, 0.00667, 0.00675, 0.00678,
60	8	80	27.483202375177257	-0.730235323021619	1428.083451536455	-0.1434333063949158 0.01347, 0.01062, 0.00684, 0.00645, 0.00638, 0.00626,
80	3	80	27.483202375177257	-0.730235323021619	1428.083451536455	-0.1434333063949158 0.01162, 0.01052, 0.00688, 0.00728, 0.00706, 0.00694,
80	4	80	27.483202375177257	-0.730235323021619	1428.083451536455	-0.1434333063949158 0.01186, 0.00933, 0.00595, 0.00647, 0.00705, 0.00697,
80	5	80	27.483202375177257	-0.730235323021619	1428.083451536455	-0.1434333063949158 0.01195, 0.00969, 0.00686, 0.00693, 0.00665, 0.00645,
80	6	80	27.483202375177257	-0.730235323021619	1428.083451536455	-0.1434333063949158 0.01274, 0.01030, 0.00641, 0.00655, 0.00659, 0.00670,
80	7	80	27.483202375177257	-0.730235323021619	1428.083451536455	-0.1434333063949158 0.01167, 0.00994, 0.00642, 0.00658, 0.00638, 0.00631,
80	8	80	27.483202375177257	-0.730235323021619	1428.083451536455	-0.1434333063949158 0.01168, 0.01047, 0.00699, 0.00670, 0.00659, 0.00626,
0	3	80	27.483202375177257	-0.730235323021619	1428.083451536455	-0.1434333063949158 0.01210, 0.00997, 0.00664, 0.00660, 0.00665, 0.00725,
0	4	80	27.483202375177257	-0.730235323021619	1428.083451536455	-0.1434333063949158 0.01158, 0.00940, 0.00640, 0.00663, 0.00866, 0.00722,
0	5	80	27.483202375177257	-0.730235323021619	1428.083451536455	-0.1434333063949158 0.01154, 0.00984, 0.00669, 0.00665, 0.00663, 0.00648,
0	6	80	27.483202375177257	-0.730235323021619	1428.083451536455	-0.1434333063949158 0.01220, 0.00975, 0.00618, 0.00618, 0.00647, 0.00664,
0	7	80	27.483202375177257	-0.730235323021619	1428.083451536455	-0.1434333063949158 0.01219, 0.01085, 0.00796, 0.00739, 0.00707, 0.00644,
0	8	80	27.483202375177257	-0.730235323021619	1428.083451536455	-0.1434333063949158 0.01240, 0.01003, 0.00622, 0.00637, 0.00653, 0.00659,
20	3	80	27.483202375177257	-0.730235323021619	1428.083451536455	-0.1434333063949158 0.01308, 0.01066, 0.00818, 0.00751, 0.00705, 0.00729,
20	4	80	27.483202375177257	-0.730235323021619	1428.083451536455	-0.1434333063949158 0.01291, 0.01079, 0.00715, 0.00680, 0.00665, 0.00632,
20	5	80	27.483202375177257	-0.730235323021619	1428.083451536455	-0.1434333063949158 0.01296, 0.01079, 0.00739, 0.00753, 0.00732, 0.00759,
20	6	80	27.483202375177257	-0.730235323021619	1428.083451536455	-0.1434333063949158 0.01321, 0.01116, 0.00665, 0.00688, 0.00701, 0.00648,
20	7	80	27.483202375177257	-0.730235323021619	1428.083451536455	-0.1434333063949158 0.01283, 0.01089, 0.00701, 0.00740, 0.00676, 0.00655,
20	8	80	27.483202375177257	-0.730235323021619	1428.083451536455	-0.1434333063949158 0.01291, 0.01064, 0.00663, 0.00669, 0.00677, 0.00685,
40	3	80	27.483202375177257	-0.730235323021619	1428.083451536455	-0.1434333063949158 0.01316, 0.01073, 0.00684, 0.00676, 0.00682, 0.00692,
40	4	80	27.483202375177257	-0.730235323021619	1428.083451536455	-0.1434333063949158 0.01301, 0.01039, 0.00658, 0.00684, 0.00677, 0.00673,
40	5	80	27.483202375177257	-0.730235323021619	1428.083451536455	-0.1434333063949158 0.01223, 0.01096, 0.00743, 0.00766, 0.00700, 0.00686,
40	6	80	27.483202375177257	-0.730235323021619	1428.083451536455	-0.1434333063949158 0.01242, 0.01091, 0.00717, 0.00680, 0.00733, 0.00673,
40	7	80	27.483202375177257	-0.730235323021619	1428.083451536455	-0.1434333063949158 0.01299, 0.01028, 0.00682, 0.00682, 0.00663, 0.00645,
40	8	80	27.483202375177257	-0.730235323021619	1428.083451536455	-0.1434333063949158 0.01291, 0.01026, 0.00651, 0.00667, 0.00664, 0.00667,
60	3	80	27.483202375177257	-0.730235323021619	1428.083451536455	-0.1434333063949158 0.01259, 0.01080, 0.00859, 0.00808, 0.00794, 0.00759,
60	4	80	27.483202375177257	-0.730235323021619	1428.083451536455	-0.1434333063949158 0.01197, 0.01023, 0.00659, 0.00702, 0.00713, 0.00652,
60	5	80	27.483202375177257	-0.730235323021619	1428.083451536455	-0.1434333063949158 0.01165, 0.01095, 0.00700, 0.00745, 0.00732, 0.00706,
60	6	80	27.483202375177257	-0.730235323021619	1428.083451536455	-0.1434333063949158 0.01276, 0.01111, 0.00717, 0.00683, 0.00794, 0.00731,
60	7	80	27.483202375177257	-0.730235323021619	1428.083451536455	-0.1434333063949158 0.01200, 0.00978, 0.00634, 0.00661, 0.00662, 0.00671,
60	8	80	27.483202375177257	-0.730235323021619	1428.083451536455	-0.1434333063949158 0.01232, 0.01135, 0.00757, 0.00753, 0.00709, 0.00689,
80	3	80	27.483202375177257	-0.730235323021619	1428.083451536455	-0.1434333063949158 0.01147, 0.00948, 0.00639, 0.00690, 0.00709, 0.00741,
80	4	80	27.483202375177257	-0.730235323021619	1428.083451536455	-0.1434333063949158 0.01176, 0.00948, 0.00641, 0.00637, 0.00698, 0.00687,
80	5	80	27.483202375177257	-0.730235323021619	1428.083451536455	-0.1434333063949158 0.01161, 0.01015, 0.00632, 0.00624, 0.00630, 0.00649,
80	6	80	27.483202375177257	-0.730235323021619	1428.083451536455	-0.1434333063949158 0.01258, 0.01105, 0.00686, 0.00678, 0.00667, 0.00671,
80	7	80	27.483202375177257	-0.730235323021619	1428.083451536455	-0.1434333063949158 0.01224, 0.01049, 0.00697, 0.00647, 0.00621, 0.00624,
80	8	80	27.483202375177257	-0.730235323021619	1428.083451536455	-0.1434333063949158 0.01124, 0.01089, 0.00800, 0.00767, 0.00772, 0.00777,

0	3	100	27.483202375177257	-0.730235323021619	1428.083451536455	-0.1434333063949158 0.01416, 0.01200, 0.00796, 0.00845, 0.00765, 0.00812,
0	4	100	27.483202375177257	-0.730235323021619	1428.083451536455	-0.1434333063949158 0.01673, 0.01277, 0.00825, 0.00839, 0.00807, 0.00794,
0	5	100	27.483202375177257	-0.730235323021619	1428.083451536455	-0.1434333063949158 0.01445, 0.01242, 0.00740, 0.00761, 0.00720, 0.00730,
0	6	100	27.483202375177257	-0.730235323021619	1428.083451536455	-0.1434333063949158 0.01478, 0.01280, 0.00797, 0.00806, 0.00805, 0.00874,
0	7	100	27.483202375177257	-0.730235323021619	1428.083451536455	-0.1434333063949158 0.01477, 0.01307, 0.00814, 0.00798, 0.00801, 0.00846,
0	8	100	27.483202375177257	-0.730235323021619	1428.083451536455	-0.1434333063949158 0.01507, 0.01249, 0.00843, 0.00834, 0.00824, 0.00782,
20	3	100	27.483202375177257	-0.730235323021619	1428.083451536455	-0.1434333063949158 0.01457, 0.01212, 0.00753, 0.00764, 0.00773, 0.00782,
20	4	100	27.483202375177257	-0.730235323021619	1428.083451536455	-0.1434333063949158 0.01451, 0.01242, 0.00843, 0.00865, 0.00880, 0.00827,
20	5	100	27.483202375177257	-0.730235323021619	1428.083451536455	-0.1434333063949158 0.01444, 0.01238, 0.00791, 0.00810, 0.00816, 0.00778,
20	6	100	27.483202375177257	-0.730235323021619	1428.083451536455	-0.1434333063949158 0.01418, 0.01251, 0.00838, 0.00848, 0.00823, 0.00781,
20	7	100	27.483202375177257	-0.730235323021619	1428.083451536455	-0.1434333063949158 0.01454, 0.01210, 0.00718, 0.00767, 0.00781, 0.00743,
20	8	100	27.483202375177257	-0.730235323021619	1428.083451536455	-0.1434333063949158 0.01493, 0.01305, 0.00792, 0.00795, 0.00822, 0.00839,
40	3	100	27.483202375177257	-0.730235323021619	1428.083451536455	-0.1434333063949158 0.01487, 0.01210, 0.00753, 0.00776, 0.00785, 0.00811,
40	4	100	27.483202375177257	-0.730235323021619	1428.083451536455	-0.1434333063949158 0.01471, 0.01271, 0.00790, 0.00782, 0.00798, 0.00776,
40	5	100	27.483202375177257	-0.730235323021619	1428.083451536455	-0.1434333063949158 0.01495, 0.01249, 0.00802, 0.00828, 0.00815, 0.00879,
40	6	100	27.483202375177257	-0.730235323021619	1428.083451536455	-0.1434333063949158 0.01541, 0.01284, 0.00758, 0.00780, 0.00771, 0.00776,
40	7	100	27.483202375177257	-0.730235323021619	1428.083451536455	-0.1434333063949158 0.01490, 0.01224, 0.00875, 0.00829, 0.00817, 0.00802,
40	8	100	27.483202375177257	-0.730235323021619	1428.083451536455	-0.1434333063949158 0.01503, 0.01234, 0.00832, 0.00856, 0.00827, 0.00800,
60	3	100	27.483202375177257	-0.730235323021619	1428.083451536455	-0.1434333063949158 0.01513, 0.01196, 0.00758, 0.00770, 0.00783, 0.00807,
60	4	100	27.483202375177257	-0.730235323021619	1428.083451536455	-0.1434333063949158 0.01653, 0.01267, 0.00804, 0.00805, 0.00779, 0.00825,
60	5	100	27.483202375177257	-0.730235323021619	1428.083451536455	-0.1434333063949158 0.01480, 0.01350, 0.00832, 0.00840, 0.00795, 0.00764,
60	6	100	27.483202375177257	-0.730235323021619	1428.083451536455	-0.1434333063949158 0.01458, 0.01252, 0.00769, 0.00778, 0.00809, 0.00838,
60	7	100	27.483202375177257	-0.730235323021619	1428.083451536455	-0.1434333063949158 0.01542, 0.01303, 0.00800, 0.00796, 0.00826, 0.00856,
60	8	100	27.483202375177257	-0.730235323021619	1428.083451536455	-0.1434333063949158 0.01448, 0.01246, 0.00760, 0.00777, 0.00778, 0.00790,
80	3	100	27.483202375177257	-0.730235323021619	1428.083451536455	-0.1434333063949158 0.01624, 0.01289, 0.00842, 0.00834, 0.00802, 0.00797,
80	4	100	27.483202375177257	-0.730235323021619	1428.083451536455	-0.1434333063949158 0.01581, 0.01233, 0.00770, 0.00790, 0.00796, 0.00834,
80	5	100	27.483202375177257	-0.730235323021619	1428.083451536455	-0.1434333063949158 0.01556, 0.01307, 0.00789, 0.00809, 0.00763, 0.00752,
80	6	100	27.483202375177257	-0.730235323021619	1428.083451536455	-0.1434333063949158 0.01440, 0.01188, 0.00784, 0.00778, 0.00817, 0.00798,
80	7	100	27.483202375177257	-0.730235323021619	1428.083451536455	-0.1434333063949158 0.01494, 0.01244, 0.00885, 0.00853, 0.00841, 0.00768,
80	8	100	27.483202375177257	-0.730235323021619	1428.083451536455	-0.1434333063949158 0.01551, 0.01254, 0.00769, 0.00797, 0.00887, 0.00827,
0	3	100	27.483202375177257	-0.730235323021619	1428.083451536455	-0.1434333063949158 0.01496, 0.01246, 0.00752, 0.00767, 0.00762, 0.00769,
0	4	100	27.483202375177257	-0.730235323021619	1428.083451536455	-0.1434333063949158 0.01564, 0.01286, 0.00833, 0.00816, 0.00789, 0.00782,
0	5	100	27.483202375177257	-0.730235323021619	1428.083451536455	-0.1434333063949158 0.01539, 0.01315, 0.00783, 0.00750, 0.00742, 0.00746,
0	6	100	27.483202375177257	-0.730235323021619	1428.083451536455	-0.1434333063949158 0.01550, 0.01309, 0.00836, 0.00776, 0.00760, 0.00792,
0	7	100	27.483202375177257	-0.730235323021619	1428.083451536455	-0.1434333063949158 0.01525, 0.01262, 0.00799, 0.00819, 0.00841, 0.00861,
0	8	100	27.483202375177257	-0.730235323021619	1428.083451536455	-0.1434333063949158 0.01487, 0.01283, 0.00791, 0.00774, 0.00800, 0.00791,
20	3	100	27.483202375177257	-0.730235323021619	1428.083451536455	-0.1434333063949158 0.01448, 0.01264, 0.00744, 0.00740, 0.00736, 0.00752,
20	4	100	27.483202375177257	-0.730235323021619	1428.083451536455	-0.1434333063949158 0.01490, 0.01286, 0.00761, 0.00768, 0.00744, 0.00743,
20	5	100	27.483202375177257	-0.730235323021619	1428.083451536455	-0.1434333063949158 0.01594, 0.01427, 0.00870, 0.00896, 0.00884, 0.00914,
20	6	100	27.483202375177257	-0.730235323021619	1428.083451536455	-0.1434333063949158 0.01444, 0.01322, 0.00771, 0.00789, 0.01036, 0.00906,
20	7	100	27.483202375177257	-0.730235323021619	1428.083451536455	-0.1434333063949158 0.01433, 0.01196, 0.00707, 0.00767, 0.00753, 0.00760,
20	8	100	27.483202375177257	-0.730235323021619	1428.083451536455	-0.1434333063949158 0.01442, 0.01227, 0.00800, 0.00820, 0.00861, 0.00802,
40	3	100	27.483202375177257	-0.730235323021619	1428.083451536455	-0.1434333063949158 0.01461, 0.01249, 0.00785, 0.00735, 0.00718, 0.00708,
40	4	100	27.483202375177257	-0.730235323021619	1428.083451536455	-0.1434333063949158 0.01369, 0.01160, 0.00768, 0.00746, 0.00715, 0.00719,
40	5	100	27.483202375177257	-0.730235323021619	1428.083451536455	-0.1434333063949158 0.01448, 0.01166, 0.00823, 0.00812, 0.00909, 0.00903,
40	6	100	27.483202375177257	-0.730235323021619	1428.083451536455	-0.1434333063949158 0.01421, 0.01194, 0.00787, 0.00790, 0.00807, 0.00848,
40	7	100	27.483202375177257	-0.730235323021619	1428.083451536455	-0.1434333063949158 0.01492, 0.01233, 0.00790, 0.00763, 0.00751, 0.00780,
40	8	100	27.483202375177257	-0.730235323021619	1428.083451536455	-0.1434333063949158 0.01447, 0.01226, 0.00755, 0.00756, 0.00769, 0.00744,
60	3	100	27.483202375177257	-0.730235323021619	1428.083451536455	-0.1434333063949158 0.01450, 0.01213, 0.00750, 0.00751, 0.00769, 0.00774,
60	4	100	27.483202375177257	-0.730235323021619	1428.083451536455	-0.1434333063949158 0.01449, 0.01223, 0.00795, 0.00793, 0.00791, 0.00814,
60	5	100	27.483202375177257	-0.730235323021619	1428.083451536455	-0.1434333063949158 0.01500, 0.01240, 0.00722, 0.00746, 0.00729, 0.00737,
60	6	100	27.483202375177257	-0.730235323021619	1428.083451536455	-0.1434333063949158 0.01481, 0.01215, 0.00739, 0.00761, 0.00730, 0.00719,
60	7	100	27.483202375177257	-0.730235323021619	1428.083451536455	-0.1434333063949158 0.01466, 0.01188, 0.00711, 0.00772, 0.00849, 0.00790,
60	8	100	27.483202375177257	-0.730235323021619	1428.083451536455	-0.1434333063949158 0.01391, 0.01210, 0.00756, 0.00836, 0.00781, 0.00737,
80	3	100	27.483202375177257	-0.730235323021619	1428.083451536455	-0.1434333063949158 0.01514, 0.01238, 0.00801, 0.00822, 0.00821, 0.00783,
80	4	100	27.483202375177257	-0.730235323021619	1428.083451536455	-0.1434333063949158 0.01475, 0.01217, 0.00743, 0.00757, 0.00743, 0.00714,
80	5	100	27.483202375177257	-0.730235323021619	1428.083451536455	-0.1434333063949158 0.01376, 0.01190, 0.00726, 0.00758, 0.00745, 0.00738,
80	6	100	27.483202375177257	-0.730235323021619	1428.083451536455	-0.1434333063949158 0.01404, 0.01170, 0.00735, 0.00745, 0.00749, 0.00733,
80	7	100	27.483202375177257	-0.730235323021619	1428.083451536455	-0.1434333063949158 0.01477, 0.01279, 0.00755, 0.00731, 0.00767, 0.00768,
80	8	100	27.483202375177257	-0.730235323021619	1428.083451536455	-0.1434333063949158 0.01430, 0.01216, 0.00768, 0.00774, 0.00769, 0.00761,
0	3	100	27.483202375177257	-0.730235323021619	1428.083451536455	-0.1434333063949158 0.01441, 0.01179, 0.00721, 0.00754, 0.00739, 0.00831,
0	4	100	27.483202375177257	-0.730235323021619	1428.083451536455	-0.1434333063949158 0.01431, 0.01349, 0.00793, 0.00801, 0.00797, 0.00849,
0	5	100	27.483202375177257	-0.730235323021619	1428.083451536455	-0.1434333063949158 0.01492, 0.01236, 0.00804, 0.00832, 0.00806, 0.00811,
0	6	100	27.483202375177257	-0.730235323021619	1428.083451536455	-0.1434333063949158 0.01449, 0.01174, 0.00767, 0.00773, 0.00761, 0.00810,
0	7	100	27.483202375177257	-0.730235323021619	1428.083451536455	-0.1434333063949158 0.01532, 0.01222, 0.00873, 0.00824, 0.00813, 0.00795,
0	8	100	27.483202375177257	-0.730235323021619	1428.083451536455	-0.1434333063949158 0.01467, 0.01252, 0.00741, 0.00748, 0.00786, 0.00757,
20	3	100	27.483202375177257	-0.730235323021619	1428.083451536455	-0.1434333063949158 0.01402, 0.01251, 0.00752, 0.00742, 0.00748, 0.00739,
20	4	100	27.483202375177257	-0.730235323021619	1428.083451536455	-0.1434333063949158 0.01551, 0.01209, 0.00782, 0.00780, 0.00805, 0.00829,
20	5	100	27.483202375177257	-0.730235323021619	1428.083451536455	-0.1434333063949158 0.01496, 0.01213, 0.00761, 0.00753, 0.00741, 0.00745,
20	6	100	27.483202375177257	-0.730235323021619	1428.083451536455	-0.1434333063949158 0.01424, 0.01371, 0.00815, 0.00829, 0.00820, 0.00792,
20	7	100	27.483202375177257	-0.730235323021619	1428.083451536455	-0.1434333063949158 0.01456, 0.01233, 0.00827, 0.00802, 0.00817, 0.00808,
20	8	100	27.483202375177257	-0.730235323021619	1428.083451536455	-0.1434333063949158 0.01408, 0.01232, 0.00769, 0.00769, 0.00780, 0.00790,
40	3	100	27.483202375177257	-0.730235323021619	1428.083451536455	-0.1434333063949158 0.01435, 0.01180, 0.00803, 0.00796, 0.00797, 0.00818,
40	4	100	27.483202375177257	-0.730235323021619	1428.083451536455	-0.1434333063949158 0.01434, 0.01249, 0.00766, 0.00794, 0.00768, 0.00773,
40	5	100	27.483202375177257	-0.730235323021619	1428.083451536455	-0.1434333063949158 0.01393, 0.01203, 0.00759, 0.00884, 0.00905, 0.00789,
40	6	100	27.483202375177257	-0.730235323021619	1428.083451536455	-0.1434333063949158 0.01437, 0.01166, 0.00736, 0.00759, 0.00769, 0.00769,
40	7	100	27.483202375177257	-0.730235323021619	1428.083451536455	-0.1434333063949158 0.01448, 0.01226, 0.00814, 0.00820, 0.00787, 0.00789,
40	8	100	27.483202375177257	-0.730235323021619	1428.083451536455	-0.1434333063949158 0.01445, 0.01215, 0.00786, 0.00806, 0.00815, 0.00760,
60	3	100	27.483202375177257	-0.730235323021619	1428.083451536455	-0.1434333063949158 0.01413, 0.01180, 0.00735, 0.00743, 0.00766, 0.00760,
60	4	100	27.483202375177257	-0.730235323021619	1428.083451536455	-0.1434333063949158 0.01472, 0.01153, 0.00705, 0.00712, 0.00713, 0.00712,
60	5	100	27.483202375177257	-0.730235323021619	1428.083451536455	-0.1434333063949158 0.01512, 0.01328, 0.00791, 0.00791, 0.00743, 0.00748,
60	6	100	27.483202375177257	-0.730235323021619	1428.083451536455	-0.1434333063949158 0.01390, 0.01231, 0.00747, 0.00754, 0.00759, 0.00751,
60	7	100	27.483202375177257	-0.730235323021619	1428.083451536455	-0.1434333063949158 0.01518, 0.01328, 0.00835, 0.00850, 0.00761, 0.00774,
60	8	100	27.483202375177257	-0.730235323021619	1428.083451536455	-0.1434333063949158 0.01474, 0.01235, 0.00843, 0.00803, 0.00745, 0.00751,
80	3	100	27.483202375177257	-0.730235323021619	1428.083451536455	-0.1434333063949158 0.01469, 0.01215, 0.00818, 0.00867, 0.00867, 0.00771,
80	4	100	27.483202375177257	-0.730235323021619	1428.083451536455	-0.1434333063949158 0.01482, 0.01240, 0.00749, 0.00823, 0.00836, 0.00860,
80	5	100	27.483202375177257	-0.730235323021619	1428.083451536455	-0.1434333063949158 0.01484, 0.01187, 0.00777, 0.00792, 0.00821, 0.00801,
80	6	100	27.483202375177257	-0.730235323021619	1428.083451536455	-0.1434333063949158 0.01516, 0.01231, 0.00909, 0.00933, 0.00872, 0.00778,
80	7	100	27.483202375177257	-0.730235323021619	1428.083451536455	-0.1434333063949158 0.01448, 0.01256, 0.00820, 0.00828, 0.00839, 0.00810,
80	8	100	27.483202375177257	-0.730235323021619	1428.083451536455	-0.1434333063949158 0.01458, 0.01231, 0.00817, 0.00844, 0.00809, 0.00797,
0	3	100	27.483202375177257	-0.730235323021619	1428.083451536455	-0.1434333063949158 0.01618, 0.01373, 0.00949, 0.00966, 0.00960, 0.00824,
0	4	100	27.483202375177257	-0.730235323021619	1428.083451536455	-0.1434333063949158 0.01433, 0.01217, 0.00793, 0.00826, 0.00827, 0.00846,
0	5	100	27.483202375177257	-0.730235323021619	1428.083451536455	-0.1434333063949158 0.01486, 0.01241, 0.00795, 0.00827, 0.00823, 0.00903,
0	6	100	27.483202375177257	-0.730235323021619	1428.083451536455	-0.1434333063949158 0.01579, 0.01304, 0.00766, 0.00785, 0.00774, 0.00754,
0	7	100	27.483202375177257	-0.730235323021619	1428.083451536455	-0.1434333063949158 0.01481, 0.01241, 0.00774, 0.00769, 0.00769, 0.00723,
0	8	100	27.483202375177257	-0.730235323021619	1428.083451536455	-0.1434333063949158 0.01504, 0.01224, 0.00744, 0.00764, 0.00774, 0.00740,
20	3	100	27.483202375177257	-0.730235323021619	1428.083451536455	-0.1434333063949158 0.01429, 0.01271, 0.00760, 0.00731, 0.00737, 0.00744,
20	4	100	27.483202375177257	-0.730235323021619	1428.083451536455	-0.1434333063949158 0.01510, 0.01247, 0.00836, 0.00862, 0.00824, 0.00793,
20	5	100	27.483202375177257	-0.730235323021619	1428.083451536455	-0.1434333063949158 0.01454, 0.01227, 0.00824, 0.00817, 0.00785, 0.00808,
20	6	100	27.483202375177257	-0.730235323021619	1428.083451536455	-0.1434333063949158 0.01538, 0.01226, 0.00778, 0.00745, 0.00745, 0.00738,
20	7	100	27.483202375177257	-0.730235323021619	1428.083451536455	-0.1434333063949158 0.01500, 0.01255, 0.00775, 0.00782, 0.00804, 0.00724,
20	8	100	27.483202375177257	-0.730235323021619	1428.083451536455	-0.1434333063949158 0.01480, 0.01319, 0.00774, 0.00829, 0.00900, 0.01084,
40	3	100	27.483202375177257	-0.730235323021619	1428.083451536455	-0.1434333063949158 0.01675, 0.01368, 0.00895, 0.00860, 0.00815, 0.00816,
40	4	100	27.483202375177257	-0.730235323021619	1428.083451536455	-0.1434333063949158 0.01442, 0.01231, 0.00760, 0.00760, 0.00810, 0.00861,
40	5	100	27.483202375177257	-0.730235323021619	1428.083451536455	-0.1434333063949158 0.01453, 0.01243, 0.00763, 0.00765, 0.00769, 0.00771,
40	6	100	27.483202375177257	-0.730235323021619	1428.083451536455	-0.1434333063949158 0.01523, 0.01380, 0.00918, 0.00945, 0.00914, 0.00857,
40	7	100	27.483202375177257	-0.730235323021619	1428.083451536455	-0.1434333063949158 0.01478, 0.01272, 0.00772, 0.00788, 0.00782, 0.00795,
40	8	100	27.483202375177257	-0.730235323021619	1428.083451536455	-0.1434333063949158 0.01470, 0.01193, 0.00749, 0.00736, 0.00732, 0.00754,
60	3	100	27.483202375177257	-0.730235323021619	1428.083451536455	-0.1434333063949158 0.01497, 0.01315, 0.00848, 0.00864, 0.00854, 0.00825,
60	4	100	27.483202375177257	-0.730235323021619	1428.083451536455	-0.1434333063949158 0.01543, 0.01252, 0.00762, 0.00778, 0.00832, 0.00843,
60	5	100	27.483202375177257	-0.730235323021619	1428.083451536455	-0.1434333063949158 0.01453, 0.01269, 0.00852, 0.00805, 0.00832, 0.00795,
60	6	100	27.483202375177257	-0.730235323021619	1428.083451536455	-0.1434333063949158 0.01439, 0.01261, 0.00729, 0.00815, 0.00846, 0.00808,
60	7	100	27.483202375177257	-0.730235323021619	1428.083451536455	-0.1434333063949158 0.01552, 0.01285, 0.00832, 0.00811, 0.00820, 0.00815,
60	8	100	27.483202375177257	-0.730235323021619	1428.083451536455	-0.1434333063949158 0.01471, 0.01238, 0.00800, 0.00811, 0.00805, 0.00838,
80	3	100	27.483202375177257	-0.730235323021619	1428.083451536455	-0.1434333063949158 0.01460, 0.01235, 0.00743, 0.00795, 0.00775, 0.00758,
80	4	100	27.483202375177257	-0.730235323021619	1428.083451536455	-0.1434333063949158 0.01445, 0.01233, 0.00807, 0.00820, 0.00818, 0.00821,
80	5	100	27.483202375177257	-0.730235323021619	1428.083451536455	-0.1434333063949158 0.01485, 0.01228, 0.00798, 0.00807, 0.00799, 0.00763,
80	6	100	27.483202375177257	-0.730235323021619	1428.083451536455	-0.1434333063949158 0.01422, 0.01187, 0.00762, 0.00752, 0.00789, 0.00829,
80	7	100	27.483202375177257	-0.730235323021619	1428.083451536455	-0.1434333063949158 0.01468, 0.01218, 0.00858, 0.00894, 0.00856, 0.00750,
80	8	100	27.483202375177257	-0.730235323021619	1428.083451536455	-0.1434333063949158 0.01516, 0.01252, 0.00762, 0.00783, 0.00777, 0.00739,
0	3	100	27.483202375177257	-0.730235323021619	1428.083451536455	-0.1434333063949158 0.01437, 0.01261, 0.00824, 0.00818, 0.00820, 0.00800,
0	4	100	27.483202375177257	-0.730235323021619	1428.083451536455	-0.1434333063949158 0.01452, 0.01258, 0.00756, 0.00743, 0.00736, 0.00755,
0	5	100	27.483202375177257	-0.730235323021619	1428.083451536455	-0.1434333063949158 0.01489, 0.01286, 0.00760, 0.00755, 0.00754, 0.00759,
0	6	100	27.483202375177257	-0.730235323021619	1428.083451536455	-0.1434333063949158 0.01496, 0.01309, 0.00812, 0.00825, 0.00814, 0.00811,
0	7	100	27.483202375177257	-0.730235323021619	1428.083451536455	-0.1434333063949158 0.01469, 0.01244, 0.00750, 0.00788, 0.00768, 0.00766,
0	8	100	27.483202375177257	-0.730235323021619	1428.083451536455	-0.1434333063949158 0.01480, 0.01252, 0.00785, 0.00790, 0.00788, 0.00808,
20	3	100	27.483202375177257	-0.730235323021619	1428.083451536455	-0.1434333063949158 0.01510, 0.01318, 0.00834, 0.00834, 0.00837, 0.00829,
20	4	100	27.483202375177257	-0.730235323021619	1428.083451536455	-0.1434333063949158 0.01480, 0.01228, 0.00752, 0.00764, 0.00748, 0.00753,
20	5	100	27.483202375177257	-0.730235323021619	1428.083451536455	-0.1434333063949158 0.01508, 0.01256, 0.00846, 0.00859, 0.00837, 0.00796,
20	6	100	27.483202375177257	-0.730235323021619	1428.083451536455	-0.1434333063949158 0.01525, 0.01304, 0.00840, 0.00840, 0.00850, 0.00774,
20	7	100	27.483202375177257	-0.730235323021619	1428.083451536455	-0.1434333063949158 0.01432, 0.01244, 0.00759, 0.00781, 0.00789, 0.00795,
20	8	100	27.483202375177257	-0.730235323021619	1428.083451536455	-0.1434333063949158 0.01545, 0.01312, 0.00927, 0.00965, 0.00847, 0.00817,
40	3	100	27.483202375177257	-0.730235323021619	1428.083451536455	-0.1434333063949158 0.01484, 0.01269, 0.00739, 0.00737, 0.00737, 0.00752,
40	4	100	27.483202375177257	-0.730235323021619	1428.083451536455	-0.1434333063949158 0.01476, 0.01276, 0.00766, 0.00785, 0.00738, 0.00752,
40	5	100	27.483202375177257	-0.730235323021619	1428.083451536455	-0.1434333063949158 0.01474, 0.01267, 0.00810, 0.00823, 0.00818, 0.00774,
40	6	100	27.483202375177257	-0.730235323021619	1428.083451536455	-0.1434333063949158 0.01547, 0.01259, 0.00731, 0.00779, 0.00758, 0.00747,
40	7	100	27.483202375177257	-0.730235323021619	1428.083451536455	-0.1434333063949158 0.01546, 0.01273, 0.00827, 0.00752, 0.00785, 0.00803,
40	8	100	27.483202375177257	-0.730235323021619	1428.083451536455	-0.1434333063949158 0.01529, 0.01267, 0.00770, 0.00788, 0.00780, 0.00744,
60	3	100	27.483202375177257	-0.730235323021619	1428.083451536455	-0.1434333063949158 0.01473, 0.01238, 0.00750, 0.00761, 0.00766, 0.00755,
60	4	100	27.483202375177257	-0.730235323021619	1428.083451536455	-0.1434333063949158 0.01496, 0.01263, 0.00748, 0.00754, 0.00759, 0.00755,
60	5	100	27.483202375177257	-0.730235323021619	1428.083451536455	-0.1434333063949158 0.01532, 0.01212, 0.00748, 0.00753, 0.00773, 0.00885,
60	6	100	27.483202375177257	-0.730235323021619	1428.083451536455	-0.1434333063949158 0.01532, 0.01301, 0.00822, 0.00827, 0.00919, 0.00799,
60	7	100	27.483202375177257	-0.730235323021619	1428.083451536455	-0.1434333063949158 0.01444, 0.01216, 0.00756, 0.00781, 0.00806, 0.00894,
60	8	100	27.483202375177257	-0.730235323021619	1428.083451536455	-0.1434333063949158 0.01478, 0.01250, 0.00833, 0.00836, 0.00846, 0.00823,
80	3	100	27.483202375177257	-0.730235323021619	1428.083451536455	-0.1434333063949158 0.01473, 0.01192, 0.00738, 0.00770, 0.00780, 0.00790,
80	4	100	27.483202375177257	-0.730235323021619	1428.083451536455	-0.1434333063949158 0.01525, 0.01243, 0.00784, 0.00815, 0.00808, 0.00779,
80	5	100	27.483202375177257	-0.730235323021619	1428.083451536455	-0.1434333063949158 0.01513, 0.01266, 0.00818, 0.00856, 0.00855, 0.00792,
80	6	100	27.483202375177257	-0.730235323021619	1428.083451536455	-0.1434333063949158 0.01476, 0.01279, 0.00758, 0.00761, 0.00766, 0.00761,
80	7	100	27.483202375177257	-0.730235323021619	1428.083451536455	-0.1434333063949158 0.01462, 0.01287, 0.00774, 0.00786, 0.00748, 0.00767,
80	8	100	27.483202375177257	-0.730235323021619	1428.083451536455	-0.1434333063949158 0.01501, 0.01242, 0.00850, 0.00919, 0.00929, 0.00867,
0	3	100	27.483202375177257	-0.730235323021619	1428.083451536455	-0.1434333063949158 0.01514, 0.01236, 0.00826, 0.00817, 0.00793, 0.00839,
0	4	100	27.483202375177257	-0.730235323021619	1428.083451536455	-0.1434333063949158 0.01479, 0.01302, 0.00824, 0.00848, 0.00831, 0.00777,
0	5	100	27.483202375177257	-0.730235323021619	1428.083451536455	-0.1434333063949158 0.01542, 0.01482, 0.00891, 0.00885, 0.00826, 0.00779,
0	6	100	27.483202375177257	-0.730235323021619	1428.083451536455	-0.1434333063949158 0.01557, 0.01280, 0.00786, 0.00778, 0.00747, 0.00759,
0	7	100	27.483202375177257	-0.730235323021619	1428.083451536455	-0.1434333063949158 0.01504, 0.01251, 0.00728, 0.00741, 0.00760, 0.00750,
0	8	100	27.483202375177257	-0.730235323021619	1428.083451536455	-0.1434333063949158 0.01462, 0.01158, 0.00696, 0.00711, 0.00706, 0.00724,
20	3	100	27.483202375177257	-0.730235323021619	1428.083451536455	-0.1434333063949158 0.01433, 0.01173, 0.00769, 0.00768, 0.00782, 0.00789,
20	4	100	27.483202375177257	-0.730235323021619	1428.083451536455	-0.1434333063949158 0.01348, 0.01114, 0.00687, 0.00715, 0.00711, 0.00727,
20	5	100	27.483202375177257	-0.730235323021619	1428.083451536455	-0.1434333063949158 0.01404, 0.01199, 0.00781, 0.00766, 0.00730, 0.00733,
20	6	100	27.483202375177257	-0.730235323021619	1428.083451536455	-0.1434333063949158 0.01411, 0.01161, 0.00715, 0.00738, 0.00737, 0.00759,
20	7	100	27.483202375177257	-0.730235323021619	1428.083451536455	-0.1434333063949158 0.01407, 0.01188, 0.00757, 0.00749, 0.00723, 0.00724,
20	8	100	27.483202375177257	-0.730235323021619	1428.083451536455	-0.1434333063949158 0.01438, 0.01171, 0.00726, 0.00831, 0.00817, 0.00836,
40	3	100	27.483202375177257	-0.730235323021619	1428.083451536455	-0.1434333063949158 0.01493, 0.01205, 0.00798, 0.00758, 0.00755, 0.00764,
40	4	100	27.483202375177257	-0.730235323021619	1428.083451536455	-0.1434333063949158 0.01600, 0.01371, 0.00895, 0.00903, 0.00894, 0.00793,
40	5	100	27.483202375177257	-0.730235323021619	1428.083451536455	-0.1434333063949158 0.01489, 0.01193, 0.00783, 0.00788, 0.00808, 0.00834,
40	6	100	27.483202375177257	-0.730235323021619	1428.083451536455	-0.1434333063949158 0.01600, 0.01318, 0.00792, 0.00806, 0.00785, 0.00744,
40	7	100	27.483202375177257	-0.730235323021619	1428.083451536455	-0.1434333063949158 0.01495, 0.01185, 0.00728, 0.00752, 0.00751, 0.00771,
40	8	100	27.483202375177257	-0.730235323021619	1428.083451536455	-0.1434333063949158 0.01571, 0.01286, 0.00849, 0.00925, 0.00938, 0.00879,
60	3	100	27.483202375177257	-0.730235323021619	1428.083451536455	-0.1434333063949158 0.01502, 0.01267, 0.00840, 0.00840, 0.00856, 0.00844,
60	4	100	27.483202375177257	-0.730235323021619	1428.083451536455	-0.1434333063949158 0.01476, 0.01201, 0.00760, 0.00801, 0.00746, 0.00994,
60	5	100	27.483202375177257	-0.730235323021619	1428.083451536455	-0.1434333063949158 0.01713, 0.01426, 0.00949, 0.00891, 0.00794, 0.00815,
60	6	100	27.483202375177257	-0.730235323021619	1428.083451536455	-0.1434333063949158 0.01404, 0.01178, 0.00713, 0.00737, 0.00756, 0.00732,
60	7	100	27.483202375177257	-0.730235323021619	1428.083451536455	-0.1434333063949158 0.01457, 0.01211, 0.00769, 0.00755, 0.00814, 0.00814,
60	8	100	27.483202375177257	-0.730235323021619	1428.083451536455	-0.1434333063949158 0.01472, 0.01280, 0.00751, 0.00750, 0.00778, 0.00757,
80	3	100	27.483202375177257	-0.730235323021619	1428.083451536455	-0.1434333063949158 0.01469, 0.01283, 0.00794, 0.00881, 0.00878, 0.00900,
80	4	100	27.483202375177257	-0.730235323021619	1428.083451536455	-0.1434333063949158 0.01572, 0.01388, 0.00906, 0.00892, 0.00832, 0.00836,
80	5	100	27.483202375177257	-0.730235323021619	1428.083451536455	-0.1434333063949158 0.01582, 0.01307, 0.00757, 0.00776, 0.00781, 0.00744,
80	6	100	27.483202375177257	-0.730235323021619	1428.083451536455	-0.1434333063949158 0.01580, 0.01413, 0.00864, 0.00851, 0.00872, 0.00843,
80	7	100	27.483202375177257	-0.730235323021619	1428.083451536455	-0.1434333063949158 0.01447, 0.01280, 0.00707, 0.00855, 0.00768, 0.00758,
80	8	100	27.483202375177257	-0.730235323021619	1428.083451536455	-0.1434333063949158 0.01492, 0.01239, 0.00787, 0.00784, 0.00785, 0.00795,
0	3	100	27.483202375177257	-0.730235323021619	1428.083451536455	-0.1434333063949158 0.01457, 0.01241, 0.00773, 0.00802, 0.00780, 0.00739,
0	4	100	27.483202375177257	-0.730235323021619	1428.083451536455	-0.1434333063949158 0.01550, 0.01328, 0.00761, 0.00758, 0.00772, 0.00743,
0	5	100	27.483202375177257	-0.730235323021619	1428.083451536455	-0.1434333063949158 0.01526, 0.01266, 0.00909, 0.00840, 0.00812, 0.00785,
0	6	100	27.483202375177257	-0.730235323021619	1428.083451536455	-0.1434333063949158 0.01502, 0.01209, 0.00828, 0.00836, 0.00857, 0.00841,
0	7	100	27.483202375177257	-0.730235323021619	1428.083451536455	-0.1434333063949158 0.01452, 0.01215, 0.00778, 0.00794, 0.00844, 0.00862,
0	8	100	27.483202375177257	-0.730235323021619	1428.083451536455	-0.1434333063949158 0.01555, 0.01223, 0.00764, 0.00783, 0.00874, 0.00892,
20	3	100	27.483202375177257	-0.730235323021619	1428.083451536455	-0.1434333063949158 0.01415, 0.01265, 0.00742, 0.00749, 0.00729, 0.00721,
20	4	100	27.483202375177257	-0.730235323021619	1428.083451536455	-0.1434333063949158 0.01480, 0.01237, 0.00801, 0.00804, 0.00864, 0.00849,
20	5	100	27.483202375177257	-0.730235323021619	1428.083451536455	-0.1434333063949158 0.01462, 0.01195, 0.00776, 0.00738, 0.00741, 0.00787,
20	6	100	27.483202375177257	-0.730235323021619	1428.083451536455	-0.1434333063949158 0.01556, 0.01239, 0.00774, 0.00785, 0.00771, 0.00776,
20	7	100	27.483202375177257	-0.730235323021619	1428.083451536455	-0.1434333063949158 0.01478, 0.01190, 0.00741, 0.00714, 0.00716, 0.00733,
20	8	100	27.483202375177257	-0.730235323021619	1428.083451536455	-0.1434333063949158 0.01439, 0.01331, 0.00830, 0.00845, 0.00830, 0.00856,
40	3	100	27.483202375177257	-0.730235323021619	1428.083451536455	-0.1434333063949158 0.01450, 0.01245, 0.00753, 0.00763, 0.00763, 0.00781,
40	4	100	27.483202375177257	-0.730235323021619	1428.083451536455	-0.1434333063949158 0.01461, 0.01218, 0.00830, 0.00808, 0.00798, 0.00785,
40	5	100	27.483202375177257	-0.730235323021619	1428.083451536455	-0.1434333063949158 0.01495, 0.01218, 0.00804, 0.00798, 0.00787, 0.00739,
40	6	100	27.483202375177257	-0.730235323021619	1428.083451536455	-0.1434333063949158 0.01463, 0.01178, 0.00780, 0.00837, 0.00821, 0.00823,
40	7	100	27.483202375177257	-0.730235323021619	1428.083451536455	-0.1434333063949158 0.01475, 0.01244, 0.00758, 0.00767, 0.00763, 0.00766,
40	8	100	27.483202375177257	-0.730235323021619	1428.083451536455	-0.1434333063949158 0.01475, 0.01240, 0.00810, 0.00839, 0.00811, 0.00796,
60	3	100	27.483202375177257	-0.730235323021619	1428.083451536455	-0.1434333063949158 0.01459, 0.01214, 0.00790, 0.00811, 0.00786, 0.00771,
60	4	100	27.483202375177257	-0.730235323021619	1428.083451536455	-0.1434333063949158 0.01458, 0.01268, 0.00736, 0.00726, 0.00731, 0.00734,
60	5	100	27.483202375177257	-0.730235323021619	1428.083451536455	-0.1434333063949158 0.01485, 0.01266, 0.00767, 0.00785, 0.00766, 0.00756,
60	6	100	27.483202375177257	-0.730235323021619	1428.083451536455	-0.1434333063949158 0.01492, 0.01251, 0.00817, 0.00812, 0.00834, 0.00785,
60	7	100	27.483202375177257	-0.730235323021619	1428.083451536455	-0.1434333063949158 0.01468, 0.01222, 0.00744, 0.00733, 0.00721, 0.00729,
60	8	100	27.483202375177257	-0.730235323021619	1428.083451536455	-0.1434333063949158 0.01510, 0.01231, 0.00760, 0.00785, 0.00800, 0.00862,
80	3	100	27.483202375177257	-0.730235323021619	1428.083451536455	-0.1434333063949158 0.01489, 0.01281, 0.00754, 0.00763, 0.00780, 0.00771,
80	4	100	27.483202375177257	-0.730235323021619	1428.083451536455	-0.1434333063949158 0.01489, 0.01245, 0.00761, 0.00773, 0.00775, 0.00742,
80	5	100	27.483202375177257	-0.730235323021619	1428.083451536455	-0.1434333063949158 0.01636, 0.01258, 0.00823, 0.00955, 0.00849, 0.00785,
80	6	100	27.483202375177257	-0.730235323021619	1428.083451536455	-0.1434333063949158 0.01502, 0.01205, 0.00832, 0.00809, 0.00776, 0.00774,
80	7	100	27.483202375177257	-0.730235323021619	1428.083451536455	-0.1434333063949158 0.01576, 0.01306, 0.00866, 0.00903, 0.00860, 0.00811,
80	8	100	27.483202375177257	-0.730235323021619	1428.083451536455	-0.1434333063949158 0.01476, 0.01221, 0.00798, 0.00800, 0.00801, 0.00823,
0	3	100	27.483202375177257	-0.730235323021619	1428.083451536455	-0.1434333063949158 0.01601, 0.01386, 0.00787, 0.00763, 0.00757, 0.00733,
0	4	100	27.483202375177257	-0.730235323021619	1428.083451536455	-0.1434333063949158 0.01467, 0.01226, 0.00769, 0.00786, 0.00814, 0.00820,
0	5	100	27.483202375177257	-0.730235323021619	1428.083451536455	-0.1434333063949158 0.01489, 0.01272, 0.00785, 0.00811, 0.00797, 0.00763,
0	6	100	27.483202375177257	-0.730235323021619	1428.083451536455	-0.1434333063949158 0.01493, 0.01269, 0.00798, 0.00828, 0.00839, 0.00939,
0	7	100	27.483202375177257	-0.730235323021619	1428.083451536455	-0.1434333063949158 0.01539, 0.01317, 0.00822, 0.00841, 0.00850, 0.00779,
0	8	100	27.483202375177257	-0.730235323021619	1428.083451536455	-0.1434333063949158 0.01447, 0.01263, 0.00746, 0.00761, 0.00752, 0.00736,
20	3	100	27.483202375177257	-0.730235323021619	1428.083451536455	-0.1434333063949158 0.01511, 0.01240, 0.00786, 0.00803, 0.00800, 0.00765,
20	4	100	27.483202375177257	-0.730235323021619	1428.083451536455	-0.1434333063949158 0.01489, 0.01226, 0.00799, 0.00771, 0.00789, 0.00823,
20	5	100	27.483202375177257	-0.730235323021619	1428.083451536455	-0.1434333063949158 0.01554, 0.01283, 0.00831, 0.00861, 0.00823, 0.00794,
20	6	100	27.483202375177257	-0.730235323021619	1428.083451536455	-0.1434333063949158 0.01457, 0.01237, 0.00782, 0.00771, 0.00858, 0.00838,
20	7	100	27.483202375177257	-0.730235323021619	1428.083451536455	-0.1434333063949158 0.01476, 0.01232, 0.00784, 0.00804, 0.00753, 0.00786,
20	8	100	27.483202375177257	-0.730235323021619	1428.083451536455	-0.1434333063949158 0.01599, 0.01283, 0.00864, 0.00844, 0.00882, 0.00820,
40	3	100	27.483202375177257	-0.730235323021619	1428.083451536455	-0.1434333063949158 0.01459, 0.01298, 0.00774, 0.00854, 0.00846, 0.00829,
40	4	100	27.483202375177257	-0.730235323021619	1428.083451536455	-0.1434333063949158 0.01485, 0.01262, 0.00932, 0.00880, 0.00918, 0.00786,
40	5	100	27.483202375177257	-0.730235323021619	1428.083451536455	-0.1434333063949158 0.01507, 0.01218, 0.00741, 0.00766, 0.00753, 0.00777,
40	6	100	27.483202375177257	-0.730235323021619	1428.083451536455	-0.1434333063949158 0.01456, 0.01237, 0.00777, 0.00812, 0.00796, 0.00773,
40	7	100	27.483202375177257	-0.730235323021619	1428.083451536455	-0.1434333063949158 0.01498, 0.01221, 0.00750, 0.00759, 0.00770, 0.00823,
40	8	100	27.483202375177257	-0.730235323021619	1428.083451536455	-0.1434333063949158 0.01496, 0.01220, 0.00745, 0.00781, 0.00730, 0.00736,
60	3	100	27.483202375177257	-0.730235323021619	1428.083451536455	-0.1434333063949158 0.01565, 0.01417, 0.00849, 0.00819, 0.00817, 0.00759,
60	4	100	27.483202375177257	-0.730235323021619	1428.083451536455	-0.1434333063949158 0.01434, 0.01279, 0.00769, 0.00862, 0.00806, 0.00795,
60	5	100	27.483202375177257	-0.730235323021619	1428.083451536455	-0.1434333063949158 0.01496, 0.01206, 0.00776, 0.00793, 0.00808, 0.00832,
60	6	100	27.483202375177257	-0.730235323021619	1428.083451536455	-0.1434333063949158 0.01489, 0.01244, 0.00773, 0.00799, 0.00824, 0.00812,
60	7	100	27.483202375177257	-0.730235323021619	1428.083451536455	-0.1434333063949158 0.01530, 0.01325, 0.00817, 0.00766, 0.00748, 0.00768,
60	8	100	27.483202375177257	-0.730235323021619	1428.083451536455	-0.1434333063949158 0.01464, 0.01161, 0.00725, 0.00772, 0.00884, 0.00884,
80	3	100	27.483202375177257	-0.730235323021619	1428.083451536455	-0.1434333063949158 0.01400, 0.01218, 0.00764, 0.00763, 0.00788, 0.00824,
80	4	100	27.483202375177257	-0.730235323021619	1428.083451536455	-0.1434333063949158 0.01583, 0.01318, 0.00767, 0.00783, 0.00792, 0.00817,
80	5	100	27.483202375177257	-0.730235323021619	1428.083451536455	-0.1434333063949158 0.01554, 0.01238, 0.00796, 0.00803, 0.00835, 0.00855,
80	6	100	27.483202375177257	-0.730235323021619	1428.083451536455	-0.1434333063949158 0.01449, 0.01322, 0.00802, 0.00786, 0.00821, 0.00799,
80	7	100	27.483202375177257	-0.730235323021619	1428.083451536455	-0.1434333063949158 0.01640, 0.01424, 0.00830, 0.00875, 0.00861, 0.00822,
80	8	100	27.483202375177257	-0.730235323021619	1428.083451536455	-0.1434333063949158 0.01582, 0.01342, 0.00777, 0.00787, 0.00818, 0.00795,
0	3	100	27.483202375177257	-0.730235323021619	1428.083451536455	-0.1434333063949158 0.01497, 0.01262, 0.00815, 0.00835, 0.00918, 0.00943,
0	4	100	27.483202375177257	-0.730235323021619	1428.083451536455	-0.1434333063949158 0.01457, 0.01245, 0.00767, 0.00797, 0.00790, 0.00794,
0	5	100	27.483202375177257	-0.730235323021619	1428.083451536455	-0.1434333063949158 0.01485, 0.01218, 0.00821, 0.00838, 0.00850, 0.00777,
0	6	100	27.483202375177257	-0.730235323021619	1428.083451536455	-0.1434333063949158 0.01850, 0.01629, 0.00926, 0.00961, 0.00938, 0.00865,
0	7	100	27.483202375177257	-0.730235323021619	1428.083451536455	-0.1434333063949158 0.01483, 0.01268, 0.00858, 0.00799, 0.00808, 0.00775,
0	8	100	27.483202375177257	-0.730235323021619	1428.083451536455	-0.1434333063949158 0.01541, 0.01445, 0.00917, 0.00885, 0.00845, 0.00826,
20	3	100	27.483202375177257	-0.730235323021619	1428.083451536455	-0.1434333063949158 0.01516, 0.01254, 0.00750, 0.00756, 0.00791, 0.00743,
20	4	100	27.483202375177257	-0.730235323021619	1428.083451536455	-0.1434333063949158 0.01562, 0.01295, 0.00765, 0.00763, 0.00866, 0.00862,
20	5	100	27.483202375177257	-0.730235323021619	1428.083451536455	-0.1434333063949158 0.01423, 0.01196, 0.00747, 0.00768, 0.00763, 0.00830,
20	6	100	27.483202375177257	-0.730235323021619	1428.083451536455	-0.1434333063949158 0.01401, 0.01225, 0.00746, 0.00758, 0.00755, 0.00743,
20	7	100	27.483202375177257	-0.730235323021619	1428.083451536455	-0.1434333063949158 0.01400, 0.01246, 0.00742, 0.00762, 0.00755, 0.00752,
20	8	100	27.483202375177257	-0.730235323021619	1428.083451536455	-0.1434333063949158 0.01516, 0.01226, 0.00736, 0.00752, 0.00741, 0.00752,
40	3	100	27.483202375177257	-0.730235323021619	1428.083451536455	-0.1434333063949158 0.01468, 0.01243, 0.00754, 0.00780, 0.00780, 0.00799,
40	4	100	27.483202375177257	-0.730235323021619	1428.083451536455	-0.1434333063949158 0.01511, 0.01238, 0.00836, 0.00835, 0.00845, 0.00802,
40	5	100	27.483202375177257	-0.730235323021619	1428.083451536455	-0.1434333063949158 0.01453, 0.01247, 0.00737, 0.00756, 0.00764, 0.00763,
40	6	100	27.483202375177257	-0.730235323021619	1428.083451536455	-0.1434333063949158 0.01642, 0.01382, 0.00888, 0.00871, 0.00814, 0.00740,
40	7	100	27.483202375177257	-0.730235323021619	1428.083451536455	-0.1434333063949158 0.01506, 0.01213, 0.00797, 0.00800, 0.00843, 0.00942,
40	8	100	27.483202375177257	-0.730235323021619	1428.083451536455	-0.1434333063949158 0.01483, 0.01307, 0.00783, 0.00779, 0.00774, 0.00779,
60	3	100	27.483202375177257	-0.730235323021619	1428.083451536455	-0.1434333063949158 0.01539, 0.01277, 0.00820, 0.00849, 0.00850, 0.00808,
60	4	100	27.483202375177257	-0.730235323021619	1428.083451536455	-0.1434333063949158 0.01479, 0.01231, 0.00750, 0.00765, 0.00770, 0.00751,
60	5	100	27.483202375177257	-0.730235323021619	1428.083451536455	-0.1434333063949158 0.01493, 0.01232, 0.00798, 0.00806, 0.00829, 0.00884,
60	6	100	27.483202375177257	-0.730235323021619	1428.083451536455	-0.1434333063949158 0.01516, 0.01199, 0.00725, 0.00741, 0.00738, 0.00751,
60	7	100	27.483202375177257	-0.730235323021619	1428.083451536455	-0.1434333063949158 0.01450, 0.01215, 0.00795, 0.00813, 0.00824, 0.00864,
60	8	100	27.483202375177257	-0.730235323021619	1428.083451536455	-0.1434333063949158 0.01477, 0.01341, 0.00847, 0.00854, 0.00802, 0.00763,
80	3	100	27.483202375177257	-0.730235323021619	1428.083451536455	-0.1434333063949158 0.01528, 0.01252, 0.00957, 0.00803, 0.00786, 0.00777,
80	4	100	27.483202375177257	-0.730235323021619	1428.083451536455	-0.1434333063949158 0.01466, 0.01259, 0.00773, 0.00787, 0.00801, 0.00769,
80	5	100	27.483202375177257	-0.730235323021619	1428.083451536455	-0.1434333063949158 0.01692, 0.01324, 0.00759, 0.00774, 0.00768, 0.00763,
80	6	100	27.483202375177257	-0.730235323021619	1428.083451536455	-0.1434333063949158 0.01525, 0.01246, 0.00726, 0.00745, 0.00751, 0.00741,
80	7	100	27.483202375177257	-0.730235323021619	1428.083451536455	-0.1434333063949158 0.01507, 0.01255, 0.00785, 0.00783, 0.00774, 0.00795,
80	8	100	27.483202375177257	-0.730235323021619	1428.083451536455	-0.1434333063949158 0.01460, 0.01231, 0.00812, 0.00794, 0.00800, 0.00771,
0	3	100	27.483202375177257	-0.730235323021619	1428.083451536455	-0.1434333063949158 0.01462, 0.01173, 0.00783, 0.00730, 0.00743, 0.00749,
0	4	100	27.483202375177257	-0.730235323021619	1428.083451536455	-0.1434333063949158 0.01332, 0.01176, 0.00714, 0.00724, 0.00738, 0.00696,
0	5	100	27.483202375177257	-0.730235323021619	1428.083451536455	-0.1434333063949158 0.01387, 0.01240, 0.00735, 0.00747, 0.00708, 0.00704,
0	6	100	27.483202375177257	-0.730235323021619	1428.083451536455	-0.1434333063949158 0.01445, 0.01197, 0.00750, 0.00765, 0.00773, 0.00746,
0	7	100	27.483202375177257	-0.730235323021619	1428.083451536455	-0.1434333063949158 0.01461, 0.01174, 0.00737, 0.00740, 0.00751, 0.00923,
0	8	100	27.483202375177257	-0.730235323021619	1428.083451536455	-0.1434333063949158 0.01450, 0.01260, 0.00759, 0.00808, 0.00788, 0.00765,
20	3	100	27.483202375177257	-0.730235323021619	1428.083451536455	-0.1434333063949158 0.01443, 0.01114, 0.00680, 0.00696, 0.00719, 0.00703,
20	4	100	27.483202375177257	-0.730235323021619	1428.083451536455	-0.1434333063949158 0.01459, 0.01210, 0.00782, 0.00789, 0.00790, 0.00767,
20	5	100	27.483202375177257	-0.730235323021619	1428.083451536455	-0.1434333063949158 0.01405, 0.01175, 0.00751, 0.00762, 0.00769, 0.00722,
20	6	100	27.483202375177257	-0.730235323021619	1428.083451536455	-0.1434333063949158 0.01452, 0.01213, 0.00801, 0.00799, 0.00777, 0.00804,
20	7	100	27.483202375177257	-0.730235323021619	1428.083451536455	-0.1434333063949158 0.01455, 0.01220, 0.00811, 0.00807, 0.00767, 0.00751,
20	8	100	27.483202375177257	-0.730235323021619	1428.083451536455	-0.1434333063949158 0.01408, 0.01122, 0.00700, 0.00714, 0.00724, 0.00733,
40	3	100	27.483202375177257	-0.730235323021619	1428.083451536455	-0.1434333063949158 0.01477, 0.01207, 0.00728, 0.00737, 0.00730, 0.00749,
40	4	100	27.483202375177257	-0.730235323021619	1428.083451536455	-0.1434333063949158 0.01517, 0.01199, 0.00745, 0.00763, 0.00753, 0.00768,
40	5	100	27.483202375177257	-0.730235323021619	1428.083451536455	-0.1434333063949158 0.01416, 0.01196, 0.00787, 0.00869, 0.00827, 0.00760,
40	6	100	27.483202375177257	-0.730235323021619	1428.083451536455	-0.1434333063949158 0.01491, 0.01270, 0.00817, 0.00812, 0.00780, 0.00774,
40	7	100	27.483202375177257	-0.730235323021619	1428.083451536455	-0.1434333063949158 0.01451, 0.01216, 0.00794, 0.00842, 0.00876, 0.00807,
40	8	100	27.483202375177257	-0.730235323021619	1428.083451536455	-0.1434333063949158 0.01502, 0.01229, 0.00775, 0.00754, 0.00758, 0.00753,
60	3	100	27.483202375177257	-0.730235323021619	1428.083451536455	-0.1434333063949158 0.01552, 0.01358, 0.00785, 0.00749, 0.00733, 0.00756,
60	4	100	27.483202375177257	-0.730235323021619	1428.083451536455	-0.1434333063949158 0.01463, 0.01237, 0.00746, 0.00769, 0.00725, 0.00798,
60	5	100	27.483202375177257	-0.730235323021619	1428.083451536455	-0.1434333063949158 0.01430, 0.01233, 0.00742, 0.00756, 0.00779, 0.00761,
60	6	100	27.483202375177257	-0.730235323021619	1428.083451536455	-0.1434333063949158 0.01458, 0.01211, 0.00817, 0.00787, 0.00789, 0.00775,
60	7	100	27.483202375177257	-0.730235323021619	1428.083451536455	-0.1434333063949158 0.01482, 0.01240, 0.00819, 0.00822, 0.00787, 0.00790,
60	8	100	27.483202375177257	-0.730235323021619	1428.083451536455	-0.1434333063949158 0.01408, 0.01175, 0.00738, 0.00769, 0.00767, 0.00788,
80	3	100	27.483202375177257	-0.730235323021619	1428.083451536455	-0.1434333063949158 0.01511, 0.01256, 0.00757, 0.00802, 0.00822, 0.00815,
80	4	100	27.483202375177257	-0.730235323021619	1428.083451536455	-0.1434333063949158 0.01410, 0.01229, 0.00760, 0.00770, 0.00765, 0.00739,
80	5	100	27.483202375177257	-0.730235323021619	1428.083451536455	-0.1434333063949158 0.01443, 0.01227, 0.00917, 0.00802, 0.00816, 0.00802,
80	6	100	27.483202375177257	-0.730235323021619	1428.083451536455	-0.1434333063949158 0.01402, 0.01164, 0.00737, 0.00731, 0.00737, 0.00746,
80	7	100	27.483202375177257	-0.730235323021619	1428.083451536455	-0.1434333063949158 0.01427, 0.01208, 0.00772, 0.00775, 0.00794, 0.00816,
80	8	100	27.483202375177257	-0.730235323021619	1428.083451536455	-0.1434333063949158 0.01486, 0.01220, 0.00750, 0.00757, 0.00779, 0.00816,
10	10	10	27.483202375177257	-0.730235323021619	1428.083451536455	-0.143433306394915810	10	10	27.483202375177257	-0.730235323021619	1428.083451536455	-0.143433306394915810	10	10	27.483202375177257	-0.730235323021619	1428.083451536455	-0.143433306394915810	10	10	27.483202375177257	-0.730235323021619	1428.083451536455	-0.1434333063949158

0	3	20	28760.127404868763	-932.6237931602535 0.01405, 0.01261, 0.00823, 0.00781, 0.00768, 0.00747,
0	4	20	28740.3384198216	-932.9213935586831 0.01371, 0.01463, 0.00857, 0.00802, 0.00782, 0.00781,
0	5	20	28738.316058283657	-932.9507886030561 0.01300, 0.01118, 0.00738, 0.00774, 0.00757, 0.00773,
0	6	20	28738.404150085844	-932.9479329067295 0.01534, 0.01264, 0.00800, 0.00831, 0.00806, 0.00809,
0	7	20	28738.443101410172	-932.9497686638289 0.01356, 0.01214, 0.00740, 0.00703, 0.00722, 0.00735,
0	8	20	28738.43646059418	-932.9494373867975 0.01479, 0.01262, 0.00835, 0.00815, 0.00815, 0.00793,
20	3	20	26132.926874032415	-839.8519864389281 0.01466, 0.01204, 0.00837, 0.00991, 0.00952, 0.00806,
20	4	20	26123.452400417013	-840.4048991611583 0.01542, 0.01376, 0.00972, 0.00941, 0.00998, 0.00900,
20	5	20	26121.404867652265	-840.4243767585658 0.01502, 0.01193, 0.00861, 0.00771, 0.00750, 0.00754,
20	6	20	26121.49794572497	-840.4222358556217 0.01342, 0.01184, 0.00787, 0.00783, 0.00811, 0.00812,
20	7	20	26121.533493247625	-840.4239031030164 0.01355, 0.01173, 0.00737, 0.00735, 0.00752, 0.00754,
20	8	20	26121.526908312335	-840.4235843230416 0.01384, 0.01201, 0.00774, 0.00983, 0.00952, 0.00823,
40	3	20	13837.540471493887	-830.007355641945 0.01374, 0.01274, 0.00801, 0.00805, 0.00831, 0.00852,
40	4	20	13846.560789811016	-830.5750767152332 0.01611, 0.01339, 0.00847, 0.00886, 0.00851, 0.00827,
40	5	20	13846.900272796733	-830.5964655408039 0.01460, 0.01335, 0.00859, 0.00856, 0.00897, 0.00954,
40	6	20	13846.864616537052	-830.5942215632649 0.01588, 0.01334, 0.00864, 0.00888, 0.00871, 0.00958,
40	7	20	13846.890983634654	-830.595881460106 0.01725, 0.01750, 0.01009, 0.00962, 0.00978, 0.01012,
40	8	20	13846.885940096276	-830.595563914292 0.01297, 0.01152, 0.00733, 0.00787, 0.00771, 0.00735,
60	3	20	655.2461922780043	-0.10147753489897193 0.01440, 0.01289, 0.00809, 0.00813, 0.00817, 0.00819,
60	4	20	655.2481606116073	-0.10143843657939411 0.01399, 0.01154, 0.00764, 0.00768, 0.00757, 0.00770,
0	3	20	28760.127404868763	-932.6237931602535 0.01523, 0.01327, 0.00820, 0.00846, 0.00852, 0.00875,
60	5	20	655.247931032858	-0.10144028290765095 0.01345, 0.01116, 0.00727, 0.00717, 0.00852, 0.00790,
0	4	20	28740.3384198216	-932.9213935586831 0.01462, 0.01304, 0.00842, 0.00855, 0.01019, 0.00827,
60	6	20	655.2479214508073	-0.10144048128163263 0.01187, 0.01049, 0.00722, 0.00785, 0.00841, 0.00786,
0	5	20	28738.316058283657	-932.9507886030561 0.01447, 0.01208, 0.00775, 0.00786, 0.00776, 0.00806,
60	7	20	655.2479233057703	-0.10144052518814994 0.01233, 0.01058, 0.00689, 0.00695, 0.00712, 0.00713,
0	6	20	28738.404150085844	-932.9479329067295 0.01477, 0.01299, 0.00858, 0.00838, 0.00838, 0.00827,
60	8	20	655.2479236965905	-0.10144052550107063 0.01379, 0.01220, 0.00895, 0.00942, 0.01071, 0.01579,
0	7	20	28738.443101410172	-932.9497686638289 0.02052, 0.02050, 0.01233, 0.01290, 0.01275, 0.01202,
80	3	20	655.2461922780043	-0.10147753489897193 0.01634, 0.01379, 0.00924, 0.00943, 0.00893, 0.00937,
0	8	20	28738.43646059418	-932.9494373867975 0.01805, 0.01525, 0.01011, 0.00996, 0.01090, 0.00959,
80	4	20	655.2481606116073	-0.10143843657939411 0.01781, 0.01529, 0.00955, 0.00882, 0.00961, 0.00968,
20	3	20	26132.926874032415	-839.8519864389281 0.01668, 0.01490, 0.01163, 0.01087, 0.01099, 0.01011,
80	5	20	655.247931032858	-0.10144028290765095 0.01506, 0.01419, 0.01019, 0.00972, 0.01026, 0.00943,
20	4	20	26123.452400417013	-840.4048991611583 0.02103, 0.01525, 0.01003, 0.01063, 0.00891, 0.00927,
80	6	20	655.2479214508073	-0.10144048128163263 0.01634, 0.01377, 0.00856, 0.00849, 0.00901, 0.00881,
20	5	20	26121.404867652265	-840.4243767585658 0.01629, 0.01362, 0.00944, 0.00996, 0.00875, 0.00956,
80	7	20	655.2479233057703	-0.10144052518814994 0.01506, 0.01281, 0.00841, 0.00875, 0.00851, 0.00866,
20	6	20	26121.49794572497	-840.4222358556217 0.01539, 0.01342, 0.00931, 0.00979, 0.00891, 0.00980,
80	8	20	655.2479236965905	-0.10144052550107063 0.01426, 0.01217, 0.00780, 0.00836, 0.00797, 0.00825,
20	7	20	26121.533493247625	-840.4239031030164 0.01525, 0.01380, 0.00989, 0.00938, 0.01118, 0.00955,
0	3	20	28760.127404868763	-932.6237931602535 0.01480, 0.01232, 0.00823, 0.00808, 0.00824, 0.00852,
20	8	20	26121.526908312335	-840.4235843230416 0.01872, 0.01630, 0.01119, 0.01069, 0.01098, 0.01032,
0	4	20	28740.3384198216	-932.9213935586831 0.01606, 0.01364, 0.00976, 0.01020, 0.01092, 0.01000,
40	3	20	13837.540471493887	-830.007355641945 0.04101, 0.03661, 0.01757, 0.01814, 0.01652, 0.01457,
0	5	20	28738.316058283657	-932.9507886030561 0.01414, 0.01215, 0.00775, 0.00790, 0.00787, 0.00859,
40	4	20	13846.560789811016	-830.5750767152332 0.01937, 0.01382, 0.00890, 0.00910, 0.00914, 0.00935,
0	6	20	28738.404150085844	-932.9479329067295 0.01442, 0.01305, 0.00767, 0.00885, 0.00837, 0.00800,
40	5	20	13846.900272796733	-830.5964655408039 0.01488, 0.01271, 0.00838, 0.00828, 0.00813, 0.00853,
0	7	20	28738.443101410172	-932.9497686638289 0.01469, 0.01375, 0.00945, 0.00960, 0.00954, 0.00887,
40	6	20	13846.864616537052	-830.5942215632649 0.01929, 0.01776, 0.01281, 0.00940, 0.00926, 0.00897,
0	8	20	28738.43646059418	-932.9494373867975 0.01439, 0.01347, 0.00821, 0.00831, 0.00806, 0.00779,
40	7	20	13846.890983634654	-830.595881460106 0.01691, 0.01423, 0.00986, 0.01026, 0.01035, 0.01103,
20	3	20	26132.926874032415	-839.8519864389281 0.01420, 0.01209, 0.00801, 0.00821, 0.00837, 0.00847,
40	8	20	13846.885940096276	-830.595563914292 0.01816, 0.01750, 0.01451, 0.01313, 0.01451, 0.01391,
20	4	20	26123.452400417013	-840.404899161158360	3	20	655.2461922780043	-0.10147753489897193 0.01655, 0.01466, 0.00886, 0.00864, 0.00877, 0.00862,
 0.01464, 0.01220, 0.00849, 0.00832, 0.00892, 0.00824,
60	4	20	655.2481606116073	-0.1014384365793941120	5	20	26121.404867652265	-840.4243767585658 0.01273, 0.01121, 0.00760, 0.00786, 0.00761, 0.00783,
 0.01385, 0.01237, 0.00772, 0.00803, 0.00823, 0.00805,
20	6	20	26121.49794572497	-840.422235855621760	5	20	655.247931032858	-0.10144028290765095 0.01259, 0.01116, 0.00734, 0.00774, 0.00740, 0.00753,
 0.01306, 0.01142, 0.00778, 0.00803, 0.00808, 0.00798,
60	6	20	655.2479214508073	-0.1014404812816326320	7	20	26121.533493247625	-840.4239031030164 0.01575, 0.01385, 0.00934, 0.00899, 0.00845, 0.00871,
 0.01514, 0.01250, 0.00866, 0.00934, 0.00835, 0.00860,
20	8	20	26121.526908312335	-840.423584323041660	7	20	655.2479233057703	-0.10144052518814994 0.01320, 0.01126, 0.00788, 0.00787, 0.00731, 0.00793,
 0.01387, 0.01249, 0.00900, 0.00822, 0.00757, 0.00805,
40	3	20	13837.540471493887	-830.00735564194560	8	20	655.2479236965905	-0.10144052550107063 0.01611, 0.01664, 0.01588, 0.01588, 0.01143, 0.01143, 0.01111, 0.01127, 0.01048, 0.01059, 0.01090, 0.01089,

80	3	20	655.2461922780043	-0.1014775348989719340	4	20	13846.560789811016	-830.5750767152332 0.01511, 0.01544, 0.01573, 0.01575, 0.01039, 0.01043, 0.01127, 0.01127, 0.01048, 0.01052, 0.01104, 0.01105,

80	4	20	655.2481606116073	-0.1014384365793941140	5	20	13846.900272796733	-830.5964655408039 0.01325, 0.01197, 0.00748, 0.00738, 0.00860, 0.00763,
 0.01413, 0.01299, 0.00836, 0.00952, 0.00991, 0.00896,
80	5	20	655.247931032858	-0.1014402829076509540	6	20	13846.864616537052	-830.5942215632649 0.01416, 0.01226, 0.00809, 0.00993, 0.00856, 0.00861,
 0.01483, 0.01282, 0.00853, 0.00890, 0.00874, 0.00879,
80	6	20	655.2479214508073	-0.1014404812816326340	7	20	13846.890983634654	-830.595881460106 0.01434, 0.01414, 0.00886, 0.00933, 0.00879, 0.00854,
 0.01683, 0.01498, 0.01014, 0.00948, 0.00965, 0.00939,
80	7	20	655.2479233057703	-0.1014405251881499440	8	20	13846.885940096276	-830.595563914292 0.01585, 0.01396, 0.00954, 0.00850, 0.00851, 0.00833,
 0.01390, 0.01156, 0.00728, 0.00765, 0.00746, 0.00726,
80	8	20	655.2479236965905	-0.1014405255010706360	3	20	655.2461922780043	-0.10147753489897193 0.01541, 0.01194, 0.00799, 0.00810, 0.00800, 0.00782,
 0.01362, 0.01207, 0.00908, 0.00843, 0.00813, 0.00851,
0	3	20	28760.127404868763	-932.623793160253560	4	20	655.2481606116073	-0.10143843657939411 0.01580, 0.01520, 0.00989, 0.00914, 0.00932, 0.00953,
 0.01426, 0.02153, 0.01534, 0.01602, 0.01627, 0.01023,
60	5	20	655.247931032858	-0.101440282907650950	4	20	28740.3384198216	-932.9213935586831 0.01856, 0.01851, 0.01094, 0.01091, 0.01126, 0.01059,
 0.01344, 0.01126, 0.00735, 0.00752, 0.00822, 0.00767,
60	6	20	655.2479214508073	-0.101440481281632630	5	20	28738.316058283657	-932.9507886030561 0.01446, 0.01307, 0.00715, 0.00719, 0.00837, 0.00791,
 0.01396, 0.01261, 0.00820, 0.00845, 0.00839, 0.00758,
0	6	20	28738.404150085844	-932.947932906729560	7	20	655.2479233057703	-0.10144052518814994 0.01283, 0.01135, 0.00761, 0.00749, 0.00740, 0.00749,
 0.01247, 0.01126, 0.00784, 0.00759, 0.00766, 0.00755,
60	8	20	655.2479236965905	-0.101440525501070630	7	20	28738.443101410172	-932.9497686638289 0.01453, 0.01286, 0.00803, 0.00840, 0.00854, 0.00898,
 0.01457, 0.01450, 0.01047, 0.01048, 0.01158, 0.00988,
0	8	20	28738.43646059418	-932.949437386797580	3	20	655.2461922780043	-0.10147753489897193 0.01565, 0.01404, 0.00814, 0.00817, 0.00787, 0.00753,
 0.01394, 0.01200, 0.00810, 0.00781, 0.00797, 0.00780,
20	3	20	26132.926874032415	-839.851986438928180	4	20	655.2481606116073	-0.10143843657939411 0.01192, 0.01045, 0.00730, 0.00713, 0.00701, 0.00701,
 0.01086, 0.01019, 0.00687, 0.00709, 0.00738, 0.00736,
20	4	20	26123.452400417013	-840.404899161158380	5	20	655.247931032858	-0.10144028290765095 0.01278, 0.01076, 0.00710, 0.00735, 0.00681, 0.00692,
 0.01406, 0.01165, 0.00748, 0.00763, 0.00737, 0.00921,
20	5	20	26121.404867652265	-840.424376758565880	6	20	655.2479214508073	-0.10144048128163263 0.01289, 0.01160, 0.00744, 0.00748, 0.00797, 0.00824,
 0.01371, 0.01168, 0.00766, 0.00757, 0.01256, 0.01370,
20	6	20	26121.49794572497	-840.422235855621780	7	20	655.2479233057703	-0.10144052518814994 0.01440, 0.01360, 0.01595, 0.00921, 0.00920, 0.01318, 0.00968, 0.00890, 0.01137, 0.00967, 0.01055, 0.00936,

20	7	20	26121.533493247625	-840.423903103016480	8	20	655.2479236965905	-0.10144052550107063 0.01397, 0.01406, 0.01323, 0.01346, 0.01029, 0.01028, 0.00969, 0.00977, 0.01008, 0.01008, 0.01026, 0.01026,

0	3	20	28760.127404868763	-932.623793160253520	8	20	26121.526908312335	-840.4235843230416 0.01478, 0.01294, 0.00782, 0.00814, 0.00885, 0.00785,
 0.01514, 0.01335, 0.00793, 0.00821, 0.00840, 0.00896,
0	4	20	28740.3384198216	-932.921393558683140	3	20	13837.540471493887	-830.007355641945 0.01448, 0.01265, 0.00804, 0.00815, 0.00847, 0.00946,
 0.01363, 0.01159, 0.00830, 0.00802, 0.00841, 0.00864,
0	5	20	28738.316058283657	-932.950788603056140	4	20	13846.560789811016	-830.5750767152332 0.01390, 0.01396, 0.01407, 0.01407, 0.01044, 0.01046, 0.01098, 0.01060, 0.01058, 0.01057, 0.01025, 0.01024,

0	6	20	28738.404150085844	-932.947932906729540	5	20	13846.900272796733	-830.5964655408039 0.01592, 0.01591, 0.01488, 0.01488, 0.01307, 0.01392, 0.01208, 0.01229, 0.01068, 0.01068, 0.01130, 0.01155,

40	6	20	13846.864616537052	-830.59422156326490	7	20	28738.443101410172	-932.9497686638289 0.01846, 0.01823, 0.01658, 0.01779, 0.01163, 0.01140, 0.01229, 0.01132, 0.01242, 0.01205, 0.01182, 0.01121,

40	7	20	13846.890983634654	-830.5958814601060	8	20	28738.43646059418	-932.9494373867975 0.01322, 0.01174, 0.00859, 0.00870, 0.00962, 0.00800,
 0.01305, 0.01110, 0.00725, 0.00746, 0.00790, 0.00773,
40	8	20	13846.885940096276	-830.59556391429220	3	20	26132.926874032415	-839.8519864389281 0.01232, 0.01255, 0.00799, 0.00852, 0.00792, 0.00773,
 0.01191, 0.01080, 0.00751, 0.00765, 0.00783, 0.00791,
60	3	20	655.2461922780043	-0.1014775348989719320	4	20	26123.452400417013	-840.4048991611583 0.01301, 0.01150, 0.00776, 0.00773, 0.00751, 0.00776,
 0.01220, 0.01079, 0.00724, 0.00803, 0.00787, 0.00798,
60	4	20	655.2481606116073	-0.1014384365793941120	5	20	26121.404867652265	-840.4243767585658 0.01441, 0.01378, 0.00833, 0.00806, 0.00838, 0.00940,
 0.03471, 0.01827, 0.01196, 0.01095, 0.01323, 0.01134,
20	6	20	26121.49794572497	-840.422235855621760	5	20	655.247931032858	-0.10144028290765095 0.01548, 0.01521, 0.01350, 0.01381, 0.01014, 0.01016, 0.00939, 0.00955, 0.00937, 0.00949, 0.00983, 0.00985,

60	6	20	655.2479214508073	-0.1014404812816326320	7	20	26121.533493247625	-840.4239031030164 0.01620, 0.01620, 0.01609, 0.01616, 0.01101, 0.01130, 0.01221, 0.01222, 0.01154, 0.01155, 0.01153, 0.01162,

60	7	20	655.2479233057703	-0.1014405251881499420	8	20	26121.526908312335	-840.4235843230416 0.01750, 0.01577, 0.00972, 0.00996, 0.00903, 0.01020,
 0.01736, 0.01523, 0.01111, 0.01079, 0.01071, 0.01267,
60	8	20	655.2479236965905	-0.1014405255010706340	3	20	13837.540471493887	-830.007355641945 0.01533, 0.01387, 0.01134, 0.01097, 0.01027, 0.00979,
 0.01559, 0.01340, 0.00903, 0.01073, 0.00915, 0.00892,
80	3	20	655.2461922780043	-0.1014775348989719340	4	20	13846.560789811016	-830.5750767152332 0.01444, 0.01470, 0.01397, 0.01409, 0.00926, 0.00956, 0.00883, 0.00933, 0.00871, 0.00928, 0.00913, 0.00917,

40	5	20	13846.900272796733	-830.596465540803980	4	20	655.2481606116073	-0.10143843657939411 0.01152, 0.01152, 0.01130, 0.01131, 0.00861, 0.00863, 0.00881, 0.00882, 0.00898, 0.00898, 0.00945, 0.00946,

80	5	20	655.247931032858	-0.1014402829076509540	6	20	13846.864616537052	-830.5942215632649 0.01457, 0.01459, 0.01418, 0.01418, 0.01022, 0.01042, 0.01053, 0.01056, 0.01025, 0.01035, 0.00957, 0.00960,

40	7	20	13846.890983634654	-830.59588146010680	6	20	655.2479214508073	-0.10144048128163263 0.01265, 0.01215, 0.00737, 0.00848, 0.00813, 0.00765,
 0.01235, 0.01123, 0.00830, 0.01015, 0.00997, 0.00797,
40	8	20	13846.885940096276	-830.59556391429280	7	20	655.2479233057703	-0.10144052518814994 0.01659, 0.01661, 0.01623, 0.01629, 0.01149, 0.01165, 0.01258, 0.01255, 0.01071, 0.01075, 0.01171, 0.01166,

80	8	20	655.2479236965905	-0.1014405255010706360	3	20	655.2461922780043	-0.10147753489897193 0.01541, 0.01412, 0.00897, 0.00880, 0.00899, 0.01023,
 0.01620, 0.02216, 0.01463, 0.01501, 0.01350, 0.00925,
0	3	20	28760.127404868763	-932.623793160253560	4	20	655.2481606116073	-0.10143843657939411 0.01926, 0.01704, 0.01045, 0.01130, 0.01000, 0.01082,
 0.01954, 0.01474, 0.01183, 0.01062, 0.01120, 0.01102,
0	4	20	28740.3384198216	-932.921393558683160	5	20	655.247931032858	-0.10144028290765095 0.01933, 0.01797, 0.01187, 0.01996, 0.01186, 0.01771, 0.01223, 0.01286, 0.01192, 0.01324, 0.01421,
 0.01342,
0	5	20	28738.316058283657	-932.950788603056160	6	20	655.2479214508073	-0.10144048128163263 0.01647, 0.01486, 0.00927, 0.00950, 0.01099, 0.00961,
 0.01706, 0.01432, 0.00882, 0.00872, 0.00974, 0.00927,
0	6	20	28738.404150085844	-932.947932906729560	7	20	655.2479233057703	-0.10144052518814994 0.01918, 0.01918, 0.01777, 0.01698, 0.01435, 0.01438, 0.01316, 0.01316, 0.01335, 0.01342, 0.01414, 0.01410,

0	7	20	28738.443101410172	-932.949768663828960	8	20	655.2479236965905	-0.10144052550107063 0.01869, 0.01758, 0.01144, 0.01194, 0.01127, 0.01227,
 0.01602, 0.01373, 0.00954, 0.00964, 0.00941, 0.00894,
0	8	20	28738.43646059418	-932.949437386797580	3	20	655.2461922780043	-0.10147753489897193 0.01290, 0.01290, 0.01323, 0.01324, 0.00921, 0.00921, 0.00980, 0.00981, 0.01046, 0.01059, 0.00877, 0.00855,

80	4	20	655.2481606116073	-0.1014384365793941120	3	20	26132.926874032415	-839.8519864389281 0.01513, 0.01391, 0.00896, 0.00993, 0.00925, 0.00863,
 0.01693, 0.01455, 0.00893, 0.01139, 0.00998, 0.00915,
80	5	20	655.247931032858	-0.1014402829076509520	4	20	26123.452400417013	-840.4048991611583 0.01883, 0.01937, 0.01865, 0.01864, 0.01315, 0.01330, 0.01331, 0.01351, 0.01300, 0.01273, 0.01406, 0.01420,

20	5	20	26121.404867652265	-840.424376758565880	6	20	655.2479214508073	-0.10144048128163263 0.01625, 0.01614, 0.01059, 0.01101, 0.01052, 0.01141, 0.02163,
 0.01762, 0.01117, 0.01040, 0.01145, 0.01004,
20	6	20	26121.49794572497	-840.422235855621780	7	20	655.2479233057703	-0.10144052518814994 0.01774, 0.01695, 0.01073, 0.00983, 0.01056, 0.00948,
 0.01479, 0.01380, 0.00875, 0.00880, 0.00910, 0.00870,
20	7	20	26121.533493247625	-840.423903103016480	8	20	655.2479236965905	-0.10144052550107063 0.01868, 0.01927, 0.01875, 0.01880, 0.01373, 0.01380, 0.01315, 0.01325, 0.01298, 0.01327, 0.01423, 0.01426,

0	3	20	28760.127404868763	-932.623793160253520	8	20	26121.526908312335	-840.4235843230416 0.01870, 0.01871, 0.01764, 0.01777, 0.01352, 0.01407, 0.01170, 0.01263, 0.01283, 0.01284, 0.01317, 0.01322,

0	4	20	28740.3384198216	-932.921393558683140	3	20	13837.540471493887	-830.007355641945 0.01620, 0.01619, 0.01597, 0.01585, 0.01136, 0.01156, 0.01146, 0.01164, 0.01164, 0.01186, 0.01152, 0.01165,

0	5	20	28738.316058283657	-932.950788603056140	4	20	13846.560789811016	-830.5750767152332 0.01952, 0.02005, 0.02178, 0.02180, 0.01503, 0.01507, 0.01398, 0.01397, 0.01382, 0.01353, 0.01392, 0.01294,

40	5	20	13846.900272796733	-830.59646554080390	6	20	28738.404150085844	-932.9479329067295 0.01737, 0.01738, 0.01805, 0.01803, 0.01319, 0.01320, 0.01432, 0.01431, 0.01308, 0.01313, 0.01151, 0.01120,

40	6	20	13846.864616537052	-830.59422156326490	7	20	28738.443101410172	-932.9497686638289 0.02078, 0.02084, 0.01836, 0.01918, 0.01303, 0.01311, 0.01312, 0.01333, 0.01346, 0.01383, 0.01171, 0.01231,

0	8	20	28738.43646059418	-932.949437386797540	7	20	13846.890983634654	-830.595881460106 0.01611, 0.01627, 0.01586, 0.01594, 0.01220, 0.01196, 0.01122, 0.01154, 0.01226, 0.01247, 0.01311, 0.01280,

40	8	20	13846.885940096276	-830.59556391429220	3	20	26132.926874032415	-839.8519864389281 0.01812, 0.01786, 0.01096, 0.01060, 0.01028, 0.01108,
 0.01636, 0.01384, 0.00935, 0.00895, 0.00890, 0.01070,
60	3	20	655.2461922780043	-0.1014775348989719320	4	20	26123.452400417013	-840.4048991611583 0.01856, 0.01923, 0.01747, 0.01751, 0.01328, 0.01335, 0.01372, 0.01400, 0.01255, 0.01292, 0.01254, 0.01273,

60	4	20	655.2481606116073	-0.1014384365793941120	5	20	26121.404867652265	-840.4243767585658 0.01699, 0.01618, 0.01569, 0.01568, 0.01108, 0.01107, 0.01198, 0.01199, 0.01075, 0.01102, 0.01174, 0.01175,

60	5	20	655.247931032858	-0.1014402829076509520	6	20	26121.49794572497	-840.4222358556217 0.01751, 0.01866, 0.01312, 0.01308, 0.01196, 0.02156, 0.01205, 0.01906, 0.01275,
 0.01255, 0.01020, 0.01042,
60	6	20	655.2479214508073	-0.1014404812816326320	7	20	26121.533493247625	-840.4239031030164 0.01857, 0.01733, 0.01106, 0.01008, 0.01124, 0.01173,
 0.01687, 0.01451, 0.00945, 0.00942, 0.01009, 0.00958,
60	7	20	655.2479233057703	-0.1014405251881499420	8	20	26121.526908312335	-840.4235843230416 0.01707, 0.01608, 0.00990, 0.01022, 0.01015, 0.01003,
 0.01533, 0.01398, 0.00876, 0.00901, 0.00895, 0.00901,
40	3	20	13837.540471493887	-830.00735564194560	8	20	655.2479236965905	-0.10144052550107063 0.01921, 0.01922, 0.01775, 0.01776, 0.01400, 0.01408, 0.01233, 0.01261, 0.01252, 0.01269, 0.01453, 0.01461,

80	3	20	655.2461922780043	-0.1014775348989719340	4	20	13846.560789811016	-830.5750767152332 0.01903, 0.02067, 0.01849, 0.01779, 0.01189, 0.01174, 0.01169, 0.01066, 0.01162, 0.01097, 0.01312, 0.01124,

40	5	20	13846.900272796733	-830.596465540803980	4	20	655.2481606116073	-0.10143843657939411 0.01613, 0.01616, 0.01572, 0.01570, 0.01230, 0.01219, 0.01134, 0.01140, 0.01216, 0.01215, 0.01130, 0.01130,

40	6	20	13846.864616537052	-830.594221563264980	5	20	655.247931032858	-0.10144028290765095 0.01393, 0.01501, 0.00891, 0.00899, 0.00961, 0.00947,
 0.01719, 0.01492, 0.00926, 0.00938, 0.00902, 0.00977,
40	7	20	13846.890983634654	-830.59588146010680	6	20	655.2479214508073	-0.10144048128163263 0.01685, 0.01587, 0.01092, 0.01044, 0.01014, 0.01000,
 0.01999, 0.01678, 0.01163, 0.01558, 0.01889, 0.02126,
40	8	20	13846.885940096276	-830.59556391429280	7	20	655.2479233057703	-0.10144052518814994 0.01784, 0.01788, 0.01770, 0.01773, 0.01314, 0.01312, 0.01391, 0.01423, 0.01305, 0.01327, 0.01366, 0.01398,

80	8	20	655.2479236965905	-0.1014405255010706360	3	20	655.2461922780043	-0.10147753489897193 0.01664, 0.01666, 0.01567, 0.01566, 0.01094, 0.01094, 0.01137, 0.01137, 0.01163, 0.01163, 0.01231, 0.01236,

60	4	20	655.2481606116073	-0.101438436579394110	3	20	28760.127404868763	-932.6237931602535 0.01846, 0.01846, 0.01754, 0.01753, 0.01271, 0.01252, 0.01295, 0.01317, 0.01208, 0.01265, 0.01295, 0.01356,

60	5	20	655.247931032858	-0.101440282907650950	4	20	28740.3384198216	-932.9213935586831 0.01925, 0.01945, 0.01844, 0.01842, 0.01369, 0.01371, 0.01366, 0.01367, 0.01317, 0.01302, 0.01337, 0.01335,

60	6	20	655.2479214508073	-0.101440481281632630	5	20	28738.316058283657	-932.9507886030561 0.01622, 0.01624, 0.01637, 0.01636, 0.01115, 0.01114, 0.01196, 0.01225, 0.01094, 0.01088, 0.01188, 0.01207,

0	6	20	28738.404150085844	-932.947932906729560	7	20	655.2479233057703	-0.10144052518814994 0.01938, 0.02035, 0.01783, 0.01783, 0.01291, 0.01300, 0.01248, 0.01266, 0.01426, 0.01473, 0.01490, 0.01509,

0	7	20	28738.443101410172	-932.949768663828960	8	20	655.2479236965905	-0.10144052550107063 0.01942, 0.01960, 0.01776, 0.01775, 0.01236, 0.01301, 0.01291, 0.01232, 0.01263, 0.01320, 0.01336, 0.01344,

80	3	20	655.2461922780043	-0.101477534898971930	8	20	28738.43646059418	-932.9494373867975 0.01856, 0.01811, 0.01675, 0.01684, 0.01119, 0.01135, 0.01181, 0.01212, 0.01064, 0.01108, 0.01201, 0.01258,

20	3	20	26132.926874032415	-839.851986438928180	4	20	655.2481606116073	-0.10143843657939411 0.01985, 0.01986, 0.01814, 0.01813, 0.01352, 0.01401, 0.01307, 0.01309, 0.01396, 0.01412, 0.01383, 0.01382,

20	4	20	26123.452400417013	-840.404899161158380	5	20	655.247931032858	-0.10144028290765095 0.01898, 0.01953, 0.01785, 0.01822, 0.01198, 0.01191, 0.01327, 0.01325, 0.01326, 0.01329, 0.01441, 0.01388,

80	6	20	655.2479214508073	-0.1014404812816326320	5	20	26121.404867652265	-840.4243767585658 0.01682, 0.01683, 0.01608, 0.01608, 0.01105, 0.01166, 0.01076, 0.01127, 0.01042, 0.01072, 0.01001, 0.01066,

20	6	20	26121.49794572497	-840.422235855621780	7	20	655.2479233057703	-0.10144052518814994 0.01886, 0.01825, 0.01074, 0.01069, 0.01075, 0.01174,
 0.01825, 0.01576, 0.01088, 0.01057, 0.01037, 0.01006,
80	8	20	655.2479236965905	-0.1014405255010706320	7	20	26121.533493247625	-840.4239031030164 0.02187, 0.02217, 0.01954, 0.01956, 0.01466, 0.01459, 0.01358, 0.01358, 0.01303, 0.01311, 0.01462, 0.01476,

20	8	20	26121.526908312335	-840.42358432304160	3	20	28760.127404868763	-932.6237931602535 0.02267, 0.02178, 0.01191, 0.01256, 0.01123, 0.01136,
 0.01900, 0.01737, 0.01191, 0.01165, 0.01073, 0.01035,
40	3	20	13837.540471493887	-830.0073556419450	4	20	28740.3384198216	-932.9213935586831 0.01790, 0.01706, 0.01051, 0.01064, 0.00955, 0.00970,
 0.01715, 0.01457, 0.00911, 0.00914, 0.00890, 0.00880,
40	4	20	13846.560789811016	-830.57507671523320	5	20	28738.316058283657	-932.9507886030561 0.01972, 0.01983, 0.02027, 0.02032, 0.01420, 0.01434, 0.01325, 0.01351, 0.01212, 0.01215, 0.01275, 0.01227,

40	5	20	13846.900272796733	-830.59646554080390	6	20	28738.404150085844	-932.9479329067295 0.01803, 0.01807, 0.01798, 0.01795, 0.01258, 0.01267, 0.01475, 0.01576, 0.01277, 0.01226, 0.01186, 0.01166,

40	6	20	13846.864616537052	-830.59422156326490	7	20	28738.443101410172	-932.9497686638289 0.01613, 0.01614, 0.01574, 0.01574, 0.01219, 0.01219, 0.01089, 0.01089, 0.01270, 0.01240, 0.01113, 0.01115,

40	7	20	13846.890983634654	-830.5958814601060	8	20	28738.43646059418	-932.9494373867975 0.02191, 0.02239, 0.01898, 0.01898, 0.01241, 0.01249, 0.01343, 0.01423, 0.01299, 0.01304, 0.01328, 0.01363,

40	8	20	13846.885940096276	-830.59556391429220	3	20	26132.926874032415	-839.8519864389281 0.01896, 0.01926, 0.01760, 0.01761, 0.01257, 0.01250, 0.01552, 0.01515, 0.01425, 0.01427, 0.01416, 0.01369,

60	3	20	655.2461922780043	-0.1014775348989719320	4	20	26123.452400417013	-840.4048991611583 0.01811, 0.01718, 0.01861, 0.01863, 0.01263, 0.01260, 0.01229, 0.01229, 0.01264, 0.01263, 0.01158, 0.01208,

20	5	20	26121.404867652265	-840.424376758565860	4	20	655.2481606116073	-0.10143843657939411 0.01969, 0.02171, 0.01808, 0.01812, 0.01302, 0.01376, 0.01199, 0.01260, 0.01225, 0.01135, 0.01385, 0.01411,

60	5	20	655.247931032858	-0.1014402829076509520	6	20	26121.49794572497	-840.4222358556217 0.02051, 0.02061, 0.02011, 0.02037, 0.01278, 0.01304, 0.01385, 0.01386, 0.01303, 0.01328, 0.01367, 0.01420,

60	6	20	655.2479214508073	-0.1014404812816326320	7	20	26121.533493247625	-840.4239031030164 0.01612, 0.01612, 0.01541, 0.01541, 0.01180, 0.01180, 0.01103, 0.01104, 0.01246, 0.01251, 0.01156, 0.01165,

60	7	20	655.2479233057703	-0.1014405251881499420	8	20	26121.526908312335	-840.4235843230416 0.02114, 0.01701, 0.01199, 0.01232, 0.01160, 0.01094,
 0.01621, 0.01393, 0.00934, 0.00970, 0.00941, 0.00966,
60	8	20	655.2479236965905	-0.1014405255010706340	3	20	13837.540471493887	-830.007355641945 0.01867, 0.01868, 0.01791, 0.01795, 0.01237, 0.01237, 0.01257, 0.01347, 0.01253, 0.01227, 0.01214, 0.01258,

80	3	20	655.2461922780043	-0.1014775348989719340	4	20	13846.560789811016	-830.5750767152332 0.01705, 0.01548, 0.00918, 0.00986, 0.00919, 0.00988,
 0.01619, 0.01424, 0.00923, 0.00976, 0.00911, 0.01054,
80	4	20	655.2481606116073	-0.1014384365793941140	5	20	13846.900272796733	-830.5964655408039 0.02188, 0.01972, 0.01263, 0.01257, 0.01203, 0.01171,
 0.02063, 0.01919, 0.01179, 0.01106, 0.01138, 0.01339,
80	5	20	655.247931032858	-0.1014402829076509540	6	20	13846.864616537052	-830.5942215632649 0.02001, 0.01641, 0.00986, 0.00952, 0.01178, 0.01068,
 0.02280, 0.01606, 0.01058, 0.00979, 0.01044, 0.01148,
80	6	20	655.2479214508073	-0.1014404812816326340	7	20	13846.890983634654	-830.595881460106 0.01694, 0.01695, 0.01631, 0.01628, 0.01088, 0.01093, 0.01101, 0.01118, 0.01064, 0.01048, 0.01093, 0.01151,

40	8	20	13846.885940096276	-830.59556391429280	7	20	655.2479233057703	-0.10144052518814994 0.01463, 0.01471, 0.00942, 0.01011, 0.01033, 0.01019,
 0.01829, 0.01560, 0.00967, 0.01248, 0.00987, 0.01157,
80	8	20	655.2479236965905	-0.1014405255010706360	3	20	655.2461922780043	-0.10147753489897193 0.01921, 0.01975, 0.01815, 0.01939, 0.01321, 0.01340, 0.01356, 0.01401, 0.01382, 0.01367, 0.01313, 0.01315,

60	4	20	655.2481606116073	-0.101438436579394110	3	20	28760.127404868763	-932.6237931602535 0.01550, 0.01543, 0.00930, 0.01043, 0.00935, 0.00959,
 0.01783, 0.01620, 0.01289, 0.01076, 0.01112, 0.01077,
60	5	20	655.247931032858	-0.101440282907650950	4	20	28740.3384198216	-932.9213935586831 0.01379, 0.01496, 0.00944, 0.00885, 0.00870, 0.00850,
 0.01644, 0.01492, 0.01124, 0.01136, 0.01046, 0.00945,
60	6	20	655.2479214508073	-0.101440481281632630	5	20	28738.316058283657	-932.9507886030561 0.01879, 0.01880, 0.01963, 0.01970, 0.01401, 0.01390, 0.01204, 0.01217, 0.01325, 0.01313, 0.01357, 0.01351,

60	7	20	655.2479233057703	-0.101440525188149940	6	20	28738.404150085844	-932.9479329067295 0.02706, 0.02531, 0.02432, 0.02081, 0.01451, 0.01454, 0.01524, 0.01475, 0.01457, 0.01494, 0.01369, 0.01393,

60	8	20	655.2479236965905	-0.101440525501070630	7	20	28738.443101410172	-932.9497686638289 0.01635, 0.01625, 0.01584, 0.01587, 0.01206, 0.01174, 0.01196, 0.01187, 0.01140, 0.01110, 0.01173, 0.01172,

0	8	20	28738.43646059418	-932.949437386797580	3	20	655.2461922780043	-0.10147753489897193 0.01647, 0.01651, 0.01578, 0.01579, 0.01139, 0.01133, 0.01249, 0.01267, 0.01139, 0.01138, 0.01253, 0.01271,

80	4	20	655.2481606116073	-0.1014384365793941120	3	20	26132.926874032415	-839.8519864389281 0.01866, 0.01763, 0.01710, 0.01710, 0.01134, 0.01135, 0.01168, 0.01166, 0.01189, 0.01213, 0.01261, 0.01266,

80	5	20	655.247931032858	-0.1014402829076509520	4	20	26123.452400417013	-840.4048991611583 0.01649, 0.01663, 0.01544, 0.01542, 0.01091, 0.01115, 0.01067, 0.01069, 0.01187, 0.01209, 0.01087, 0.01099,

20	5	20	26121.404867652265	-840.424376758565880	6	20	655.2479214508073	-0.10144048128163263 0.01605, 0.01601, 0.01507, 0.01484, 0.01041, 0.01041, 0.01070, 0.01118, 0.01058, 0.01131, 0.00985, 0.01043,

80	7	20	655.2479233057703	-0.1014405251881499420	6	20	26121.49794572497	-840.4222358556217 0.01505, 0.01504, 0.01559, 0.01569, 0.01052, 0.01055, 0.01097, 0.01104, 0.00999, 0.01003, 0.01040, 0.01040,

20	7	20	26121.533493247625	-840.423903103016480	8	20	655.2479236965905	-0.10144052550107063 0.01522, 0.01532, 0.01498, 0.01502, 0.01188, 0.01217, 0.01142, 0.01157, 0.01115, 0.01274, 0.01033, 0.01027,

20	8	20	26121.526908312335	-840.42358432304160	3	20	28760.127404868763	-932.6237931602535 0.01514, 0.01414, 0.00846, 0.00863, 0.00925, 0.00937,
 0.01429, 0.01244, 0.00846, 0.00853, 0.00850, 0.00820,
40	3	20	13837.540471493887	-830.0073556419450	4	20	28740.3384198216	-932.9213935586831 0.01554, 0.01437, 0.00873, 0.00866, 0.00889, 0.00848,
 0.01330, 0.01183, 0.00777, 0.00877, 0.00858, 0.00805,
40	4	20	13846.560789811016	-830.57507671523320	5	20	28738.316058283657	-932.9507886030561 0.01559, 0.01840, 0.01700, 0.01558, 0.00998, 0.01011, 0.01094, 0.00962, 0.00977, 0.00933, 0.01199, 0.01120,

40	5	20	13846.900272796733	-830.59646554080390	6	20	28738.404150085844	-932.9479329067295 0.01647, 0.01502, 0.00853, 0.00836, 0.00899, 0.00894,
 0.01490, 0.01264, 0.00784, 0.00811, 0.00805, 0.00800,
40	6	20	13846.864616537052	-830.59422156326490	7	20	28738.443101410172	-932.9497686638289 0.01479, 0.01411, 0.00870, 0.00871, 0.00869, 0.00943,
 0.01663, 0.01317, 0.00817, 0.00852, 0.00832, 0.00816,
0	8	20	28738.43646059418	-932.949437386797540	7	20	13846.890983634654	-830.595881460106 0.01368, 0.01367, 0.01397, 0.01402, 0.01009, 0.00971, 0.01000, 0.01006, 0.01043, 0.01051, 0.01023, 0.01000,

40	8	20	13846.885940096276	-830.59556391429220	3	20	26132.926874032415	-839.8519864389281 0.01454, 0.01527, 0.01440, 0.01440, 0.01000, 0.00998, 0.00976, 0.00975, 0.00993, 0.00991, 0.00964, 0.00947,

60	3	20	655.2461922780043	-0.1014775348989719320	4	20	26123.452400417013	-840.4048991611583 0.01607, 0.01607, 0.01659, 0.01674, 0.01096, 0.01095, 0.01108, 0.01107, 0.01103, 0.01153, 0.01105, 0.01140,

20	5	20	26121.404867652265	-840.424376758565860	4	20	655.2481606116073	-0.10143843657939411 0.01399, 0.01413, 0.01394, 0.01392, 0.00968, 0.00960, 0.00957, 0.00975, 0.00980, 0.01002, 0.00982, 0.00998,

60	5	20	655.247931032858	-0.1014402829076509520	6	20	26121.49794572497	-840.4222358556217 0.01432, 0.01432, 0.01437, 0.01436, 0.00973, 0.00975, 0.01047, 0.01048, 0.01049, 0.01049, 0.01076, 0.01175,

60	6	20	655.2479214508073	-0.1014404812816326320	7	20	26121.533493247625	-840.4239031030164 0.01382, 0.01381, 0.01337, 0.01337, 0.00976, 0.00985, 0.00994, 0.01003, 0.00994, 0.01003, 0.01031, 0.01019,

60	7	20	655.2479233057703	-0.1014405251881499420	8	20	26121.526908312335	-840.4235843230416 0.01480, 0.01479, 0.01592, 0.01601, 0.00956, 0.00957, 0.00977, 0.00977, 0.01015, 0.01015, 0.01044, 0.01045,

60	8	20	655.2479236965905	-0.1014405255010706340	3	20	13837.540471493887	-830.007355641945 0.01447, 0.01284, 0.00863, 0.00852, 0.00854, 0.00814,
 0.01389, 0.01191, 0.00837, 0.00848, 0.00825, 0.00825,
80	3	20	655.2461922780043	-0.1014775348989719340	4	20	13846.560789811016	-830.5750767152332 0.01450, 0.01451, 0.01411, 0.01412, 0.01012, 0.01006, 0.01101, 0.01104, 0.00964, 0.00977, 0.00938, 0.00949,

40	5	20	13846.900272796733	-830.596465540803980	4	20	655.2481606116073	-0.10143843657939411 0.01542, 0.01339, 0.00750, 0.00812, 0.00839, 0.00841,
 0.01746, 0.01493, 0.00954, 0.01002, 0.00991, 0.00922,
40	6	20	13846.864616537052	-830.594221563264980	5	20	655.247931032858	-0.10144028290765095 0.01477, 0.01484, 0.01425, 0.01425, 0.01119, 0.01118, 0.01124, 0.01123, 0.01127, 0.01128, 0.01049, 0.01062,

80	6	20	655.2479214508073	-0.1014404812816326340	7	20	13846.890983634654	-830.595881460106 0.01613, 0.01612, 0.01544, 0.01551, 0.01200, 0.01200, 0.01128, 0.01150, 0.01127, 0.01153, 0.01067, 0.01079,

80	7	20	655.2479233057703	-0.1014405251881499440	8	20	13846.885940096276	-830.595563914292 0.01443, 0.01317, 0.00860, 0.00901, 0.00811, 0.00802,
 0.01259, 0.01135, 0.00815, 0.00847, 0.00878, 0.00814,
60	3	20	655.2461922780043	-0.1014775348989719380	8	20	655.2479236965905	-0.10144052550107063 0.01414, 0.01410, 0.01432, 0.01437, 0.01031, 0.01026, 0.00977, 0.00977, 0.01034, 0.01033, 0.01078, 0.01078,

0	3	20	28760.127404868763	-932.623793160253560	4	20	655.2481606116073	-0.10143843657939411 0.01442, 0.01382, 0.00909, 0.00909, 0.00865, 0.00933,
 0.01462, 0.01200, 0.00747, 0.00796, 0.00804, 0.00806,
0	4	20	28740.3384198216	-932.921393558683160	5	20	655.247931032858	-0.10144028290765095 0.01492, 0.01502, 0.01428, 0.01430, 0.01036, 0.01038, 0.01053, 0.01054, 0.01002, 0.01019, 0.01023, 0.01020,

0	5	20	28738.316058283657	-932.950788603056160	6	20	655.2479214508073	-0.10144048128163263 0.02017, 0.01800, 0.01063, 0.01106, 0.00951, 0.00925,
 0.01583, 0.01394, 0.00888, 0.00849, 0.00832, 0.00826,
0	6	20	28738.404150085844	-932.947932906729560	7	20	655.2479233057703	-0.10144052518814994 0.01636, 0.01446, 0.00841, 0.00892, 0.00927, 0.00900,
 0.01354, 0.01202, 0.00745, 0.00789, 0.00827, 0.00931,
0	7	20	28738.443101410172	-932.949768663828960	8	20	655.2479236965905	-0.10144052550107063 0.01447, 0.01446, 0.01436, 0.01436, 0.01017, 0.01017, 0.01036, 0.01036, 0.01124, 0.01125, 0.01047, 0.01062,

80	3	20	655.2461922780043	-0.101477534898971930	8	20	28738.43646059418	-932.9494373867975 0.01333, 0.01332, 0.01355, 0.01364, 0.00990, 0.00999, 0.00942, 0.00949, 0.00954, 0.00956, 0.01023, 0.01009,

20	3	20	26132.926874032415	-839.851986438928180	4	20	655.2481606116073	-0.10143843657939411 0.01458, 0.01455, 0.01470, 0.01460, 0.00939, 0.00987, 0.01013, 0.00995, 0.01083, 0.01093, 0.00967, 0.00977,

20	4	20	26123.452400417013	-840.404899161158380	5	20	655.247931032858	-0.10144028290765095 0.01512, 0.01641, 0.00922, 0.00900, 0.00883, 0.00893,
 0.01583, 0.01339, 0.00927, 0.00906, 0.00917, 0.00960,
20	5	20	26121.404867652265	-840.424376758565880	6	20	655.2479214508073	-0.10144048128163263 0.01687, 0.01512, 0.00862, 0.00922, 0.01052, 0.00936,
 0.01570, 0.01379, 0.00924, 0.00904, 0.00962, 0.00908,
20	6	20	26121.49794572497	-840.422235855621780	7	20	655.2479233057703	-0.10144052518814994 0.02065, 0.02118, 0.01398, 0.01351, 0.01658, 0.01330,
 0.03206, 0.02068, 0.01284, 0.01316, 0.01311, 0.01268,
20	7	20	26121.533493247625	-840.423903103016480	8	20	655.2479236965905	-0.10144052550107063 0.01579, 0.01592, 0.01418, 0.01373, 0.00889, 0.00911, 0.00922, 0.01032, 0.00952, 0.01225, 0.01102, 0.01077,

20	8	20	26121.526908312335	-840.42358432304160	3	20	28760.127404868763	-932.6237931602535 0.01374, 0.01374, 0.01582, 0.01454, 0.01008, 0.01013, 0.01016, 0.01016, 0.00975, 0.00976, 0.01006, 0.01018,

40	3	20	13837.540471493887	-830.0073556419450	4	20	28740.3384198216	-932.9213935586831 0.01535, 0.01604, 0.01593, 0.01585, 0.00970, 0.00986, 0.00984, 0.01048, 0.00987, 0.00982, 0.00988, 0.00964,

40	4	20	13846.560789811016	-830.57507671523320	5	20	28738.316058283657	-932.9507886030561 0.01545, 0.01520, 0.00889, 0.00999, 0.00915, 0.01691, 0.01190, 0.01571, 0.01344,
 0.01114, 0.01219, 0.00980,
0	6	20	28738.404150085844	-932.947932906729540	5	20	13846.900272796733	-830.5964655408039 0.01477, 0.01514, 0.01457, 0.01463, 0.00965, 0.00964, 0.00972, 0.00973, 0.00962, 0.00972, 0.00881, 0.01084,

40	6	20	13846.864616537052	-830.59422156326490	7	20	28738.443101410172	-932.9497686638289 0.01400, 0.01340, 0.00837, 0.01448, 0.00861, 0.00823, 0.01294, 0.00850, 0.00829, 0.00790, 0.00832,
 0.00899,
40	7	20	13846.890983634654	-830.5958814601060	8	20	28738.43646059418	-932.9494373867975 0.01314, 0.01315, 0.01291, 0.01294, 0.00969, 0.00969, 0.00933, 0.00933, 0.00951, 0.00951, 0.00913, 0.00927,

20	3	20	26132.926874032415	-839.851986438928140	8	20	13846.885940096276	-830.595563914292 0.01244, 0.01245, 0.01328, 0.01318, 0.01159, 0.01077, 0.01004, 0.01013, 0.00992, 0.00990, 0.01009, 0.01034,

60	3	20	655.2461922780043	-0.1014775348989719320	4	20	26123.452400417013	-840.4048991611583 0.01497, 0.01343, 0.00783, 0.00784, 0.00831, 0.00799,
 0.01461, 0.01253, 0.00843, 0.00877, 0.00823, 0.00871,
60	4	20	655.2481606116073	-0.1014384365793941120	5	20	26121.404867652265	-840.4243767585658 0.01948, 0.01927, 0.02316, 0.01413, 0.01445, 0.02011, 0.01498, 0.01472, 0.01525, 0.01296, 0.01642,
 0.01502,
60	5	20	655.247931032858	-0.1014402829076509520	6	20	26121.49794572497	-840.4222358556217 0.01598, 0.01584, 0.01617, 0.01619, 0.01114, 0.01114, 0.01116, 0.01129, 0.01041, 0.01049, 0.01083, 0.01091,

60	6	20	655.2479214508073	-0.1014404812816326320	7	20	26121.533493247625	-840.4239031030164 0.01594, 0.01473, 0.00985, 0.00964, 0.01864, 0.00930, 0.01070, 0.01538, 0.00932, 0.00979,
 0.00959, 0.00896,
20	8	20	26121.526908312335	-840.423584323041660	7	20	655.2479233057703	-0.10144052518814994 0.01703, 0.01704, 0.01772, 0.01775, 0.01205, 0.01205, 0.01245, 0.01246, 0.01231, 0.01243, 0.01142, 0.01209,

40	3	20	13837.540471493887	-830.00735564194560	8	20	655.2479236965905	-0.10144052550107063 0.01590, 0.01630, 0.01580, 0.01567, 0.01054, 0.01087, 0.00991, 0.00996, 0.00951, 0.00989, 0.00980, 0.00948,

80	3	20	655.2461922780043	-0.1014775348989719340	4	20	13846.560789811016	-830.5750767152332 0.01715, 0.01591, 0.01030, 0.00962, 0.01109, 0.01069,
 0.01710, 0.01538, 0.01203, 0.01085, 0.01144, 0.01236,
80	4	20	655.2481606116073	-0.1014384365793941140	5	20	13846.900272796733	-830.5964655408039 0.01597, 0.01597, 0.01641, 0.01641, 0.01265, 0.01288, 0.01158, 0.01146, 0.01187, 0.01187, 0.01142, 0.01148,

40	6	20	13846.864616537052	-830.5942215632649 0.01812, 0.01794, 0.01147, 0.01152, 0.01251, 0.01150,

40	7	20	13846.890983634654	-830.595881460106 0.01845, 0.01669, 0.01020, 0.00988, 0.00975, 0.01074,
40	8	20	13846.885940096276	-830.595563914292 0.01477, 0.01444, 0.00839, 0.00836, 0.00859, 0.00848,
60	3	20	655.2461922780043	-0.10147753489897193 0.01465, 0.01310, 0.00795, 0.00818, 0.00792, 0.00806,
60	4	20	655.2481606116073	-0.10143843657939411 0.01777, 0.01604, 0.01027, 0.01026, 0.01193, 0.01133,
60	5	20	655.247931032858	-0.10144028290765095 0.01892, 0.01754, 0.01299, 0.01239, 0.01132, 0.01303,
60	6	20	655.2479214508073	-0.10144048128163263 0.01541, 0.01434, 0.00835, 0.00833, 0.00881, 0.00854,
60	7	20	655.2479233057703	-0.10144052518814994 0.01452, 0.01212, 0.00819, 0.00835, 0.00829, 0.00831,
60	8	20	655.2479236965905	-0.10144052550107063 0.01297, 0.01114, 0.00714, 0.00728, 0.00750, 0.00759,
80	3	20	655.2461922780043	-0.10147753489897193 0.01373, 0.01166, 0.00769, 0.00800, 0.00793, 0.00785,
80	4	20	655.2481606116073	-0.10143843657939411 0.01470, 0.01211, 0.00769, 0.00803, 0.00788, 0.00825,
80	5	20	655.247931032858	-0.10144028290765095 0.01422, 0.01225, 0.00786, 0.00811, 0.00806, 0.00829,
80	6	20	655.2479214508073	-0.10144048128163263 0.01518, 0.01333, 0.00814, 0.00807, 0.00803, 0.00793,
80	7	20	655.2479233057703	-0.10144052518814994 0.01588, 0.01358, 0.00798, 0.00804, 0.00809, 0.00819,
80	8	20	655.2479236965905	-0.10144052550107063 0.01321, 0.01290, 0.00804, 0.00825, 0.00827, 0.00817,
0	3	20	28760.127404868763	-932.6237931602535 0.01356, 0.01503, 0.00841, 0.00875, 0.00810, 0.00809,
0	4	20	28740.3384198216	-932.9213935586831 0.01343, 0.01182, 0.00781, 0.00815, 0.00812, 0.00805,
0	5	20	28738.316058283657	-932.9507886030561 0.01280, 0.01231, 0.00783, 0.00912, 0.00845, 0.00818,
0	6	20	28738.404150085844	-932.9479329067295 0.01266, 0.01215, 0.00777, 0.00789, 0.00809, 0.00773,
0	7	20	28738.443101410172	-932.9497686638289 0.01634, 0.01544, 0.00946, 0.00910, 0.00908, 0.00879,
0	3	40	28760.127404868763	-932.6237931602535 0.01261, 0.01215, 0.00792, 0.00827, 0.00819, 0.00785,
0	8	20	28738.43646059418	-932.9494373867975 0.01701, 0.01434, 0.00928, 0.00917, 0.00935, 0.00951,
0	4	40	28740.3384198216	-932.9213935586831 0.01404, 0.01251, 0.00844, 0.00838, 0.00844, 0.00871,
20	3	20	26132.926874032415	-839.8519864389281 0.01499, 0.01282, 0.00829, 0.00855, 0.00825, 0.00835,
0	5	40	28738.316058283657	-932.9507886030561 0.01362, 0.01189, 0.00832, 0.00873, 0.00845, 0.00861,
20	4	20	26123.452400417013	-840.4048991611583 0.01489, 0.01273, 0.00817, 0.00837, 0.00837, 0.00825,
0	6	40	28738.404150085844	-932.9479329067295 0.01363, 0.01166, 0.00794, 0.00817, 0.00811, 0.00812,
20	5	20	26121.404867652265	-840.4243767585658 0.01597, 0.01330, 0.00868, 0.00898, 0.00972, 0.00851,
0	7	40	28738.443101410172	-932.9497686638289 0.01292, 0.01190, 0.00796, 0.00821, 0.00813, 0.00806,
20	6	20	26121.49794572497	-840.4222358556217 0.01559, 0.01306, 0.00873, 0.00892, 0.00861, 0.00860,
0	8	40	28738.43646059418	-932.9494373867975 0.01339, 0.01167, 0.00799, 0.00779, 0.00751, 0.00772,
20	7	20	26121.533493247625	-840.4239031030164 0.01725, 0.01435, 0.00991, 0.00996, 0.00986, 0.00977,
20	3	40	26132.926874032415	-839.8519864389281 0.01477, 0.01266, 0.00820, 0.00821, 0.00835, 0.00858,
20	8	20	26121.526908312335	-840.4235843230416 0.01555, 0.01327, 0.00839, 0.00877, 0.00846, 0.01021,
20	4	40	26123.452400417013	-840.4048991611583 0.01492, 0.01351, 0.00961, 0.00995, 0.00961, 0.00982,
40	3	20	13837.540471493887	-830.007355641945 0.01753, 0.01545, 0.00950, 0.00961, 0.01002, 0.00962,
20	5	40	26121.404867652265	-840.4243767585658 0.01630, 0.01404, 0.00862, 0.00891, 0.01007, 0.00947,
40	4	20	13846.560789811016	-830.5750767152332 0.01681, 0.01393, 0.00940, 0.00929, 0.00918, 0.00935,
20	6	40	26121.49794572497	-840.4222358556217 0.01521, 0.01353, 0.00877, 0.00920, 0.00929, 0.00878,
40	5	20	13846.900272796733	-830.5964655408039 0.01449, 0.01277, 0.00850, 0.00855, 0.00858, 0.00852,
20	7	40	26121.533493247625	-840.4239031030164 0.01538, 0.01333, 0.00930, 0.00978, 0.00946, 0.00914,
40	6	20	13846.864616537052	-830.5942215632649 0.01696, 0.01328, 0.00882, 0.00920, 0.00878, 0.00884,
20	8	40	26121.526908312335	-840.4235843230416 0.01384, 0.01280, 0.00903, 0.00863, 0.00831, 0.00796,
40	7	20	13846.890983634654	-830.595881460106 0.01891, 0.01572, 0.01029, 0.00997, 0.01049, 0.00982,
40	3	40	13837.540471493887	-830.007355641945 0.01502, 0.01360, 0.00952, 0.00825, 0.00923, 0.00912,
40	8	20	13846.885940096276	-830.595563914292 0.01714, 0.01498, 0.00973, 0.00969, 0.01001, 0.00995,
40	4	40	13846.560789811016	-830.5750767152332 0.01448, 0.01326, 0.00823, 0.00896, 0.01021, 0.00994,
60	3	20	655.2461922780043	-0.10147753489897193 0.01764, 0.01450, 0.00988, 0.01044, 0.00978, 0.00982,
40	5	40	13846.900272796733	-830.5964655408039 0.01445, 0.01444, 0.00887, 0.00882, 0.00866, 0.01001,
60	4	20	655.2481606116073	-0.10143843657939411 0.01865, 0.01567, 0.00946, 0.00998, 0.01023, 0.00970,
40	6	40	13846.864616537052	-830.5942215632649 0.01530, 0.01348, 0.00925, 0.00836, 0.01082, 0.00965,
60	5	20	655.247931032858	-0.10144028290765095 0.02085, 0.01584, 0.00985, 0.00993, 0.00973, 0.01042,
40	7	40	13846.890983634654	-830.595881460106 0.01386, 0.01306, 0.00828, 0.00826, 0.00978, 0.00973,
60	6	20	655.2479214508073	-0.10144048128163263 0.01778, 0.01485, 0.00989, 0.00943, 0.00993, 0.01004,
40	8	40	13846.885940096276	-830.595563914292 0.01579, 0.01446, 0.00954, 0.00915, 0.00933, 0.00979,
60	7	20	655.2479233057703	-0.10144052518814994 0.01780, 0.01480, 0.00946, 0.00962, 0.00886, 0.00936,
60	3	40	655.2461922780043	-0.10147753489897193 0.01555, 0.01494, 0.00869, 0.00927, 0.00974, 0.00910,
60	8	20	655.2479236965905	-0.10144052550107063 0.01776, 0.01501, 0.01014, 0.00989, 0.01026, 0.01008,
60	4	40	655.2481606116073	-0.10143843657939411 0.01423, 0.01399, 0.00876, 0.00932, 0.00943, 0.00951,
80	3	20	655.2461922780043	-0.10147753489897193 0.01904, 0.01612, 0.01134, 0.01026, 0.01081, 0.00996,
60	5	40	655.247931032858	-0.10144028290765095 0.01704, 0.01424, 0.00908, 0.00925, 0.00940, 0.00920,
80	4	20	655.2481606116073	-0.10143843657939411 0.01711, 0.01476, 0.00947, 0.01002, 0.01041, 0.01064,
60	6	40	655.2479214508073	-0.10144048128163263 0.01882, 0.01902, 0.01216, 0.01128, 0.01190, 0.01105,
80	5	20	655.247931032858	-0.10144028290765095 0.01786, 0.01480, 0.00934, 0.00971, 0.00956, 0.00937,
60	7	40	655.2479233057703	-0.10144052518814994 0.01533, 0.01345, 0.00896, 0.00866, 0.00886, 0.00994,
80	6	20	655.2479214508073	-0.10144048128163263 0.01904, 0.01737, 0.01110, 0.01035, 0.01113, 0.01054,
60	8	40	655.2479236965905	-0.10144052550107063 0.01694, 0.01578, 0.01308, 0.01059, 0.01033, 0.01047,
80	7	20	655.2479233057703	-0.10144052518814994 0.01677, 0.01494, 0.00964, 0.00978, 0.00918, 0.00932,
80	3	40	655.2461922780043	-0.10147753489897193 0.01599, 0.01471, 0.00976, 0.01011, 0.01074, 0.00997,
80	8	20	655.2479236965905	-0.10144052550107063 0.01682, 0.01448, 0.00912, 0.00934, 0.00924, 0.00984,
80	4	40	655.2481606116073	-0.10143843657939411 0.01410, 0.01204, 0.00786, 0.00797, 0.00772, 0.00801,
0	3	20	28760.127404868763	-932.6237931602535 0.01766, 0.01390, 0.00912, 0.00933, 0.00918, 0.00902,
80	5	40	655.247931032858	-0.10144028290765095 0.01554, 0.01304, 0.00879, 0.00900, 0.00859, 0.00828,
0	4	20	28740.3384198216	-932.9213935586831 0.01683, 0.01380, 0.00872, 0.00904, 0.00913, 0.00916,
80	6	40	655.2479214508073	-0.10144048128163263 0.01485, 0.01320, 0.00922, 0.00998, 0.00928, 0.00908,
0	5	20	28738.316058283657	-932.9507886030561 0.01710, 0.01420, 0.00896, 0.00904, 0.00915, 0.00940,
80	7	40	655.2479233057703	-0.10144052518814994 0.01628, 0.01396, 0.00997, 0.00989, 0.00977, 0.01003,
0	6	20	28738.404150085844	-932.9479329067295 0.01876, 0.01659, 0.01050, 0.01049, 0.01093, 0.01030,
80	8	40	655.2479236965905	-0.10144052550107063 0.01786, 0.01901, 0.01102, 0.01061, 0.01043, 0.01054,
0	7	20	28738.443101410172	-932.9497686638289 0.01872, 0.01791, 0.00983, 0.00976, 0.01203, 0.01043,

0	8	20	28738.43646059418	-932.9494373867975 0.01726, 0.01485, 0.00975, 0.01017, 0.00949, 0.01057,
20	3	20	26132.926874032415	-839.8519864389281 0.01530, 0.01327, 0.00822, 0.00865, 0.00856, 0.00843,
20	4	20	26123.452400417013	-840.4048991611583 0.01353, 0.01224, 0.00749, 0.00774, 0.00793, 0.00789,
20	5	20	26121.404867652265	-840.4243767585658 0.01391, 0.01299, 0.00898, 0.00929, 0.00909, 0.00856,
20	6	20	26121.49794572497	-840.4222358556217 0.01410, 0.01218, 0.00890, 0.00872, 0.00864, 0.00970,
20	7	20	26121.533493247625	-840.4239031030164 0.01264, 0.01107, 0.00709, 0.00704, 0.00709, 0.00755,
20	8	20	26121.526908312335	-840.4235843230416 0.01337, 0.01257, 0.00871, 0.00894, 0.00814, 0.00810,
40	3	20	13837.540471493887	-830.007355641945 0.01345, 0.01150, 0.00749, 0.00761, 0.00800, 0.00788,
40	4	20	13846.560789811016	-830.5750767152332 0.01438, 0.01266, 0.00801, 0.00840, 0.00835, 0.00800,
40	5	20	13846.900272796733	-830.5964655408039 0.01346, 0.01111, 0.00771, 0.00765, 0.00745, 0.00835,
40	6	20	13846.864616537052	-830.5942215632649 0.01271, 0.01169, 0.00718, 0.00735, 0.00780, 0.00749,
40	7	20	13846.890983634654	-830.595881460106 0.01294, 0.01115, 0.00732, 0.00746, 0.00739, 0.00761,
40	8	20	13846.885940096276	-830.595563914292 0.01250, 0.01083, 0.00666, 0.00679, 0.00693, 0.00717,
60	3	20	655.2461922780043	-0.10147753489897193 0.01287, 0.01163, 0.00727, 0.00720, 0.00718, 0.00733,
60	4	20	655.2481606116073	-0.10143843657939411 0.01345, 0.01276, 0.00807, 0.00825, 0.00811, 0.00783,
60	5	20	655.247931032858	-0.10144028290765095 0.01320, 0.01272, 0.00798, 0.00812, 0.00912, 0.00839,
60	6	20	655.2479214508073	-0.10144048128163263 0.01302, 0.01280, 0.00813, 0.00834, 0.00825, 0.00826,
60	7	20	655.2479233057703	-0.10144052518814994 0.01214, 0.01173, 0.00734, 0.00748, 0.00763, 0.00758,
60	8	20	655.2479236965905	-0.10144052550107063 0.01284, 0.01244, 0.00792, 0.00766, 0.00776, 0.00800,
80	3	20	655.2461922780043	-0.10147753489897193 0.01327, 0.01236, 0.00770, 0.00775, 0.00776, 0.00780,
0	3	60	28760.127404868763	-932.6237931602535 0.01615, 0.01395, 0.00943, 0.00946, 0.00919, 0.00903,
80	4	20	655.2481606116073	-0.10143843657939411 0.01309, 0.01137, 0.00709, 0.00709, 0.00740, 0.00722,
0	4	60	28740.3384198216	-932.9213935586831 0.01779, 0.01816, 0.01458, 0.01362, 0.00961, 0.01330,
80	5	20	655.247931032858	-0.10144028290765095 0.01314, 0.01143, 0.00741, 0.00749, 0.00752, 0.00764,
0	5	60	28738.316058283657	-932.9507886030561 0.01499, 0.01297, 0.00910, 0.00882, 0.00880, 0.00875,
80	6	20	655.2479214508073	-0.10144048128163263 0.01377, 0.01209, 0.00757, 0.00782, 0.00759, 0.00769,
0	6	60	28738.404150085844	-932.9479329067295 0.04362, 0.04290, 0.01736, 0.01757, 0.01791, 0.01334,
80	7	20	655.2479233057703	-0.10144052518814994 0.01575, 0.01377, 0.00884, 0.00908, 0.00899, 0.00923,
0	7	60	28738.443101410172	-932.9497686638289 0.01842, 0.01578, 0.00990, 0.01072, 0.01056, 0.01023,
80	8	20	655.2479236965905	-0.10144052550107063 0.01531, 0.01450, 0.00861, 0.00896, 0.01030, 0.01064,
0	8	60	28738.43646059418	-932.9494373867975 0.01996, 0.01692, 0.01191, 0.01176, 0.01151, 0.01220,
0	3	20	28760.127404868763	-932.623793160253520	3	60	26132.926874032415	-839.8519864389281 0.02195, 0.01929, 0.01379, 0.01196, 0.01196, 0.01231,
 0.02194, 0.01649, 0.01279, 0.01411, 0.01492, 0.01633,
0	4	20	28740.3384198216	-932.921393558683120	4	60	26123.452400417013	-840.4048991611583 0.02393, 0.02404, 0.01399, 0.02057, 0.01345, 0.01378,
 0.04049, 0.04538, 0.01534, 0.01627, 0.01503, 0.01348,
0	5	20	28738.316058283657	-932.950788603056120	5	60	26121.404867652265	-840.4243767585658 0.01698, 0.01737, 0.01533, 0.01540, 0.01110, 0.01118, 0.01112, 0.01104, 0.01131, 0.01166, 0.01112, 0.01112,

20	6	60	26121.49794572497	-840.42223585562170	6	20	28738.404150085844	-932.9479329067295 0.01548, 0.01420, 0.00953, 0.00962, 0.00931, 0.00943,
 0.01551, 0.01356, 0.00852, 0.00880, 0.00884, 0.00891,
0	7	20	28738.443101410172	-932.949768663828920	7	60	26121.533493247625	-840.4239031030164 0.01396, 0.01187, 0.00782, 0.00768, 0.00767, 0.00790,
 0.01634, 0.01499, 0.01063, 0.00995, 0.00999, 0.00885,
20	8	60	26121.526908312335	-840.42358432304160	8	20	28738.43646059418	-932.9494373867975 0.01514, 0.01285, 0.00837, 0.00864, 0.00896, 0.00871,
 0.01368, 0.01209, 0.00823, 0.00841, 0.00844, 0.00861,
40	3	60	13837.540471493887	-830.00735564194520	3	20	26132.926874032415	-839.8519864389281 0.01478, 0.01258, 0.00823, 0.00845, 0.00834, 0.00845,
 0.01537, 0.01276, 0.00815, 0.00826, 0.00902, 0.00828,
40	4	60	13846.560789811016	-830.575076715233220	4	20	26123.452400417013	-840.4048991611583 0.01473, 0.01268, 0.00777, 0.00805, 0.00869, 0.00878,
 0.01377, 0.01195, 0.00760, 0.00797, 0.00804, 0.00841,
40	5	60	13846.900272796733	-830.596465540803920	5	20	26121.404867652265	-840.4243767585658 0.01422, 0.01301, 0.00838, 0.00850, 0.00775, 0.00805,
 0.01468, 0.01210, 0.00788, 0.00797, 0.00750, 0.00789,
40	6	60	13846.864616537052	-830.594221563264920	6	20	26121.49794572497	-840.4222358556217 0.01418, 0.01221, 0.00805, 0.00815, 0.00807, 0.00818,
 0.01383, 0.01246, 0.00973, 0.00905, 0.00861, 0.00897,
40	7	60	13846.890983634654	-830.59588146010620	7	20	26121.533493247625	-840.4239031030164 0.01401, 0.01191, 0.00755, 0.00770, 0.00778, 0.00788,
 0.01348, 0.01153, 0.00803, 0.00837, 0.00813, 0.00793,
40	8	60	13846.885940096276	-830.59556391429220	8	20	26121.526908312335	-840.4235843230416 0.01391, 0.01181, 0.00763, 0.00790, 0.00772, 0.00734,
 0.01289, 0.01104, 0.00717, 0.00733, 0.00728, 0.00727,
60	3	60	655.2461922780043	-0.1014775348989719340	3	20	13837.540471493887	-830.007355641945 0.01299, 0.01280, 0.00803, 0.00785, 0.00786, 0.00817,
 0.01276, 0.01154, 0.00850, 0.00834, 0.00804, 0.00824,
60	4	60	655.2481606116073	-0.1014384365793941140	4	20	13846.560789811016	-830.5750767152332 0.01342, 0.01160, 0.00774, 0.00843, 0.00788, 0.00956,
 0.01368, 0.01209, 0.00852, 0.00914, 0.00866, 0.00799,
60	5	60	655.247931032858	-0.1014402829076509540	5	20	13846.900272796733	-830.5964655408039 0.01461, 0.01084, 0.00771, 0.00799, 0.00896, 0.00800,
 0.01344, 0.01175, 0.00795, 0.00808, 0.00818, 0.01047,
60	6	60	655.2479214508073	-0.10144048128163263 0.01307, 0.01114, 0.00709, 0.00719, 0.00757, 0.00759,
40	6	20	13846.864616537052	-830.5942215632649 0.04158, 0.02283, 0.01546, 0.01603, 0.01114, 0.01107,
60	7	60	655.2479233057703	-0.10144052518814994 0.01350, 0.01184, 0.00795, 0.00797, 0.00814, 0.00804,
40	7	20	13846.890983634654	-830.595881460106 0.05071, 0.04642, 0.01477, 0.01601, 0.01598, 0.01621,
60	8	60	655.2479236965905	-0.10144052550107063 0.01483, 0.01273, 0.00809, 0.00828, 0.00862, 0.00816,
40	8	20	13846.885940096276	-830.595563914292 0.03571, 0.03118, 0.01938, 0.02238, 0.02275, 0.02090,
80	3	60	655.2461922780043	-0.10147753489897193 0.01289, 0.01114, 0.00742, 0.00725, 0.00732, 0.00744,
60	3	20	655.2461922780043	-0.10147753489897193 0.01359, 0.01249, 0.00861, 0.00842, 0.00869, 0.00951,
80	4	60	655.2481606116073	-0.10143843657939411 0.01317, 0.01128, 0.00758, 0.00769, 0.00723, 0.00726,
60	4	20	655.2481606116073	-0.10143843657939411 0.01331, 0.01152, 0.00763, 0.00792, 0.00877, 0.00839,
80	5	60	655.247931032858	-0.10144028290765095 0.01348, 0.01173, 0.00798, 0.00837, 0.00810, 0.00794,
60	5	20	655.247931032858	-0.10144028290765095 0.01995, 0.01692, 0.01367, 0.01202, 0.01128, 0.00914,
80	6	60	655.2479214508073	-0.10144048128163263 0.01370, 0.01150, 0.00747, 0.00762, 0.00758, 0.00735,
60	6	20	655.2479214508073	-0.10144048128163263 0.05324, 0.02224, 0.01558, 0.01500, 0.01461, 0.01033,
80	7	60	655.2479233057703	-0.10144052518814994 0.01408, 0.01199, 0.00823, 0.00768, 0.00772, 0.00705,
60	7	20	655.2479233057703	-0.10144052518814994 0.01287, 0.01122, 0.00749, 0.00762, 0.00755, 0.00767,
80	8	60	655.2479236965905	-0.10144052550107063 0.01316, 0.01196, 0.00892, 0.00842, 0.00944, 0.00829,
60	8	20	655.2479236965905	-0.10144052550107063 0.01318, 0.01159, 0.00774, 0.00820, 0.00843, 0.00796,

80	3	20	655.2461922780043	-0.10147753489897193 0.01241, 0.01084, 0.00700, 0.00736, 0.00787, 0.00743,
80	4	20	655.2481606116073	-0.10143843657939411 0.01431, 0.01220, 0.00805, 0.00784, 0.00915, 0.00922,
80	5	20	655.247931032858	-0.10144028290765095 0.01267, 0.01090, 0.00723, 0.00705, 0.00778, 0.00748,
80	6	20	655.2479214508073	-0.10144048128163263 0.01189, 0.01000, 0.00663, 0.00676, 0.00692, 0.00685,
80	7	20	655.2479233057703	-0.10144052518814994 0.01191, 0.01058, 0.00740, 0.00723, 0.00735, 0.00737,
80	8	20	655.2479236965905	-0.10144052550107063 0.01195, 0.01088, 0.00714, 0.00732, 0.00698, 0.00700,

0	3	80	28760.127404868763	-932.6237931602535 0.01259, 0.01795, 0.00704, 0.00712, 0.00720, 0.00689,
0	4	80	28740.3384198216	-932.9213935586831 0.01471, 0.01327, 0.00871, 0.00885, 0.00929, 0.00862,
0	5	80	28738.316058283657	-932.9507886030561 0.01416, 0.01289, 0.00843, 0.00914, 0.00900, 0.00859,
0	6	80	28738.404150085844	-932.9479329067295 0.01509, 0.01308, 0.00923, 0.00918, 0.00895, 0.00871,
0	7	80	28738.443101410172	-932.9497686638289 0.01462, 0.01364, 0.00944, 0.00905, 0.00877, 0.00911,
0	8	80	28738.43646059418	-932.9494373867975 0.01512, 0.01288, 0.00879, 0.00958, 0.00948, 0.01017,
20	3	80	26132.926874032415	-839.8519864389281 0.01390, 0.01264, 0.00794, 0.00834, 0.00921, 0.00872,
20	4	80	26123.452400417013	-840.4048991611583 0.01567, 0.01365, 0.00860, 0.00866, 0.00892, 0.00894,
0	3	40	28760.127404868763	-932.6237931602535 0.01689, 0.01351, 0.00848, 0.00881, 0.00900, 0.00917,
20	5	80	26121.404867652265	-840.4243767585658 0.01580, 0.01360, 0.00917, 0.00912, 0.00901, 0.00936,
0	4	40	28740.3384198216	-932.9213935586831 0.01766, 0.01455, 0.00884, 0.00893, 0.00916, 0.00916,
20	6	80	26121.49794572497	-840.4222358556217 0.01512, 0.01350, 0.00878, 0.00896, 0.00908, 0.00950,
0	5	40	28738.316058283657	-932.9507886030561 0.01762, 0.01483, 0.00899, 0.00914, 0.00888, 0.00858,
20	7	80	26121.533493247625	-840.4239031030164 0.01605, 0.01455, 0.00967, 0.00990, 0.00937, 0.00939,
0	6	40	28738.404150085844	-932.9479329067295 0.01717, 0.01415, 0.00907, 0.00905, 0.01058, 0.00972,
20	8	80	26121.526908312335	-840.4235843230416 0.01615, 0.01322, 0.00892, 0.00953, 0.00912, 0.00894,
0	7	40	28738.443101410172	-932.9497686638289 0.01682, 0.01420, 0.00999, 0.00999, 0.01019, 0.00991,
40	3	80	13837.540471493887	-830.007355641945 0.01627, 0.01409, 0.00925, 0.00908, 0.00885, 0.00893,
0	8	40	28738.43646059418	-932.9494373867975 0.01677, 0.01398, 0.00837, 0.00872, 0.00858, 0.00889,
40	4	80	13846.560789811016	-830.5750767152332 0.01781, 0.01519, 0.00993, 0.00965, 0.00958, 0.01054,
20	3	40	26132.926874032415	-839.8519864389281 0.01699, 0.01448, 0.00924, 0.00941, 0.00877, 0.00886,
40	5	80	13846.900272796733	-830.5964655408039 0.01673, 0.01542, 0.00875, 0.00902, 0.00905, 0.00942,
20	4	40	26123.452400417013	-840.4048991611583 0.01877, 0.01451, 0.00917, 0.00930, 0.00900, 0.00934,
40	6	80	13846.864616537052	-830.5942215632649 0.01612, 0.01402, 0.00884, 0.00868, 0.00886, 0.00980,
20	5	40	26121.404867652265	-840.4243767585658 0.01750, 0.01473, 0.00872, 0.00916, 0.00903, 0.00900,
40	7	80	13846.890983634654	-830.595881460106 0.01635, 0.01406, 0.00890, 0.00933, 0.00966, 0.00949,
20	6	40	26121.49794572497	-840.4222358556217 0.01744, 0.01455, 0.00919, 0.00908, 0.00860, 0.01101,
40	8	80	13846.885940096276	-830.595563914292 0.01504, 0.01335, 0.00888, 0.00918, 0.00872, 0.00860,
20	7	40	26121.533493247625	-840.4239031030164 0.01678, 0.01461, 0.00899, 0.00951, 0.00903, 0.00909,
60	3	80	655.2461922780043	-0.10147753489897193 0.01696, 0.01391, 0.00960, 0.00936, 0.00895, 0.00911,
20	8	40	26121.526908312335	-840.4235843230416 0.01626, 0.01389, 0.00858, 0.00946, 0.00941, 0.00918,
60	4	80	655.2481606116073	-0.10143843657939411 0.01667, 0.01503, 0.00929, 0.00966, 0.00973, 0.00977,
40	3	40	13837.540471493887	-830.007355641945 0.02420, 0.01626, 0.00948, 0.00955, 0.00934, 0.00930,
60	5	80	655.247931032858	-0.10144028290765095 0.01572, 0.01410, 0.00927, 0.01076, 0.00997, 0.01020,
40	4	40	13846.560789811016	-830.5750767152332 0.01809, 0.01420, 0.00879, 0.00896, 0.00915, 0.00853,
60	6	80	655.2479214508073	-0.10144048128163263 0.01757, 0.01451, 0.00949, 0.00985, 0.00958, 0.00932,
40	5	40	13846.900272796733	-830.5964655408039 0.01669, 0.01428, 0.00881, 0.00902, 0.00911, 0.00913,
60	7	80	655.2479233057703	-0.10144052518814994 0.01724, 0.01594, 0.01034, 0.01014, 0.00985, 0.01003,
40	6	40	13846.864616537052	-830.5942215632649 0.01718, 0.01425, 0.00905, 0.00922, 0.00901, 0.00916,
60	8	80	655.2479236965905	-0.10144052550107063 0.01603, 0.01359, 0.00870, 0.00926, 0.01030, 0.00979,
40	7	40	13846.890983634654	-830.595881460106 0.01722, 0.01492, 0.00852, 0.00902, 0.00997, 0.00966,
80	3	80	655.2461922780043	-0.10147753489897193 0.01677, 0.01432, 0.00915, 0.00911, 0.00923, 0.00953,
40	8	40	13846.885940096276	-830.595563914292 0.01755, 0.01373, 0.00881, 0.00887, 0.01052, 0.01019,
80	4	80	655.2481606116073	-0.10143843657939411 0.01823, 0.01574, 0.01011, 0.00983, 0.00985, 0.00953,
60	3	40	655.2461922780043	-0.10147753489897193 0.01718, 0.01532, 0.00929, 0.00951, 0.00932, 0.00926,
80	5	80	655.247931032858	-0.10144028290765095 0.01687, 0.01435, 0.00927, 0.00947, 0.00983, 0.00919,
60	4	40	655.2481606116073	-0.10143843657939411 0.01677, 0.01462, 0.00948, 0.00973, 0.01040, 0.00926,
80	6	80	655.2479214508073	-0.10144048128163263 0.01657, 0.01402, 0.00892, 0.00947, 0.00917, 0.00909,
60	5	40	655.247931032858	-0.10144028290765095 0.01705, 0.01472, 0.00953, 0.00961, 0.00876, 0.00903,
80	7	80	655.2479233057703	-0.10144052518814994 0.01699, 0.01391, 0.00862, 0.00988, 0.01007, 0.00983,
60	6	40	655.2479214508073	-0.10144048128163263 0.01799, 0.01512, 0.00939, 0.00911, 0.00908, 0.00912,
80	8	80	655.2479236965905	-0.10144052550107063 0.01626, 0.01434, 0.00937, 0.00972, 0.00928, 0.00952,
60	7	40	655.2479233057703	-0.10144052518814994 0.01552, 0.01385, 0.00826, 0.00867, 0.00922, 0.00890,

60	8	40	655.2479236965905	-0.10144052550107063 0.01512, 0.01321, 0.00827, 0.00854, 0.00862, 0.00877,
80	3	40	655.2461922780043	-0.10147753489897193 0.01454, 0.01252, 0.00824, 0.00844, 0.00847, 0.00871,
80	4	40	655.2481606116073	-0.10143843657939411 0.01588, 0.01576, 0.00903, 0.00863, 0.00848, 0.00853,
80	5	40	655.247931032858	-0.10144028290765095 0.01505, 0.01209, 0.00880, 0.00816, 0.00809, 0.00863,
80	6	40	655.2479214508073	-0.10144048128163263 0.01456, 0.01313, 0.00814, 0.00809, 0.00964, 0.00848,
80	7	40	655.2479233057703	-0.10144052518814994 0.01364, 0.01195, 0.00811, 0.00771, 0.00785, 0.00785,
80	8	40	655.2479236965905	-0.10144052550107063 0.01360, 0.01238, 0.00800, 0.00814, 0.00850, 0.00827,
0	3	40	28760.127404868763	-932.6237931602535 0.01514, 0.01234, 0.00796, 0.00826, 0.00813, 0.00779,
0	4	40	28740.3384198216	-932.9213935586831 0.01489, 0.01238, 0.00796, 0.00796, 0.00781, 0.00845,
0	5	40	28738.316058283657	-932.9507886030561 0.01403, 0.01219, 0.00808, 0.00848, 0.00811, 0.00796,
0	6	40	28738.404150085844	-932.9479329067295 0.01418, 0.01252, 0.00820, 0.00887, 0.00831, 0.00834,
0	7	40	28738.443101410172	-932.9497686638289 0.01336, 0.01201, 0.00805, 0.00789, 0.00786, 0.00791,
0	8	40	28738.43646059418	-932.9494373867975 0.01384, 0.01345, 0.00782, 0.00784, 0.00779, 0.00772,
20	3	40	26132.926874032415	-839.8519864389281 0.01344, 0.01259, 0.00828, 0.00828, 0.00838, 0.00830,
20	4	40	26123.452400417013	-840.4048991611583 0.01423, 0.01260, 0.00822, 0.00866, 0.00826, 0.00874,
20	5	40	26121.404867652265	-840.4243767585658 0.01314, 0.01275, 0.00802, 0.00821, 0.00819, 0.00815,
20	6	40	26121.49794572497	-840.4222358556217 0.01394, 0.01302, 0.00813, 0.00838, 0.00861, 0.00845,
20	7	40	26121.533493247625	-840.4239031030164 0.01379, 0.01215, 0.00781, 0.00777, 0.00769, 0.00792,
20	8	40	26121.526908312335	-840.4235843230416 0.01334, 0.01250, 0.00789, 0.00783, 0.00783, 0.00789,
40	3	40	13837.540471493887	-830.007355641945 0.01548, 0.01337, 0.00863, 0.00869, 0.00875, 0.00859,
0	3	100	28760.127404868763	-932.6237931602535 0.01796, 0.01658, 0.01127, 0.01077, 0.01091, 0.01040,
40	4	40	13846.560789811016	-830.5750767152332 0.01518, 0.01305, 0.00831, 0.00856, 0.00855, 0.00831,
0	4	100	28740.3384198216	-932.9213935586831 0.01791, 0.01504, 0.01030, 0.01035, 0.00987, 0.01104,
40	5	40	13846.900272796733	-830.5964655408039 0.01464, 0.01258, 0.00818, 0.00858, 0.00847, 0.00837,
0	5	100	28738.316058283657	-932.9507886030561 0.01726, 0.01531, 0.00965, 0.00972, 0.01133, 0.01110,
40	6	40	13846.864616537052	-830.5942215632649 0.01475, 0.01302, 0.00830, 0.00917, 0.00849, 0.00843,
0	6	100	28738.404150085844	-932.9479329067295 0.01718, 0.01560, 0.00959, 0.01061, 0.00927, 0.00966,
40	7	40	13846.890983634654	-830.595881460106 0.01525, 0.01314, 0.00830, 0.00846, 0.00840, 0.00855,
0	7	100	28738.443101410172	-932.9497686638289 0.01597, 0.01436, 0.00949, 0.00934, 0.00935, 0.00996,
40	8	40	13846.885940096276	-830.595563914292 0.01651, 0.01440, 0.00897, 0.00896, 0.00876, 0.00886,
0	8	100	28738.43646059418	-932.9494373867975 0.01612, 0.01457, 0.00941, 0.00947, 0.00916, 0.00923,
60	3	40	655.2461922780043	-0.10147753489897193 0.01643, 0.01380, 0.00891, 0.00919, 0.00901, 0.00892,
20	3	100	26132.926874032415	-839.8519864389281 0.01718, 0.01441, 0.00925, 0.00942, 0.01027, 0.01002,
60	4	40	655.2481606116073	-0.10143843657939411 0.01552, 0.01325, 0.00863, 0.00877, 0.00886, 0.00887,
20	4	100	26123.452400417013	-840.4048991611583 0.01909, 0.01594, 0.00980, 0.01065, 0.01038, 0.00996,
60	5	40	655.247931032858	-0.1014402829076509520	5	100	26121.404867652265	-840.4243767585658 0.01398, 0.01200, 0.00776, 0.00789, 0.00770, 0.00779,
 0.01583, 0.01413, 0.00935, 0.00929, 0.01052, 0.00968,
60	6	40	655.2479214508073	-0.1014404812816326320	6	100	26121.49794572497	-840.4222358556217 0.01447, 0.01359, 0.00832, 0.00799, 0.00822, 0.00834,
 0.01801, 0.01559, 0.01002, 0.00896, 0.00907, 0.00911,
20	7	100	26121.533493247625	-840.423903103016460	7	40	655.2479233057703	-0.10144052518814994 0.01614, 0.01386, 0.00850, 0.00867, 0.00861, 0.01123,
 0.01431, 0.01307, 0.00809, 0.00824, 0.00832, 0.00843,
20	8	100	26121.526908312335	-840.4235843230416 0.01656, 0.01455, 0.00893, 0.00883, 0.00942, 0.00895,
60	8	40	655.2479236965905	-0.10144052550107063 0.04042, 0.03742, 0.02892, 0.03038, 0.03058, 0.03171,
40	3	100	13837.540471493887	-830.007355641945 0.01628, 0.01446, 0.00971, 0.00943, 0.00919, 0.00924,
80	3	40	655.2461922780043	-0.10147753489897193 0.01546, 0.01349, 0.00829, 0.00843, 0.00848, 0.00840,
40	4	100	13846.560789811016	-830.5750767152332 0.01647, 0.01471, 0.00975, 0.00978, 0.00997, 0.00898,
80	4	40	655.2481606116073	-0.10143843657939411 0.01541, 0.01393, 0.00895, 0.00922, 0.00889, 0.00891,
40	5	100	13846.900272796733	-830.5964655408039 0.01636, 0.01392, 0.00833, 0.00844, 0.00866, 0.00952,
80	5	40	655.247931032858	-0.10144028290765095 0.03327, 0.02118, 0.01229, 0.01136, 0.01106, 0.01107,
40	6	100	13846.864616537052	-830.5942215632649 0.01559, 0.01406, 0.00953, 0.00887, 0.00834, 0.00867,
80	6	40	655.2479214508073	-0.10144048128163263 0.03139, 0.02779, 0.01218, 0.01082, 0.01021, 0.01065,
40	7	100	13846.890983634654	-830.595881460106 0.01635, 0.01384, 0.00871, 0.00890, 0.00912, 0.00985,
80	7	40	655.2479233057703	-0.10144052518814994 0.01842, 0.01655, 0.01177, 0.01187, 0.01174, 0.01183,
40	8	100	13846.885940096276	-830.595563914292 0.01662, 0.01480, 0.00944, 0.00959, 0.00970, 0.00966,
80	8	40	655.2479236965905	-0.10144052550107063 0.02339, 0.02070, 0.01214, 0.01574, 0.01549, 0.01286,
60	3	100	655.2461922780043	-0.101477534898971930	3	40	28760.127404868763	-932.6237931602535 0.01663, 0.01414, 0.00853, 0.00865, 0.00861, 0.00957,
 0.01600, 0.01341, 0.00874, 0.00879, 0.00871, 0.00904,
60	4	100	655.2481606116073	-0.101438436579394110	4	40	28740.3384198216	-932.9213935586831 0.01628, 0.01440, 0.00991, 0.00942, 0.00900, 0.00938,
 0.01571, 0.01380, 0.00937, 0.00901, 0.00925, 0.00969,
60	5	100	655.247931032858	-0.101440282907650950	5	40	28738.316058283657	-932.9507886030561 0.01601, 0.01377, 0.00932, 0.00941, 0.00901, 0.00941,
 0.01607, 0.01397, 0.00922, 0.00946, 0.00931, 0.00913,
60	6	100	655.2479214508073	-0.101440481281632630	6	40	28738.404150085844	-932.9479329067295 0.01793, 0.01476, 0.00984, 0.00965, 0.00922, 0.00940,
 0.01590, 0.01374, 0.00982, 0.00931, 0.00890, 0.00891,
0	7	40	28738.443101410172	-932.949768663828960	7	100	655.2479233057703	-0.10144052518814994 0.01419, 0.01273, 0.00845, 0.00889, 0.01009, 0.00999,
 0.01702, 0.01490, 0.00950, 0.00971, 0.00999, 0.00953,
60	8	100	655.2479236965905	-0.101440525501070630	8	40	28738.43646059418	-932.9494373867975 0.01398, 0.01246, 0.00838, 0.00862, 0.00892, 0.00912,
 0.01386, 0.01213, 0.00888, 0.00896, 0.00887, 0.00852,
80	3	100	655.2461922780043	-0.1014775348989719320	3	40	26132.926874032415	-839.8519864389281 0.01639, 0.01500, 0.00989, 0.00961, 0.00993, 0.00948,
 0.01600, 0.01353, 0.00866, 0.00882, 0.00893, 0.00971,
80	4	100	655.2481606116073	-0.1014384365793941120	4	40	26123.452400417013	-840.4048991611583 0.01612, 0.01437, 0.00852, 0.00878, 0.00886, 0.00925,
 0.01514, 0.01345, 0.00943, 0.00901, 0.00927, 0.00914,
80	5	100	655.247931032858	-0.10144028290765095 0.01703, 0.01485, 0.00949, 0.00954, 0.00961, 0.00977,
20	5	40	26121.404867652265	-840.4243767585658 0.02039, 0.01705, 0.01111, 0.01180, 0.01211, 0.01342,
80	6	100	655.2479214508073	-0.10144048128163263 0.01673, 0.01546, 0.01080, 0.01041, 0.00982, 0.01017,
20	6	40	26121.49794572497	-840.4222358556217 0.03334, 0.03171, 0.01415, 0.01281, 0.01316, 0.01255,
80	7	100	655.2479233057703	-0.10144052518814994 0.01833, 0.01604, 0.00965, 0.00963, 0.00945, 0.00926,
20	7	40	26121.533493247625	-840.4239031030164 0.02507, 0.02128, 0.01238, 0.00977, 0.01220, 0.01327,
80	8	100	655.2479236965905	-0.10144052550107063 0.01636, 0.01452, 0.00911, 0.00918, 0.00981, 0.00943,
20	8	40	26121.526908312335	-840.4235843230416 0.01375, 0.01120, 0.00797, 0.00811, 0.00771, 0.00817,
40	3	40	13837.540471493887	-830.007355641945 0.01385, 0.01270, 0.00784, 0.00764, 0.00745, 0.00713,
40	4	40	13846.560789811016	-830.5750767152332 0.01332, 0.01183, 0.00830, 0.00789, 0.00835, 0.00853,
40	5	40	13846.900272796733	-830.5964655408039 0.01335, 0.01124, 0.00737, 0.00737, 0.00719, 0.00703,
40	6	40	13846.864616537052	-830.5942215632649 0.01260, 0.01107, 0.00719, 0.00732, 0.00744, 0.00750,
40	7	40	13846.890983634654	-830.595881460106 0.01340, 0.01097, 0.00694, 0.00700, 0.00698, 0.00741,
40	8	40	13846.885940096276	-830.595563914292 0.01290, 0.01198, 0.00776, 0.00760, 0.00780, 0.00755,
60	3	40	655.2461922780043	-0.10147753489897193 0.01269, 0.01075, 0.00701, 0.00724, 0.00774, 0.00728,
60	4	40	655.2481606116073	-0.10143843657939411 0.01336, 0.01134, 0.00720, 0.00724, 0.00734, 0.00694,
60	5	40	655.247931032858	-0.10144028290765095 0.01381, 0.01145, 0.00745, 0.00754, 0.00753, 0.00752,
60	6	40	655.2479214508073	-0.10144048128163263 0.01315, 0.01227, 0.00817, 0.00859, 0.00820, 0.00812,
60	7	40	655.2479233057703	-0.10144052518814994 0.01313, 0.01126, 0.00748, 0.00756, 0.00739, 0.00710,
60	8	40	655.2479236965905	-0.10144052550107063 0.01327, 0.01097, 0.00719, 0.00703, 0.00707, 0.00711,
80	3	40	655.2461922780043	-0.10147753489897193 0.01387, 0.01133, 0.00733, 0.00744, 0.00748, 0.00761,
80	4	40	655.2481606116073	-0.10143843657939411 0.01304, 0.01297, 0.00862, 0.00817, 0.00774, 0.00728,
80	5	40	655.247931032858	-0.10144028290765095 0.01245, 0.01080, 0.00727, 0.00732, 0.00728, 0.00734,
80	6	40	655.2479214508073	-0.10144048128163263 0.01332, 0.01101, 0.00731, 0.00727, 0.00713, 0.00737,
80	7	40	655.2479233057703	-0.10144052518814994 0.01323, 0.01100, 0.00721, 0.00771, 0.00734, 0.00757,
80	8	40	655.2479236965905	-0.10144052550107063 0.01298, 0.01135, 0.00732, 0.00745, 0.00764, 0.00765,
0	3	40	28760.127404868763	-932.6237931602535 0.01288, 0.01110, 0.00724, 0.00736, 0.00751, 0.00742,
0	4	40	28740.3384198216	-932.9213935586831 0.01238, 0.01063, 0.00719, 0.00746, 0.00749, 0.00776,
0	5	40	28738.316058283657	-932.9507886030561 0.01308, 0.01135, 0.00826, 0.00847, 0.00846, 0.00809,
0	6	40	28738.404150085844	-932.9479329067295 0.01272, 0.01081, 0.00705, 0.00698, 0.00710, 0.00707,
0	7	40	28738.443101410172	-932.9497686638289 0.01330, 0.01107, 0.00729, 0.00746, 0.00705, 0.00718,
0	8	40	28738.43646059418	-932.9494373867975 0.01275, 0.01125, 0.00741, 0.00752, 0.00745, 0.00769,
20	3	40	26132.926874032415	-839.8519864389281 0.01291, 0.01234, 0.00788, 0.00744, 0.00759, 0.00720,
20	4	40	26123.452400417013	-840.4048991611583 0.01319, 0.01110, 0.00716, 0.00736, 0.00706, 0.00717,
20	5	40	26121.404867652265	-840.4243767585658 0.01343, 0.01086, 0.00707, 0.00706, 0.00707, 0.00721,
20	6	40	26121.49794572497	-840.4222358556217 0.01300, 0.01108, 0.00764, 0.00746, 0.00754, 0.00706,
20	7	40	26121.533493247625	-840.4239031030164 0.01385, 0.01152, 0.00767, 0.00768, 0.00787, 0.00746,
20	8	40	26121.526908312335	-840.4235843230416 0.01324, 0.01138, 0.00767, 0.00751, 0.00749, 0.00723,
40	3	40	13837.540471493887	-830.007355641945 0.01367, 0.01133, 0.00729, 0.00734, 0.00771, 0.00764,
40	4	40	13846.560789811016	-830.5750767152332 0.01302, 0.01160, 0.00716, 0.00717, 0.00734, 0.00724,
40	5	40	13846.900272796733	-830.5964655408039 0.01300, 0.01108, 0.00727, 0.00719, 0.00739, 0.00801,
40	6	40	13846.864616537052	-830.5942215632649 0.01537, 0.01320, 0.00872, 0.00923, 0.00887, 0.01025,
40	7	40	13846.890983634654	-830.595881460106 0.01339, 0.01145, 0.00734, 0.00719, 0.00714, 0.00710,
40	8	40	13846.885940096276	-830.595563914292 0.01582, 0.01460, 0.00863, 0.00871, 0.00966, 0.00955,
60	3	40	655.2461922780043	-0.10147753489897193 0.01673, 0.01336, 0.00841, 0.00821, 0.00863, 0.00846,
60	4	40	655.2481606116073	-0.10143843657939411 0.01469, 0.01347, 0.01000, 0.01043, 0.00890, 0.00918,
60	5	40	655.247931032858	-0.10144028290765095 0.01451, 0.01436, 0.00879, 0.00863, 0.00912, 0.00873,
60	6	40	655.2479214508073	-0.10144048128163263 0.01324, 0.01196, 0.00782, 0.00771, 0.00775, 0.00811,
60	7	40	655.2479233057703	-0.10144052518814994 0.01813, 0.01543, 0.01023, 0.00964, 0.01034, 0.01038,
60	8	40	655.2479236965905	-0.10144052550107063 0.01592, 0.01407, 0.00939, 0.00881, 0.00842, 0.00852,
80	3	40	655.2461922780043	-0.10147753489897193 0.01309, 0.01148, 0.00752, 0.00770, 0.00774, 0.00766,
80	4	40	655.2481606116073	-0.10143843657939411 0.01504, 0.01224, 0.00803, 0.00821, 0.00926, 0.00855,
80	5	40	655.247931032858	-0.10144028290765095 0.01421, 0.01287, 0.00894, 0.00900, 0.00879, 0.00825,
80	6	40	655.2479214508073	-0.10144048128163263 0.01535, 0.01249, 0.00785, 0.00776, 0.00767, 0.00779,
80	7	40	655.2479233057703	-0.10144052518814994 0.01382, 0.01161, 0.00752, 0.00770, 0.00745, 0.00780,
80	8	40	655.2479236965905	-0.10144052550107063 0.01292, 0.01118, 0.00733, 0.00735, 0.00739, 0.00754,
0	3	40	28760.127404868763	-932.6237931602535 0.01263, 0.01129, 0.00721, 0.00711, 0.00708, 0.00733,
0	4	40	28740.3384198216	-932.9213935586831 0.01316, 0.01107, 0.00738, 0.00745, 0.00758, 0.00762,
0	5	40	28738.316058283657	-932.9507886030561 0.01276, 0.01103, 0.00714, 0.00739, 0.00754, 0.00727,
0	6	40	28738.404150085844	-932.9479329067295 0.01641, 0.01427, 0.00800, 0.00878, 0.01018, 0.00944,
0	7	40	28738.443101410172	-932.9497686638289 0.01502, 0.01309, 0.00855, 0.00815, 0.00800, 0.00925,
0	8	40	28738.43646059418	-932.9494373867975 0.01441, 0.01288, 0.00859, 0.00900, 0.00840, 0.00818,
20	3	40	26132.926874032415	-839.8519864389281 0.01594, 0.01276, 0.00817, 0.00836, 0.00854, 0.00823,
20	4	40	26123.452400417013	-840.4048991611583 0.01504, 0.01325, 0.00888, 0.00864, 0.00860, 0.00900,
20	5	40	26121.404867652265	-840.4243767585658 0.01636, 0.01828, 0.00989, 0.01109, 0.00972, 0.00942,
20	6	40	26121.49794572497	-840.4222358556217 0.01498, 0.01338, 0.00815, 0.00809, 0.00790, 0.00781,
